order_item_id,order_id,product_id,quantity,unit_price,discount
1,1,19,4,249.49,0
2,2,8,5,314.61,0.1
3,2,17,5,182.53,0.15
4,2,24,5,257.36,0
5,3,12,4,204.04,0
6,3,1,3,227.98,0.05
7,4,10,2,138.55,0.1
8,4,11,4,65.78,0
9,4,15,4,186.42,0
10,5,26,1,266.19,0
11,6,30,2,34.5,0.1
12,6,24,2,257.36,0.1
13,7,26,2,266.19,0
14,7,13,4,38.88,0.05
15,8,13,2,38.88,0
16,8,1,1,227.98,0.1
17,8,23,1,163.2,0.1
18,8,7,2,54.0,0
19,9,17,4,182.53,0.1
20,9,21,4,146.97,0.1
21,9,11,1,65.78,0
22,9,20,3,112.54,0.05
23,10,30,1,34.5,0.15
24,10,20,2,112.54,0
25,10,19,1,249.49,0
26,11,17,4,182.53,0.1
27,11,13,2,38.88,0.1
28,12,18,4,90.87,0
29,12,6,2,110.86,0
30,13,1,2,227.98,0.05
31,13,16,5,245.64,0.1
32,13,5,4,208.06,0.05
33,14,16,1,245.64,0
34,14,6,3,110.86,0
35,14,3,3,84.51,0
36,14,19,5,249.49,0
37,15,18,1,90.87,0
38,15,17,5,182.53,0
39,15,4,5,255.55,0
40,15,19,4,249.49,0.1
41,16,10,1,138.55,0.05
42,16,28,3,120.31,0
43,17,7,5,54.0,0.15
44,17,26,3,266.19,0.15
45,18,26,2,266.19,0
46,18,7,5,54.0,0
47,19,11,3,65.78,0
48,19,23,5,163.2,0
49,20,30,2,34.5,0.15
50,20,2,2,192.11,0
51,20,9,2,91.0,0.15
52,20,28,3,120.31,0
53,21,21,4,146.97,0
54,21,14,1,162.75,0.05
55,21,13,5,38.88,0.15
56,22,28,1,120.31,0.15
57,23,28,5,120.31,0.05
58,23,3,2,84.51,0.05
59,23,26,2,266.19,0.05
60,24,19,4,249.49,0
61,24,28,1,120.31,0
62,25,15,4,186.42,0
63,25,1,2,227.98,0.15
64,26,9,2,91.0,0
65,26,3,4,84.51,0.15
66,26,12,3,204.04,0.15
67,27,1,2,227.98,0.05
68,28,1,1,227.98,0.05
69,28,23,2,163.2,0.05
70,28,11,1,65.78,0
71,28,27,4,168.64,0
72,29,5,2,208.06,0.15
73,29,13,2,38.88,0
74,29,25,5,110.84,0.1
75,30,21,2,146.97,0.05
76,30,24,5,257.36,0.15
77,31,19,4,249.49,0
78,32,21,5,146.97,0.1
79,32,3,5,84.51,0.15
80,32,8,5,314.61,0
81,33,17,5,182.53,0
82,33,20,4,112.54,0
83,34,8,4,314.61,0.15
84,35,5,5,208.06,0.05
85,35,13,3,38.88,0.1
86,35,28,2,120.31,0.05
87,36,1,3,227.98,0
88,37,21,4,146.97,0.05
89,37,23,4,163.2,0
90,37,17,5,182.53,0.1
91,38,17,2,182.53,0
92,39,10,4,138.55,0.15
93,40,4,3,255.55,0.15
94,40,15,2,186.42,0
95,40,20,1,112.54,0.15
96,40,2,2,192.11,0.15
97,41,6,3,110.86,0.15
98,41,12,1,204.04,0
99,41,5,3,208.06,0.05
100,42,16,4,245.64,0.1
101,43,12,3,204.04,0
102,43,6,5,110.86,0.15
103,44,2,1,192.11,0
104,45,30,1,34.5,0.1
105,45,28,4,120.31,0
106,46,27,3,168.64,0
107,46,3,5,84.51,0.15
108,46,19,1,249.49,0
109,47,25,3,110.84,0
110,47,28,5,120.31,0.05
111,47,10,1,138.55,0
112,48,15,5,186.42,0.05
113,48,12,2,204.04,0.15
114,49,8,5,314.61,0
115,50,28,2,120.31,0.1
116,50,24,2,257.36,0.05
117,50,10,4,138.55,0
118,50,4,2,255.55,0.15
119,51,23,1,163.2,0.1
120,51,29,1,155.29,0.1
121,51,12,2,204.04,0.15
122,51,15,4,186.42,0
123,52,8,3,314.61,0
124,52,10,4,138.55,0.15
125,53,3,2,84.51,0.1
126,53,7,1,54.0,0
127,54,4,2,255.55,0.05
128,54,18,3,90.87,0.05
129,54,12,3,204.04,0
130,54,25,1,110.84,0
131,55,7,3,54.0,0
132,56,22,3,195.36,0
133,57,18,4,90.87,0
134,57,24,2,257.36,0
135,57,8,1,314.61,0
136,57,4,2,255.55,0
137,58,19,5,249.49,0
138,59,26,3,266.19,0
139,59,5,1,208.06,0.05
140,59,3,1,84.51,0
141,59,29,5,155.29,0.05
142,60,6,2,110.86,0
143,60,12,3,204.04,0.05
144,60,7,2,54.0,0
145,60,30,5,34.5,0.1
146,61,29,1,155.29,0
147,61,18,4,90.87,0
148,61,16,4,245.64,0
149,61,2,5,192.11,0
150,62,16,4,245.64,0
151,62,18,5,90.87,0.1
152,62,26,3,266.19,0.05
153,63,1,3,227.98,0
154,63,29,4,155.29,0.1
155,64,9,1,91.0,0
156,64,18,5,90.87,0.05
157,65,26,3,266.19,0.1
158,65,24,1,257.36,0.15
159,65,23,3,163.2,0.1
160,66,18,1,90.87,0
161,66,10,1,138.55,0
162,66,6,5,110.86,0
163,66,16,1,245.64,0.1
164,67,26,3,266.19,0.15
165,67,5,2,208.06,0
166,68,25,5,110.84,0
167,68,4,1,255.55,0
168,69,11,3,65.78,0
169,70,6,5,110.86,0
170,70,23,2,163.2,0.15
171,70,18,5,90.87,0
172,71,24,5,257.36,0.05
173,71,1,5,227.98,0
174,72,21,1,146.97,0.05
175,72,19,2,249.49,0
176,73,21,1,146.97,0.15
177,73,29,3,155.29,0.05
178,74,12,3,204.04,0
179,75,6,4,110.86,0
180,75,29,5,155.29,0.05
181,75,14,1,162.75,0.05
182,75,16,5,245.64,0.15
183,76,10,1,138.55,0
184,77,6,1,110.86,0
185,77,24,5,257.36,0.1
186,77,3,4,84.51,0.15
187,77,18,1,90.87,0.05
188,78,4,3,255.55,0
189,79,22,1,195.36,0
190,79,10,4,138.55,0.1
191,79,8,5,314.61,0.05
192,80,10,5,138.55,0.05
193,81,3,1,84.51,0
194,81,16,4,245.64,0.05
195,81,28,4,120.31,0.15
196,82,6,3,110.86,0
197,82,12,4,204.04,0
198,82,29,3,155.29,0.05
199,82,13,4,38.88,0
200,83,3,3,84.51,0.1
201,84,27,4,168.64,0.1
202,85,16,1,245.64,0.05
203,85,10,1,138.55,0.1
204,86,7,2,54.0,0
205,86,26,1,266.19,0.05
206,87,11,1,65.78,0
207,87,30,4,34.5,0.1
208,87,24,4,257.36,0.1
209,88,26,5,266.19,0.1
210,89,19,1,249.49,0
211,89,25,5,110.84,0
212,90,13,5,38.88,0.1
213,90,21,4,146.97,0
214,90,16,2,245.64,0
215,91,2,2,192.11,0
216,91,13,4,38.88,0
217,91,29,3,155.29,0
218,91,11,3,65.78,0
219,92,28,2,120.31,0
220,93,20,4,112.54,0
221,93,21,4,146.97,0.15
222,93,3,4,84.51,0.1
223,93,7,3,54.0,0
224,94,5,5,208.06,0
225,94,25,2,110.84,0
226,94,28,2,120.31,0
227,94,17,2,182.53,0
228,95,12,5,204.04,0.05
229,95,27,1,168.64,0.15
230,95,15,1,186.42,0
231,96,19,3,249.49,0.15
232,96,18,1,90.87,0
233,96,12,1,204.04,0.05
234,96,6,1,110.86,0
235,97,9,4,91.0,0.1
236,97,21,1,146.97,0.15
237,98,8,3,314.61,0.1
238,99,14,3,162.75,0.05
239,99,29,3,155.29,0
240,99,13,4,38.88,0
241,100,18,5,90.87,0
242,100,21,3,146.97,0.15
243,100,20,1,112.54,0.05
244,101,9,3,91.0,0
245,101,21,2,146.97,0.1
246,101,23,2,163.2,0
247,102,24,4,257.36,0
248,102,1,3,227.98,0.05
249,103,11,2,65.78,0.15
250,103,24,5,257.36,0.15
251,104,28,5,120.31,0
252,104,6,3,110.86,0
253,104,27,4,168.64,0
254,105,21,3,146.97,0
255,105,3,3,84.51,0.05
256,105,8,3,314.61,0
257,106,28,5,120.31,0.1
258,107,28,4,120.31,0.1
259,108,11,5,65.78,0.05
260,108,14,2,162.75,0
261,109,11,1,65.78,0
262,109,21,4,146.97,0
263,110,5,5,208.06,0.05
264,111,1,3,227.98,0
265,111,2,3,192.11,0.1
266,111,18,2,90.87,0
267,111,7,1,54.0,0.15
268,112,5,5,208.06,0.1
269,112,4,3,255.55,0
270,112,13,1,38.88,0
271,113,14,2,162.75,0
272,113,29,4,155.29,0
273,113,22,2,195.36,0
274,114,7,1,54.0,0.1
275,114,24,5,257.36,0
276,115,13,3,38.88,0.1
277,116,21,1,146.97,0
278,117,18,3,90.87,0.05
279,118,10,4,138.55,0.15
280,119,14,1,162.75,0.1
281,119,27,5,168.64,0
282,120,25,5,110.84,0
283,120,9,3,91.0,0.15
284,121,30,3,34.5,0
285,121,7,1,54.0,0
286,121,23,1,163.2,0
287,121,16,5,245.64,0.15
288,122,24,1,257.36,0
289,123,2,1,192.11,0
290,123,4,3,255.55,0.15
291,123,27,3,168.64,0.05
292,123,6,1,110.86,0
293,124,11,4,65.78,0.1
294,124,12,3,204.04,0.15
295,125,13,4,38.88,0.15
296,125,15,4,186.42,0.05
297,125,9,2,91.0,0
298,125,27,2,168.64,0.15
299,126,26,2,266.19,0.1
300,126,19,4,249.49,0
301,126,22,5,195.36,0
302,126,15,2,186.42,0.05
303,127,3,3,84.51,0.15
304,128,22,3,195.36,0.1
305,128,28,5,120.31,0.15
306,129,16,4,245.64,0
307,129,12,5,204.04,0.1
308,130,28,4,120.31,0
309,130,16,2,245.64,0
310,130,6,3,110.86,0
311,130,3,5,84.51,0
312,131,3,4,84.51,0.1
313,131,15,4,186.42,0
314,132,24,4,257.36,0.05
315,132,21,1,146.97,0.1
316,132,1,5,227.98,0
317,132,4,1,255.55,0.1
318,133,21,4,146.97,0
319,133,22,3,195.36,0
320,134,23,1,163.2,0
321,134,22,2,195.36,0
322,134,12,3,204.04,0
323,134,15,3,186.42,0.1
324,135,16,4,245.64,0
325,135,5,3,208.06,0.1
326,136,27,3,168.64,0
327,136,26,4,266.19,0
328,136,7,5,54.0,0
329,136,23,4,163.2,0.05
330,137,18,4,90.87,0.1
331,138,24,2,257.36,0
332,138,27,4,168.64,0.15
333,139,9,3,91.0,0
334,139,13,4,38.88,0
335,140,27,3,168.64,0.15
336,140,23,5,163.2,0.15
337,140,18,2,90.87,0
338,141,23,2,163.2,0.1
339,141,21,5,146.97,0.15
340,142,18,5,90.87,0.15
341,142,16,4,245.64,0.15
342,142,19,5,249.49,0
343,143,1,4,227.98,0
344,144,10,3,138.55,0
345,144,22,1,195.36,0.15
346,145,12,4,204.04,0
347,146,8,3,314.61,0.15
348,146,17,1,182.53,0.05
349,146,26,4,266.19,0.05
350,146,23,3,163.2,0.1
351,147,27,3,168.64,0.1
352,147,8,5,314.61,0.15
353,147,30,5,34.5,0
354,147,21,2,146.97,0
355,148,24,1,257.36,0.05
356,148,17,1,182.53,0.05
357,149,1,2,227.98,0
358,149,11,2,65.78,0
359,149,15,5,186.42,0
360,150,3,3,84.51,0.1
361,150,26,2,266.19,0
362,150,23,5,163.2,0
363,151,3,2,84.51,0.15
364,151,12,3,204.04,0
365,151,8,3,314.61,0
366,151,29,2,155.29,0.1
367,152,22,3,195.36,0.05
368,153,30,3,34.5,0.1
369,153,26,3,266.19,0
370,153,4,5,255.55,0
371,153,13,5,38.88,0.1
372,154,11,1,65.78,0
373,154,17,2,182.53,0.1
374,155,28,4,120.31,0
375,155,22,2,195.36,0.1
376,156,24,2,257.36,0
377,157,2,2,192.11,0
378,158,13,3,38.88,0
379,158,15,4,186.42,0.15
380,158,21,1,146.97,0.1
381,158,14,1,162.75,0.15
382,159,12,5,204.04,0
383,160,13,4,38.88,0
384,160,27,5,168.64,0
385,160,22,2,195.36,0.15
386,160,1,4,227.98,0.1
387,161,1,5,227.98,0
388,161,18,1,90.87,0
389,161,28,1,120.31,0.1
390,162,10,2,138.55,0.15
391,163,6,5,110.86,0
392,163,8,2,314.61,0
393,164,10,1,138.55,0
394,165,5,2,208.06,0
395,165,22,3,195.36,0.1
396,165,21,1,146.97,0
397,166,23,5,163.2,0.1
398,166,19,3,249.49,0
399,166,5,4,208.06,0
400,167,9,3,91.0,0.05
401,167,27,4,168.64,0.05
402,167,12,3,204.04,0
403,167,5,4,208.06,0.1
404,168,27,3,168.64,0
405,169,24,1,257.36,0
406,170,25,1,110.84,0.1
407,170,19,3,249.49,0.1
408,170,7,5,54.0,0.05
409,170,30,2,34.5,0
410,171,5,5,208.06,0
411,171,15,4,186.42,0
412,171,17,5,182.53,0
413,172,15,2,186.42,0.1
414,172,6,5,110.86,0.15
415,173,25,2,110.84,0
416,173,16,3,245.64,0
417,174,13,4,38.88,0
418,174,16,1,245.64,0.15
419,174,30,3,34.5,0
420,175,19,4,249.49,0.15
421,175,18,4,90.87,0
422,175,6,5,110.86,0.15
423,176,17,3,182.53,0
424,176,13,4,38.88,0.05
425,177,8,5,314.61,0.15
426,177,3,3,84.51,0
427,178,22,2,195.36,0.05
428,179,16,4,245.64,0
429,179,7,2,54.0,0
430,179,19,2,249.49,0.1
431,179,6,5,110.86,0
432,180,9,2,91.0,0.1
433,180,30,4,34.5,0.1
434,181,15,4,186.42,0.05
435,181,20,2,112.54,0
436,182,20,5,112.54,0
437,182,22,2,195.36,0.15
438,183,8,4,314.61,0.05
439,184,27,2,168.64,0.05
440,184,5,5,208.06,0.1
441,184,20,1,112.54,0.1
442,184,4,5,255.55,0
443,185,29,4,155.29,0.1
444,186,8,4,314.61,0
445,186,26,5,266.19,0.15
446,186,16,5,245.64,0
447,186,25,4,110.84,0
448,187,9,1,91.0,0.1
449,187,7,5,54.0,0
450,187,1,5,227.98,0
451,187,23,4,163.2,0.15
452,188,14,5,162.75,0
453,188,21,3,146.97,0.1
454,189,22,2,195.36,0.05
455,189,13,5,38.88,0.1
456,189,25,4,110.84,0
457,190,19,4,249.49,0.15
458,190,12,2,204.04,0.15
459,190,25,1,110.84,0.15
460,191,17,3,182.53,0.1
461,191,13,5,38.88,0.15
462,192,26,1,266.19,0
463,193,12,5,204.04,0
464,193,3,4,84.51,0.05
465,194,25,2,110.84,0.15
466,195,7,5,54.0,0.1
467,195,2,5,192.11,0.15
468,195,26,2,266.19,0.1
469,196,6,1,110.86,0
470,197,19,1,249.49,0
471,197,7,5,54.0,0
472,197,17,5,182.53,0.1
473,197,1,3,227.98,0
474,198,15,4,186.42,0.1
475,198,30,1,34.5,0
476,199,17,3,182.53,0
477,200,23,5,163.2,0.05
478,200,15,2,186.42,0
479,200,13,4,38.88,0.15
480,201,3,2,84.51,0.15
481,201,13,2,38.88,0
482,201,21,4,146.97,0
483,202,3,3,84.51,0
484,202,13,5,38.88,0
485,202,22,4,195.36,0
486,203,16,2,245.64,0
487,203,24,2,257.36,0
488,204,5,1,208.06,0
489,204,25,4,110.84,0.1
490,204,4,1,255.55,0.1
491,205,16,3,245.64,0.05
492,205,29,2,155.29,0.1
493,205,19,3,249.49,0.05
494,206,16,3,245.64,0.05
495,206,18,2,90.87,0.05
496,206,2,1,192.11,0.15
497,206,17,5,182.53,0.05
498,207,13,1,38.88,0
499,207,19,3,249.49,0.1
500,208,8,5,314.61,0
501,208,9,3,91.0,0
502,208,16,4,245.64,0.05
503,209,9,2,91.0,0.1
504,209,15,2,186.42,0
505,209,6,3,110.86,0
506,209,19,5,249.49,0.05
507,210,16,1,245.64,0
508,210,26,4,266.19,0.05
509,211,13,1,38.88,0.15
510,212,15,3,186.42,0
511,213,12,1,204.04,0
512,213,1,5,227.98,0
513,213,14,5,162.75,0.1
514,214,25,1,110.84,0.05
515,214,24,5,257.36,0
516,214,15,4,186.42,0.15
517,214,29,2,155.29,0
518,215,28,3,120.31,0
519,215,30,3,34.5,0
520,215,3,3,84.51,0.15
521,215,6,3,110.86,0.1
522,216,24,4,257.36,0.05
523,216,19,2,249.49,0
524,216,17,1,182.53,0
525,217,7,2,54.0,0.05
526,218,1,4,227.98,0.1
527,219,3,4,84.51,0
528,219,21,2,146.97,0
529,220,17,2,182.53,0
530,220,27,1,168.64,0.15
531,221,18,5,90.87,0
532,221,15,5,186.42,0.1
533,221,5,4,208.06,0.15
534,222,30,5,34.5,0
535,222,12,1,204.04,0.05
536,222,16,3,245.64,0
537,223,17,2,182.53,0
538,224,25,4,110.84,0
539,224,16,5,245.64,0
540,224,10,1,138.55,0.1
541,224,1,3,227.98,0
542,225,23,4,163.2,0.05
543,225,24,2,257.36,0
544,226,10,5,138.55,0
545,226,21,4,146.97,0
546,226,24,1,257.36,0
547,227,9,2,91.0,0
548,227,23,1,163.2,0
549,227,20,1,112.54,0.1
550,227,16,1,245.64,0
551,228,24,2,257.36,0
552,228,1,4,227.98,0
553,228,8,3,314.61,0.05
554,228,3,3,84.51,0.05
555,229,27,2,168.64,0
556,230,6,3,110.86,0.05
557,230,7,1,54.0,0
558,230,29,2,155.29,0.05
559,230,27,4,168.64,0
560,231,17,2,182.53,0.05
561,232,24,5,257.36,0.1
562,233,12,1,204.04,0.15
563,233,29,2,155.29,0
564,234,19,2,249.49,0
565,234,4,1,255.55,0.1
566,234,13,4,38.88,0.15
567,235,16,5,245.64,0
568,235,3,1,84.51,0
569,236,5,4,208.06,0
570,237,24,4,257.36,0
571,237,7,2,54.0,0
572,237,1,1,227.98,0.05
573,237,23,4,163.2,0.1
574,238,18,3,90.87,0.15
575,238,12,4,204.04,0
576,239,15,3,186.42,0.1
577,239,10,3,138.55,0.05
578,240,25,3,110.84,0.15
579,240,20,1,112.54,0.15
580,240,8,5,314.61,0.05
581,241,11,3,65.78,0
582,241,14,1,162.75,0.1
583,241,21,1,146.97,0
584,242,16,2,245.64,0
585,243,17,3,182.53,0
586,243,20,3,112.54,0
587,243,23,5,163.2,0.15
588,243,19,1,249.49,0
589,244,15,1,186.42,0
590,245,17,1,182.53,0
591,245,2,1,192.11,0
592,245,24,5,257.36,0
593,246,7,5,54.0,0.15
594,246,17,2,182.53,0.1
595,246,22,5,195.36,0.05
596,246,8,1,314.61,0.15
597,247,29,2,155.29,0.1
598,247,4,4,255.55,0.1
599,247,6,3,110.86,0.15
600,247,26,2,266.19,0.1
601,248,28,4,120.31,0.15
602,248,12,3,204.04,0.1
603,248,14,2,162.75,0.1
604,249,12,1,204.04,0.15
605,249,15,1,186.42,0
606,249,13,5,38.88,0
607,250,7,3,54.0,0
608,250,28,3,120.31,0.1
609,251,4,4,255.55,0
610,251,2,2,192.11,0
611,252,26,5,266.19,0.05
612,252,10,5,138.55,0
613,252,3,1,84.51,0.15
614,253,20,3,112.54,0
615,254,30,3,34.5,0
616,255,24,5,257.36,0
617,255,21,4,146.97,0
618,256,11,2,65.78,0
619,256,17,1,182.53,0.15
620,257,8,4,314.61,0
621,258,16,5,245.64,0.15
622,259,25,5,110.84,0
623,259,23,4,163.2,0.05
624,259,5,5,208.06,0
625,259,16,5,245.64,0.1
626,260,11,1,65.78,0
627,260,22,4,195.36,0.05
628,260,30,3,34.5,0
629,260,19,2,249.49,0
630,261,20,2,112.54,0
631,261,5,3,208.06,0
632,261,15,1,186.42,0
633,261,2,1,192.11,0
634,262,10,4,138.55,0.05
635,263,7,5,54.0,0
636,263,18,5,90.87,0.05
637,264,13,5,38.88,0.15
638,265,7,5,54.0,0
639,265,26,1,266.19,0.05
640,265,23,1,163.2,0
641,266,1,3,227.98,0.15
642,267,29,3,155.29,0.05
643,268,18,1,90.87,0
644,268,30,5,34.5,0
645,268,23,3,163.2,0.05
646,268,1,4,227.98,0.15
647,269,21,5,146.97,0
648,269,10,1,138.55,0.15
649,269,8,3,314.61,0.05
650,270,11,4,65.78,0.15
651,270,29,2,155.29,0
652,271,14,5,162.75,0
653,271,8,4,314.61,0
654,272,7,2,54.0,0.1
655,272,21,5,146.97,0.15
656,273,14,2,162.75,0.15
657,273,30,5,34.5,0
658,274,6,3,110.86,0
659,275,15,3,186.42,0
660,275,24,2,257.36,0
661,275,30,2,34.5,0
662,276,20,2,112.54,0.15
663,276,8,1,314.61,0
664,277,23,4,163.2,0.05
665,277,21,4,146.97,0
666,277,12,2,204.04,0
667,277,6,2,110.86,0
668,278,25,1,110.84,0
669,278,7,4,54.0,0.1
670,279,25,4,110.84,0.15
671,279,2,3,192.11,0.05
672,279,20,5,112.54,0.15
673,279,24,5,257.36,0.1
674,280,27,5,168.64,0.1
675,280,29,4,155.29,0.15
676,280,2,1,192.11,0.1
677,280,8,4,314.61,0.1
678,281,29,3,155.29,0.05
679,281,10,2,138.55,0.05
680,281,25,3,110.84,0.1
681,281,27,1,168.64,0.15
682,282,24,5,257.36,0
683,283,1,2,227.98,0.05
684,283,6,1,110.86,0
685,283,15,3,186.42,0.15
686,283,19,2,249.49,0.15
687,284,21,4,146.97,0.15
688,284,12,5,204.04,0.1
689,284,3,2,84.51,0.05
690,284,17,5,182.53,0.05
691,285,6,2,110.86,0
692,285,28,1,120.31,0.05
693,286,4,2,255.55,0
694,286,29,1,155.29,0.1
695,287,18,4,90.87,0
696,287,26,2,266.19,0.1
697,287,1,4,227.98,0.05
698,287,20,4,112.54,0.05
699,288,20,2,112.54,0
700,288,21,2,146.97,0
701,288,18,1,90.87,0.15
702,289,11,1,65.78,0
703,289,30,4,34.5,0
704,289,3,2,84.51,0.15
705,290,30,3,34.5,0
706,290,2,3,192.11,0.05
707,290,3,1,84.51,0.05
708,291,23,3,163.2,0
709,292,20,1,112.54,0.1
710,292,2,5,192.11,0
711,293,9,5,91.0,0
712,293,17,2,182.53,0.1
713,293,19,5,249.49,0.05
714,294,23,2,163.2,0
715,294,10,1,138.55,0
716,295,14,5,162.75,0.15
717,295,2,2,192.11,0
718,295,11,2,65.78,0.15
719,295,12,3,204.04,0
720,296,25,3,110.84,0
721,296,1,4,227.98,0.15
722,296,4,5,255.55,0.1
723,297,30,4,34.5,0
724,297,22,2,195.36,0.05
725,297,16,2,245.64,0.15
726,298,30,5,34.5,0
727,298,24,5,257.36,0.15
728,298,2,3,192.11,0.1
729,298,27,5,168.64,0
730,299,27,4,168.64,0.15
731,299,1,5,227.98,0
732,299,11,5,65.78,0.1
733,300,23,1,163.2,0
734,300,28,4,120.31,0
735,300,11,4,65.78,0
736,301,6,1,110.86,0
737,301,4,1,255.55,0.05
738,301,12,5,204.04,0
739,302,30,5,34.5,0
740,302,16,3,245.64,0
741,302,24,1,257.36,0.1
742,303,13,1,38.88,0
743,303,23,3,163.2,0
744,303,28,5,120.31,0
745,303,17,3,182.53,0.05
746,304,1,3,227.98,0.15
747,304,19,2,249.49,0
748,304,25,2,110.84,0
749,305,22,2,195.36,0
750,305,4,1,255.55,0
751,305,9,5,91.0,0.1
752,305,5,5,208.06,0
753,306,23,3,163.2,0.1
754,306,26,2,266.19,0
755,307,2,1,192.11,0
756,307,5,4,208.06,0
757,307,1,1,227.98,0.05
758,307,16,4,245.64,0
759,308,20,2,112.54,0.15
760,308,12,5,204.04,0
761,308,10,4,138.55,0.1
762,308,11,2,65.78,0
763,309,16,5,245.64,0
764,309,8,3,314.61,0.05
765,309,5,2,208.06,0.15
766,309,28,3,120.31,0
767,310,12,4,204.04,0.05
768,311,17,4,182.53,0.15
769,311,4,1,255.55,0
770,312,13,5,38.88,0
771,312,19,5,249.49,0
772,312,14,4,162.75,0.05
773,312,8,1,314.61,0
774,313,18,2,90.87,0.15
775,313,23,1,163.2,0.15
776,313,8,5,314.61,0.05
777,314,27,4,168.64,0
778,315,22,5,195.36,0.05
779,316,7,2,54.0,0.1
780,317,15,3,186.42,0.05
781,317,18,5,90.87,0.1
782,318,19,3,249.49,0.05
783,318,26,3,266.19,0
784,318,30,5,34.5,0
785,319,29,1,155.29,0.15
786,319,18,5,90.87,0
787,319,2,1,192.11,0
788,320,21,4,146.97,0.05
789,320,11,4,65.78,0.1
790,320,23,2,163.2,0.15
791,320,13,2,38.88,0.05
792,321,27,3,168.64,0.15
793,321,14,2,162.75,0
794,321,5,1,208.06,0
795,322,5,4,208.06,0.05
796,322,3,5,84.51,0.05
797,322,21,5,146.97,0
798,322,26,4,266.19,0.1
799,323,14,1,162.75,0.1
800,323,20,4,112.54,0.15
801,324,2,3,192.11,0
802,324,19,5,249.49,0.05
803,324,16,1,245.64,0
804,325,17,5,182.53,0
805,326,22,5,195.36,0.1
806,327,16,4,245.64,0.1
807,328,12,1,204.04,0.15
808,328,26,5,266.19,0.15
809,328,10,3,138.55,0.15
810,328,6,5,110.86,0
811,329,22,3,195.36,0.15
812,330,17,3,182.53,0
813,330,3,2,84.51,0.1
814,331,20,2,112.54,0.1
815,332,9,2,91.0,0.05
816,332,26,2,266.19,0.1
817,333,27,4,168.64,0.05
818,333,16,2,245.64,0.15
819,334,2,1,192.11,0
820,334,21,2,146.97,0.05
821,334,9,4,91.0,0.05
822,335,16,4,245.64,0
823,335,9,3,91.0,0.05
824,335,5,4,208.06,0.15
825,335,17,3,182.53,0.1
826,336,28,3,120.31,0
827,336,14,3,162.75,0
828,336,20,1,112.54,0
829,337,24,5,257.36,0
830,337,22,5,195.36,0
831,338,22,1,195.36,0
832,339,22,4,195.36,0
833,340,1,5,227.98,0
834,341,3,5,84.51,0
835,342,29,2,155.29,0
836,342,4,3,255.55,0.05
837,343,23,3,163.2,0
838,343,29,2,155.29,0
839,343,22,3,195.36,0
840,343,25,4,110.84,0.05
841,344,3,5,84.51,0.05
842,344,16,2,245.64,0.15
843,344,30,4,34.5,0
844,344,7,2,54.0,0.1
845,345,30,4,34.5,0.15
846,346,25,4,110.84,0
847,346,15,1,186.42,0
848,346,1,4,227.98,0
849,347,17,4,182.53,0.05
850,348,1,4,227.98,0
851,348,13,5,38.88,0.1
852,349,2,5,192.11,0
853,349,21,1,146.97,0.05
854,349,3,3,84.51,0.15
855,349,12,2,204.04,0
856,350,23,1,163.2,0.15
857,350,13,3,38.88,0.05
858,350,29,1,155.29,0.15
859,351,24,5,257.36,0
860,352,16,4,245.64,0
861,352,18,1,90.87,0
862,352,27,1,168.64,0
863,353,26,5,266.19,0.05
864,353,21,5,146.97,0
865,354,16,1,245.64,0.05
866,354,21,5,146.97,0
867,355,29,3,155.29,0
868,356,27,1,168.64,0
869,357,14,4,162.75,0
870,357,11,1,65.78,0.15
871,358,25,5,110.84,0
872,358,2,3,192.11,0
873,359,18,2,90.87,0.1
874,359,6,1,110.86,0
875,359,15,1,186.42,0.15
876,360,1,1,227.98,0
877,361,14,4,162.75,0.15
878,361,23,2,163.2,0
879,361,26,2,266.19,0.15
880,362,20,1,112.54,0.1
881,362,23,2,163.2,0.15
882,363,1,1,227.98,0.1
883,363,18,1,90.87,0.1
884,363,8,3,314.61,0.1
885,363,7,5,54.0,0
886,364,26,2,266.19,0.15
887,365,2,3,192.11,0
888,366,2,5,192.11,0
889,366,4,2,255.55,0
890,366,24,4,257.36,0.1
891,366,30,1,34.5,0
892,367,14,3,162.75,0
893,367,7,1,54.0,0
894,367,24,2,257.36,0
895,368,16,5,245.64,0.05
896,369,6,4,110.86,0.15
897,369,13,2,38.88,0.15
898,369,12,3,204.04,0
899,369,5,2,208.06,0
900,370,9,2,91.0,0
901,371,8,5,314.61,0
902,371,29,5,155.29,0
903,371,10,5,138.55,0.1
904,372,28,4,120.31,0
905,372,7,1,54.0,0.15
906,372,19,4,249.49,0.15
907,372,16,2,245.64,0
908,373,30,1,34.5,0.05
909,373,19,1,249.49,0
910,374,16,1,245.64,0.05
911,374,26,4,266.19,0
912,374,23,1,163.2,0.1
913,374,27,1,168.64,0.15
914,375,8,1,314.61,0.05
915,375,21,3,146.97,0
916,375,3,4,84.51,0.1
917,376,28,4,120.31,0
918,376,23,3,163.2,0.15
919,377,17,4,182.53,0
920,377,2,5,192.11,0.1
921,377,10,5,138.55,0
922,378,24,5,257.36,0.15
923,378,30,3,34.5,0
924,378,2,1,192.11,0.05
925,379,6,1,110.86,0.1
926,379,21,2,146.97,0
927,379,18,3,90.87,0
928,380,25,2,110.84,0
929,380,24,3,257.36,0
930,381,12,3,204.04,0.05
931,382,15,1,186.42,0
932,382,20,4,112.54,0
933,382,12,1,204.04,0.05
934,383,9,2,91.0,0.05
935,383,4,2,255.55,0
936,384,16,4,245.64,0.05
937,384,12,1,204.04,0
938,385,14,3,162.75,0.05
939,385,19,5,249.49,0.15
940,385,11,5,65.78,0.1
941,386,29,3,155.29,0
942,386,26,3,266.19,0
943,387,10,5,138.55,0
944,387,15,5,186.42,0
945,387,6,2,110.86,0
946,388,6,1,110.86,0
947,388,8,3,314.61,0.1
948,389,18,1,90.87,0.15
949,389,23,3,163.2,0
950,390,18,1,90.87,0
951,390,10,4,138.55,0.05
952,391,24,5,257.36,0.1
953,392,26,4,266.19,0
954,392,19,1,249.49,0.15
955,393,10,1,138.55,0.05
956,394,2,2,192.11,0.1
957,394,20,5,112.54,0
958,394,21,3,146.97,0
959,395,17,4,182.53,0
960,396,30,3,34.5,0.05
961,397,10,3,138.55,0
962,398,24,3,257.36,0
963,398,14,4,162.75,0.15
964,398,26,4,266.19,0
965,398,15,5,186.42,0.1
966,399,3,4,84.51,0
967,399,30,1,34.5,0.05
968,399,19,3,249.49,0.05
969,400,7,4,54.0,0
970,400,6,5,110.86,0.05
971,401,8,3,314.61,0
972,401,1,4,227.98,0
973,401,26,3,266.19,0.05
974,401,5,2,208.06,0.05
975,402,16,3,245.64,0.1
976,402,3,4,84.51,0.1
977,402,20,4,112.54,0
978,403,12,5,204.04,0.15
979,404,5,3,208.06,0.05
980,405,12,3,204.04,0
981,405,14,3,162.75,0
982,405,21,5,146.97,0.15
983,406,25,5,110.84,0
984,406,4,5,255.55,0
985,407,4,3,255.55,0
986,407,18,1,90.87,0
987,407,19,5,249.49,0
988,408,7,2,54.0,0.1
989,409,14,4,162.75,0
990,410,23,4,163.2,0.1
991,410,12,5,204.04,0
992,410,5,2,208.06,0.15
993,411,23,3,163.2,0
994,411,8,2,314.61,0
995,412,25,4,110.84,0.05
996,413,16,1,245.64,0
997,414,26,1,266.19,0.1
998,415,3,2,84.51,0.15
999,416,28,5,120.31,0
1000,416,17,5,182.53,0.1
1001,417,23,3,163.2,0
1002,417,7,5,54.0,0
1003,418,12,4,204.04,0.15
1004,418,23,1,163.2,0
1005,418,19,3,249.49,0.05
1006,418,6,4,110.86,0
1007,419,4,2,255.55,0.05
1008,419,15,3,186.42,0.15
1009,419,17,3,182.53,0.1
1010,420,13,3,38.88,0.05
1011,421,10,1,138.55,0.05
1012,421,28,3,120.31,0
1013,421,14,1,162.75,0.15
1014,421,7,4,54.0,0.15
1015,422,4,2,255.55,0.05
1016,423,11,5,65.78,0.05
1017,423,7,1,54.0,0
1018,424,25,4,110.84,0
1019,424,26,4,266.19,0.15
1020,424,21,5,146.97,0.05
1021,425,9,4,91.0,0.05
1022,426,27,1,168.64,0.05
1023,427,5,5,208.06,0
1024,427,10,1,138.55,0.15
1025,427,20,5,112.54,0.05
1026,428,16,3,245.64,0.1
1027,428,17,5,182.53,0
1028,428,9,1,91.0,0.05
1029,428,18,1,90.87,0.05
1030,429,2,2,192.11,0.1
1031,430,5,4,208.06,0
1032,430,10,5,138.55,0.15
1033,430,23,4,163.2,0.15
1034,430,13,5,38.88,0.15
1035,431,17,4,182.53,0
1036,431,2,4,192.11,0.1
1037,432,11,5,65.78,0
1038,432,2,2,192.11,0
1039,432,1,3,227.98,0.15
1040,433,14,3,162.75,0
1041,434,8,3,314.61,0.1
1042,434,21,1,146.97,0.15
1043,435,18,3,90.87,0
1044,436,9,5,91.0,0
1045,436,1,3,227.98,0.05
1046,436,23,5,163.2,0.05
1047,436,16,3,245.64,0.1
1048,437,11,5,65.78,0.15
1049,437,16,3,245.64,0
1050,438,21,5,146.97,0
1051,438,28,3,120.31,0
1052,438,26,1,266.19,0
1053,438,3,5,84.51,0.05
1054,439,19,3,249.49,0
1055,440,12,1,204.04,0.15
1056,440,26,3,266.19,0.1
1057,441,7,3,54.0,0.1
1058,441,14,5,162.75,0.05
1059,441,13,5,38.88,0
1060,442,19,2,249.49,0.15
1061,442,16,4,245.64,0
1062,443,17,2,182.53,0
1063,444,28,1,120.31,0.15
1064,444,14,2,162.75,0.05
1065,444,11,3,65.78,0
1066,445,13,1,38.88,0
1067,445,8,2,314.61,0
1068,446,14,2,162.75,0
1069,446,21,3,146.97,0
1070,446,29,1,155.29,0
1071,446,2,3,192.11,0.15
1072,447,26,1,266.19,0
1073,447,1,5,227.98,0
1074,447,2,1,192.11,0.05
1075,447,28,3,120.31,0.15
1076,448,8,5,314.61,0.15
1077,448,4,5,255.55,0
1078,449,25,3,110.84,0
1079,450,4,2,255.55,0
1080,450,6,4,110.86,0.05
1081,451,23,5,163.2,0.05
1082,451,4,4,255.55,0.15
1083,451,11,2,65.78,0
1084,452,27,5,168.64,0
1085,452,10,1,138.55,0.15
1086,452,1,2,227.98,0
1087,453,29,1,155.29,0.1
1088,453,26,2,266.19,0.05
1089,453,22,4,195.36,0
1090,454,10,2,138.55,0.05
1091,454,7,3,54.0,0.15
1092,455,16,3,245.64,0.15
1093,455,24,4,257.36,0
1094,455,14,2,162.75,0.15
1095,455,30,3,34.5,0.1
1096,456,15,1,186.42,0.15
1097,456,23,2,163.2,0.15
1098,456,1,4,227.98,0.15
1099,457,11,1,65.78,0
1100,457,19,2,249.49,0.1
1101,457,3,2,84.51,0.1
1102,458,9,5,91.0,0
1103,458,6,3,110.86,0
1104,459,27,1,168.64,0
1105,459,29,5,155.29,0.15
1106,459,19,5,249.49,0.15
1107,459,8,2,314.61,0
1108,460,2,5,192.11,0.05
1109,460,13,5,38.88,0
1110,461,1,5,227.98,0.05
1111,462,23,2,163.2,0
1112,462,7,3,54.0,0.15
1113,463,20,3,112.54,0.15
1114,463,7,2,54.0,0.05
1115,464,8,2,314.61,0
1116,464,20,5,112.54,0.15
1117,464,15,4,186.42,0
1118,465,22,4,195.36,0.15
1119,465,7,5,54.0,0
1120,465,23,1,163.2,0
1121,465,13,5,38.88,0
1122,466,1,3,227.98,0.1
1123,467,5,1,208.06,0.1
1124,467,29,2,155.29,0
1125,467,18,2,90.87,0.1
1126,468,23,2,163.2,0
1127,468,17,1,182.53,0
1128,468,14,1,162.75,0
1129,469,20,3,112.54,0.1
1130,469,27,3,168.64,0.05
1131,469,25,2,110.84,0
1132,470,2,2,192.11,0
1133,470,7,4,54.0,0
1134,470,5,2,208.06,0.15
1135,470,8,4,314.61,0.05
1136,471,15,2,186.42,0
1137,471,16,3,245.64,0
1138,471,4,2,255.55,0
1139,471,28,2,120.31,0
1140,472,19,5,249.49,0.1
1141,472,1,2,227.98,0.05
1142,473,29,3,155.29,0
1143,474,27,3,168.64,0
1144,475,15,1,186.42,0
1145,475,21,1,146.97,0.15
1146,475,9,5,91.0,0.05
1147,475,20,3,112.54,0.15
1148,476,11,1,65.78,0.1
1149,476,26,5,266.19,0.05
1150,476,2,1,192.11,0.05
1151,477,28,2,120.31,0
1152,478,4,4,255.55,0.05
1153,478,10,3,138.55,0.15
1154,479,17,4,182.53,0.05
1155,479,7,4,54.0,0
1156,479,16,5,245.64,0.1
1157,480,14,4,162.75,0
1158,480,21,1,146.97,0.1
1159,481,30,5,34.5,0.15
1160,481,16,5,245.64,0
1161,482,10,3,138.55,0
1162,482,5,5,208.06,0.05
1163,482,22,3,195.36,0.1
1164,482,29,1,155.29,0.1
1165,483,14,5,162.75,0
1166,483,4,3,255.55,0
1167,483,15,5,186.42,0
1168,483,22,5,195.36,0
1169,484,2,3,192.11,0
1170,484,3,5,84.51,0.15
1171,484,14,4,162.75,0.15
1172,484,29,4,155.29,0.1
1173,485,3,5,84.51,0
1174,485,24,1,257.36,0.05
1175,486,6,4,110.86,0.05
1176,487,10,4,138.55,0
1177,487,20,1,112.54,0
1178,487,27,2,168.64,0
1179,487,12,2,204.04,0
1180,488,7,4,54.0,0.15
1181,489,3,4,84.51,0
1182,489,10,4,138.55,0.05
1183,490,16,5,245.64,0
1184,490,1,2,227.98,0
1185,490,28,5,120.31,0.05
1186,490,15,1,186.42,0
1187,491,28,5,120.31,0.15
1188,491,16,5,245.64,0
1189,491,24,1,257.36,0.05
1190,491,19,4,249.49,0.05
1191,492,14,5,162.75,0
1192,493,4,3,255.55,0.05
1193,493,16,4,245.64,0
1194,493,20,2,112.54,0
1195,493,21,2,146.97,0.05
1196,494,19,3,249.49,0.1
1197,494,30,4,34.5,0
1198,495,26,2,266.19,0.1
1199,495,16,2,245.64,0
1200,495,28,1,120.31,0.15
1201,496,4,3,255.55,0
1202,496,26,2,266.19,0.1
1203,496,14,1,162.75,0
1204,496,16,3,245.64,0
1205,497,26,1,266.19,0
1206,498,16,3,245.64,0
1207,498,9,1,91.0,0.1
1208,499,23,1,163.2,0.05
1209,500,27,5,168.64,0
1210,501,30,2,34.5,0.15
1211,501,12,3,204.04,0.15
1212,502,11,1,65.78,0
1213,502,27,4,168.64,0.05
1214,502,5,1,208.06,0
1215,503,3,3,84.51,0.15
1216,503,9,4,91.0,0
1217,504,26,4,266.19,0.05
1218,504,8,4,314.61,0.1
1219,504,5,3,208.06,0
1220,504,14,4,162.75,0
1221,505,11,2,65.78,0.05
1222,505,13,1,38.88,0.05
1223,505,25,1,110.84,0.15
1224,506,21,5,146.97,0
1225,507,24,3,257.36,0
1226,507,11,3,65.78,0.1
1227,507,30,5,34.5,0
1228,508,23,4,163.2,0
1229,508,12,3,204.04,0
1230,508,29,1,155.29,0.1
1231,508,26,3,266.19,0.05
1232,509,7,5,54.0,0
1233,509,3,5,84.51,0
1234,509,17,2,182.53,0
1235,510,24,1,257.36,0.15
1236,510,14,1,162.75,0
1237,510,17,3,182.53,0.15
1238,511,15,3,186.42,0.1
1239,512,12,3,204.04,0.15
1240,512,10,5,138.55,0.15
1241,513,11,5,65.78,0.1
1242,514,27,4,168.64,0
1243,514,14,4,162.75,0
1244,514,3,4,84.51,0
1245,514,2,3,192.11,0.15
1246,515,28,4,120.31,0.05
1247,515,9,4,91.0,0.15
1248,515,19,4,249.49,0
1249,515,16,2,245.64,0.1
1250,516,23,2,163.2,0.05
1251,517,30,4,34.5,0
1252,517,4,1,255.55,0
1253,517,20,5,112.54,0
1254,518,10,2,138.55,0
1255,518,16,5,245.64,0.05
1256,518,1,1,227.98,0
1257,519,1,1,227.98,0
1258,519,4,4,255.55,0.05
1259,519,18,5,90.87,0
1260,519,12,5,204.04,0.05
1261,520,25,5,110.84,0.15
1262,520,5,4,208.06,0.05
1263,521,26,5,266.19,0.15
1264,522,18,4,90.87,0.15
1265,522,2,3,192.11,0.15
1266,522,22,1,195.36,0
1267,523,18,5,90.87,0
1268,523,21,2,146.97,0.1
1269,523,4,5,255.55,0.1
1270,524,25,5,110.84,0
1271,524,16,1,245.64,0.15
1272,525,8,5,314.61,0.05
1273,525,27,1,168.64,0.1
1274,526,16,1,245.64,0
1275,527,13,1,38.88,0
1276,527,9,5,91.0,0
1277,527,3,3,84.51,0
1278,528,22,3,195.36,0
1279,528,6,1,110.86,0.15
1280,528,2,1,192.11,0
1281,528,20,4,112.54,0
1282,529,27,2,168.64,0
1283,529,29,5,155.29,0.1
1284,529,4,2,255.55,0.05
1285,529,2,5,192.11,0.1
1286,530,18,1,90.87,0.05
1287,530,14,2,162.75,0
1288,530,3,3,84.51,0.1
1289,530,16,5,245.64,0.15
1290,531,10,4,138.55,0.05
1291,531,19,1,249.49,0.15
1292,532,26,5,266.19,0.05
1293,532,8,5,314.61,0.05
1294,533,21,1,146.97,0.05
1295,533,6,3,110.86,0.1
1296,533,1,3,227.98,0.15
1297,534,2,5,192.11,0.1
1298,534,6,1,110.86,0
1299,534,24,1,257.36,0.05
1300,535,29,5,155.29,0.1
1301,535,14,3,162.75,0.15
1302,535,7,3,54.0,0.15
1303,536,11,5,65.78,0
1304,536,7,1,54.0,0.15
1305,536,15,2,186.42,0.15
1306,537,22,2,195.36,0.05
1307,538,18,1,90.87,0.1
1308,538,3,1,84.51,0.15
1309,538,26,4,266.19,0.15
1310,538,29,1,155.29,0
1311,539,27,1,168.64,0
1312,539,25,4,110.84,0
1313,540,25,3,110.84,0.15
1314,541,26,2,266.19,0.05
1315,541,23,3,163.2,0
1316,541,8,3,314.61,0.05
1317,542,1,4,227.98,0
1318,542,7,3,54.0,0.1
1319,543,22,5,195.36,0.15
1320,543,24,5,257.36,0.1
1321,544,5,3,208.06,0.1
1322,545,7,1,54.0,0.15
1323,545,28,5,120.31,0.1
1324,545,22,3,195.36,0.15
1325,546,28,3,120.31,0.05
1326,547,16,1,245.64,0.15
1327,547,12,2,204.04,0
1328,547,17,3,182.53,0.05
1329,547,25,5,110.84,0.05
1330,548,29,5,155.29,0
1331,549,7,3,54.0,0
1332,549,6,1,110.86,0.15
1333,550,19,3,249.49,0
1334,551,27,3,168.64,0.1
1335,552,25,5,110.84,0
1336,552,4,1,255.55,0
1337,552,21,1,146.97,0.05
1338,552,15,3,186.42,0.15
1339,553,20,1,112.54,0
1340,553,21,1,146.97,0.1
1341,553,14,1,162.75,0
1342,554,8,5,314.61,0
1343,554,28,4,120.31,0.05
1344,554,20,4,112.54,0.05
1345,554,26,5,266.19,0.1
1346,555,15,5,186.42,0
1347,556,19,2,249.49,0.1
1348,557,6,1,110.86,0
1349,557,8,2,314.61,0
1350,557,5,5,208.06,0.05
1351,557,26,5,266.19,0.15
1352,558,5,3,208.06,0.1
1353,558,16,3,245.64,0
1354,559,2,5,192.11,0.1
1355,559,8,1,314.61,0.05
1356,560,11,2,65.78,0.15
1357,561,20,3,112.54,0
1358,561,10,1,138.55,0.05
1359,561,14,1,162.75,0.05
1360,562,15,2,186.42,0
1361,562,20,4,112.54,0.15
1362,563,27,3,168.64,0
1363,563,1,1,227.98,0
1364,564,21,3,146.97,0
1365,564,19,1,249.49,0
1366,565,11,5,65.78,0
1367,565,28,2,120.31,0
1368,566,13,1,38.88,0
1369,566,21,2,146.97,0
1370,567,17,5,182.53,0.05
1371,567,26,1,266.19,0
1372,568,23,4,163.2,0.15
1373,568,12,2,204.04,0
1374,568,11,5,65.78,0.1
1375,568,20,2,112.54,0.1
1376,569,28,5,120.31,0.05
1377,569,5,2,208.06,0.15
1378,569,17,1,182.53,0.05
1379,570,25,3,110.84,0.05
1380,570,29,5,155.29,0.05
1381,570,21,2,146.97,0
1382,570,17,3,182.53,0.1
1383,571,21,1,146.97,0
1384,571,30,2,34.5,0
1385,571,26,4,266.19,0
1386,571,19,4,249.49,0
1387,572,30,3,34.5,0
1388,572,27,5,168.64,0
1389,573,8,4,314.61,0.1
1390,573,19,5,249.49,0
1391,573,2,4,192.11,0.05
1392,574,11,2,65.78,0.05
1393,574,9,2,91.0,0
1394,574,13,1,38.88,0
1395,574,1,1,227.98,0
1396,575,3,3,84.51,0
1397,576,9,3,91.0,0
1398,576,10,5,138.55,0
1399,576,24,5,257.36,0
1400,577,13,1,38.88,0.05
1401,577,27,5,168.64,0
1402,577,19,4,249.49,0
1403,577,25,2,110.84,0.15
1404,578,24,1,257.36,0
1405,578,27,2,168.64,0.05
1406,578,15,4,186.42,0
1407,578,11,4,65.78,0.05
1408,579,10,1,138.55,0.05
1409,579,24,3,257.36,0
1410,580,25,3,110.84,0.1
1411,580,23,1,163.2,0.1
1412,580,18,1,90.87,0
1413,580,10,2,138.55,0
1414,581,18,4,90.87,0
1415,582,21,2,146.97,0
1416,582,29,5,155.29,0
1417,582,10,1,138.55,0.15
1418,582,3,5,84.51,0.05
1419,583,7,5,54.0,0
1420,583,8,4,314.61,0
1421,583,10,3,138.55,0.1
1422,584,4,5,255.55,0.05
1423,584,5,4,208.06,0.15
1424,585,10,4,138.55,0
1425,585,14,5,162.75,0.1
1426,586,9,4,91.0,0
1427,586,7,4,54.0,0.1
1428,586,1,2,227.98,0.1
1429,586,5,3,208.06,0.1
1430,587,24,1,257.36,0
1431,588,13,2,38.88,0.05
1432,588,20,2,112.54,0
1433,588,27,5,168.64,0.15
1434,589,13,1,38.88,0
1435,590,22,2,195.36,0.05
1436,590,30,4,34.5,0.1
1437,590,3,1,84.51,0
1438,591,6,1,110.86,0.05
1439,591,9,1,91.0,0
1440,591,7,4,54.0,0.05
1441,591,17,3,182.53,0.15
1442,592,4,2,255.55,0
1443,592,23,4,163.2,0.05
1444,592,30,4,34.5,0
1445,593,5,2,208.06,0
1446,593,16,1,245.64,0.1
1447,593,27,1,168.64,0
1448,593,9,3,91.0,0
1449,594,22,3,195.36,0
1450,595,29,5,155.29,0
1451,596,13,3,38.88,0.05
1452,597,30,3,34.5,0
1453,597,8,2,314.61,0
1454,598,22,2,195.36,0
1455,598,3,2,84.51,0.15
1456,599,27,3,168.64,0
1457,600,30,4,34.5,0.05
1458,600,18,1,90.87,0
1459,601,13,3,38.88,0
1460,602,21,1,146.97,0
1461,602,20,2,112.54,0.05
1462,602,12,3,204.04,0.1
1463,603,9,5,91.0,0
1464,603,4,4,255.55,0.15
1465,604,28,1,120.31,0
1466,604,22,1,195.36,0.1
1467,604,16,5,245.64,0.05
1468,605,8,1,314.61,0.1
1469,606,25,1,110.84,0
1470,606,8,3,314.61,0.05
1471,606,20,3,112.54,0
1472,606,3,2,84.51,0.05
1473,607,24,3,257.36,0
1474,607,29,1,155.29,0.1
1475,607,11,4,65.78,0.15
1476,607,5,3,208.06,0
1477,608,30,2,34.5,0.15
1478,609,6,1,110.86,0
1479,609,15,4,186.42,0
1480,609,21,2,146.97,0
1481,610,19,2,249.49,0
1482,610,18,5,90.87,0
1483,611,8,2,314.61,0.1
1484,611,14,2,162.75,0
1485,612,3,4,84.51,0.05
1486,612,12,4,204.04,0.1
1487,612,13,5,38.88,0.15
1488,612,6,4,110.86,0
1489,613,25,3,110.84,0.1
1490,614,13,4,38.88,0
1491,614,15,4,186.42,0.1
1492,614,10,5,138.55,0.05
1493,615,5,2,208.06,0
1494,615,30,1,34.5,0.1
1495,616,24,3,257.36,0.15
1496,616,12,5,204.04,0
1497,616,13,4,38.88,0
1498,616,16,1,245.64,0.05
1499,617,17,3,182.53,0.15
1500,617,23,1,163.2,0.15
1501,617,16,4,245.64,0.05
1502,618,21,1,146.97,0.15
1503,618,23,2,163.2,0
1504,618,22,5,195.36,0.05
1505,619,1,1,227.98,0.15
1506,619,4,4,255.55,0.05
1507,620,27,3,168.64,0.15
1508,620,14,3,162.75,0.1
1509,621,25,1,110.84,0
1510,621,29,5,155.29,0
1511,621,30,2,34.5,0
1512,621,24,2,257.36,0.15
1513,622,1,4,227.98,0.1
1514,622,4,4,255.55,0.15
1515,622,3,3,84.51,0.15
1516,622,25,4,110.84,0
1517,623,16,5,245.64,0
1518,623,6,4,110.86,0.1
1519,624,26,2,266.19,0
1520,624,25,4,110.84,0.05
1521,625,3,3,84.51,0
1522,625,13,3,38.88,0
1523,625,4,5,255.55,0
1524,626,9,1,91.0,0.15
1525,627,13,5,38.88,0.1
1526,628,20,3,112.54,0.15
1527,628,14,3,162.75,0
1528,628,11,2,65.78,0
1529,629,12,3,204.04,0
1530,630,1,1,227.98,0.1
1531,630,20,3,112.54,0.15
1532,631,17,1,182.53,0.15
1533,631,14,3,162.75,0
1534,631,22,3,195.36,0
1535,631,7,3,54.0,0.15
1536,632,12,4,204.04,0.05
1537,633,23,5,163.2,0.1
1538,633,5,5,208.06,0
1539,634,6,4,110.86,0.15
1540,634,29,5,155.29,0
1541,634,15,2,186.42,0
1542,634,4,2,255.55,0.15
1543,635,6,3,110.86,0.05
1544,636,29,5,155.29,0.15
1545,636,22,4,195.36,0
1546,636,4,3,255.55,0
1547,636,5,5,208.06,0.1
1548,637,21,4,146.97,0
1549,637,26,2,266.19,0
1550,637,18,1,90.87,0
1551,637,28,1,120.31,0
1552,638,19,3,249.49,0
1553,639,10,1,138.55,0.1
1554,640,26,2,266.19,0.1
1555,640,22,5,195.36,0.1
1556,640,30,2,34.5,0
1557,641,27,2,168.64,0.05
1558,641,10,4,138.55,0
1559,642,20,3,112.54,0
1560,643,21,3,146.97,0.15
1561,643,27,4,168.64,0
1562,643,7,3,54.0,0
1563,643,16,2,245.64,0.15
1564,644,28,4,120.31,0
1565,644,16,2,245.64,0
1566,645,12,5,204.04,0.15
1567,645,25,3,110.84,0
1568,645,13,2,38.88,0.15
1569,645,3,5,84.51,0.05
1570,646,28,3,120.31,0.05
1571,647,10,2,138.55,0.15
1572,647,29,2,155.29,0.15
1573,647,5,1,208.06,0
1574,647,7,5,54.0,0
1575,648,30,1,34.5,0
1576,648,2,4,192.11,0
1577,649,19,4,249.49,0
1578,649,14,1,162.75,0
1579,649,5,2,208.06,0.05
1580,650,21,4,146.97,0.15
1581,650,24,1,257.36,0.05
1582,651,12,1,204.04,0.05
1583,651,1,5,227.98,0
1584,651,4,1,255.55,0.1
1585,651,3,5,84.51,0.1
1586,652,13,4,38.88,0
1587,652,16,5,245.64,0
1588,653,13,1,38.88,0.05
1589,653,27,5,168.64,0.1
1590,654,25,2,110.84,0.15
1591,655,1,4,227.98,0
1592,655,18,1,90.87,0
1593,656,28,1,120.31,0
1594,656,25,5,110.84,0
1595,656,2,3,192.11,0.1
1596,657,2,3,192.11,0.15
1597,657,17,5,182.53,0.05
1598,657,29,2,155.29,0.1
1599,658,20,2,112.54,0.15
1600,658,18,1,90.87,0.15
1601,658,17,1,182.53,0
1602,659,5,5,208.06,0
1603,659,20,5,112.54,0
1604,660,9,2,91.0,0.05
1605,660,13,4,38.88,0
1606,660,21,3,146.97,0.15
1607,661,21,3,146.97,0.1
1608,661,23,5,163.2,0.1
1609,661,7,2,54.0,0.05
1610,662,20,2,112.54,0
1611,663,3,3,84.51,0
1612,663,11,2,65.78,0
1613,663,21,3,146.97,0
1614,663,12,1,204.04,0.05
1615,664,6,5,110.86,0.15
1616,665,23,3,163.2,0.1
1617,665,19,3,249.49,0.1
1618,665,28,1,120.31,0
1619,666,16,1,245.64,0.15
1620,666,19,5,249.49,0.15
1621,666,5,2,208.06,0.15
1622,666,9,2,91.0,0
1623,667,23,5,163.2,0.05
1624,667,25,4,110.84,0
1625,667,8,4,314.61,0
1626,668,17,2,182.53,0
1627,668,23,1,163.2,0
1628,668,29,4,155.29,0
1629,668,30,1,34.5,0.15
1630,669,3,3,84.51,0.1
1631,670,16,5,245.64,0.15
1632,670,17,1,182.53,0.05
1633,671,8,5,314.61,0.15
1634,671,24,5,257.36,0
1635,671,22,5,195.36,0.05
1636,672,6,3,110.86,0
1637,672,3,5,84.51,0
1638,673,12,3,204.04,0.15
1639,673,4,2,255.55,0.1
1640,674,9,5,91.0,0.05
1641,674,7,2,54.0,0
1642,674,1,5,227.98,0
1643,675,1,3,227.98,0
1644,675,20,3,112.54,0
1645,675,15,1,186.42,0
1646,676,4,4,255.55,0.05
1647,677,14,4,162.75,0
1648,677,4,2,255.55,0.15
1649,678,12,2,204.04,0.1
1650,678,14,3,162.75,0
1651,678,29,4,155.29,0.15
1652,679,1,2,227.98,0
1653,679,12,2,204.04,0
1654,679,29,1,155.29,0
1655,679,28,4,120.31,0.05
1656,680,16,3,245.64,0
1657,680,22,4,195.36,0.05
1658,681,25,5,110.84,0.15
1659,681,29,4,155.29,0
1660,681,13,1,38.88,0
1661,682,25,2,110.84,0
1662,683,14,4,162.75,0
1663,684,24,2,257.36,0
1664,684,17,3,182.53,0
1665,685,7,1,54.0,0.15
1666,685,16,5,245.64,0.1
1667,685,23,2,163.2,0
1668,685,26,5,266.19,0.15
1669,686,2,2,192.11,0.05
1670,686,9,1,91.0,0.1
1671,686,7,2,54.0,0
1672,686,30,1,34.5,0.05
1673,687,11,4,65.78,0
1674,687,14,5,162.75,0.05
1675,688,9,4,91.0,0
1676,688,12,3,204.04,0
1677,688,23,2,163.2,0
1678,689,10,3,138.55,0.1
1679,689,16,1,245.64,0.05
1680,690,4,5,255.55,0
1681,690,22,3,195.36,0
1682,690,1,3,227.98,0.15
1683,691,8,2,314.61,0.1
1684,691,21,4,146.97,0
1685,691,9,1,91.0,0
1686,692,7,4,54.0,0
1687,692,23,1,163.2,0.1
1688,693,18,2,90.87,0
1689,693,24,2,257.36,0
1690,694,29,1,155.29,0.05
1691,694,12,1,204.04,0.05
1692,694,15,4,186.42,0.1
1693,695,23,1,163.2,0.1
1694,695,5,1,208.06,0.15
1695,695,10,2,138.55,0.15
1696,696,6,4,110.86,0.1
1697,697,7,2,54.0,0.1
1698,697,6,2,110.86,0.1
1699,697,1,1,227.98,0.1
1700,698,10,3,138.55,0.15
1701,698,28,3,120.31,0.1
1702,698,8,1,314.61,0
1703,699,21,2,146.97,0
1704,700,27,5,168.64,0
1705,700,7,1,54.0,0.15
1706,701,23,5,163.2,0
1707,702,11,1,65.78,0
1708,702,2,2,192.11,0.15
1709,702,21,3,146.97,0
1710,703,24,4,257.36,0.15
1711,704,27,2,168.64,0
1712,704,15,3,186.42,0
1713,705,12,1,204.04,0.05
1714,705,5,2,208.06,0.05
1715,705,29,2,155.29,0
1716,705,16,2,245.64,0.1
1717,706,10,2,138.55,0
1718,707,3,1,84.51,0.05
1719,707,5,2,208.06,0.05
1720,708,24,1,257.36,0.1
1721,708,25,1,110.84,0.05
1722,709,5,2,208.06,0
1723,710,26,1,266.19,0
1724,711,16,5,245.64,0.05
1725,711,25,2,110.84,0
1726,712,21,1,146.97,0
1727,712,18,1,90.87,0.1
1728,712,4,3,255.55,0
1729,713,8,4,314.61,0.05
1730,714,22,1,195.36,0.05
1731,714,29,2,155.29,0
1732,714,23,2,163.2,0
1733,714,27,3,168.64,0
1734,715,20,2,112.54,0
1735,716,5,5,208.06,0
1736,716,29,3,155.29,0
1737,716,22,3,195.36,0.05
1738,716,10,3,138.55,0
1739,717,11,4,65.78,0.05
1740,717,5,4,208.06,0
1741,718,5,4,208.06,0
1742,718,6,3,110.86,0.05
1743,718,25,4,110.84,0.05
1744,719,26,2,266.19,0.05
1745,719,21,4,146.97,0.1
1746,720,13,5,38.88,0.15
1747,720,3,4,84.51,0.1
1748,721,12,2,204.04,0
1749,721,1,3,227.98,0.1
1750,722,28,2,120.31,0
1751,722,25,4,110.84,0
1752,722,27,5,168.64,0.05
1753,723,4,2,255.55,0.05
1754,723,23,1,163.2,0.15
1755,724,22,5,195.36,0
1756,725,3,1,84.51,0
1757,725,8,5,314.61,0.05
1758,726,16,3,245.64,0.05
1759,726,14,1,162.75,0
1760,726,24,1,257.36,0
1761,727,1,4,227.98,0.15
1762,727,13,4,38.88,0.1
1763,728,23,2,163.2,0
1764,728,8,1,314.61,0.1
1765,728,14,4,162.75,0
1766,729,8,4,314.61,0
1767,730,21,4,146.97,0
1768,730,13,1,38.88,0
1769,730,27,4,168.64,0
1770,731,1,2,227.98,0.1
1771,731,8,1,314.61,0
1772,731,10,2,138.55,0.1
1773,732,21,1,146.97,0
1774,732,30,3,34.5,0
1775,733,2,1,192.11,0
1776,733,11,3,65.78,0.05
1777,733,3,5,84.51,0
1778,733,10,3,138.55,0.05
1779,734,11,4,65.78,0.15
1780,735,16,3,245.64,0
1781,735,19,2,249.49,0.15
1782,735,28,4,120.31,0
1783,735,2,1,192.11,0.15
1784,736,17,5,182.53,0.15
1785,736,24,5,257.36,0
1786,737,2,4,192.11,0
1787,737,29,2,155.29,0.1
1788,737,23,5,163.2,0
1789,737,25,2,110.84,0.1
1790,738,18,1,90.87,0.05
1791,738,28,1,120.31,0.05
1792,738,26,3,266.19,0
1793,739,12,4,204.04,0
1794,739,3,4,84.51,0
1795,739,6,4,110.86,0.15
1796,740,2,4,192.11,0.05
1797,740,12,5,204.04,0.15
1798,740,28,2,120.31,0.05
1799,740,10,3,138.55,0.1
1800,741,17,1,182.53,0.1
1801,741,15,1,186.42,0.15
1802,741,9,2,91.0,0.15
1803,741,29,5,155.29,0
1804,742,28,4,120.31,0.15
1805,742,3,1,84.51,0
1806,742,8,4,314.61,0.05
1807,742,13,5,38.88,0.05
1808,743,25,3,110.84,0
1809,743,14,3,162.75,0
1810,743,7,5,54.0,0.05
1811,743,13,2,38.88,0.15
1812,744,18,2,90.87,0.05
1813,745,20,4,112.54,0
1814,746,7,1,54.0,0.15
1815,747,5,1,208.06,0
1816,748,17,3,182.53,0
1817,748,7,1,54.0,0
1818,748,22,4,195.36,0
1819,748,29,3,155.29,0
1820,749,23,3,163.2,0.15
1821,749,14,5,162.75,0.05
1822,750,3,5,84.51,0.1
1823,750,24,2,257.36,0
1824,751,16,3,245.64,0
1825,751,28,4,120.31,0
1826,752,21,2,146.97,0.15
1827,752,19,2,249.49,0.05
1828,752,4,5,255.55,0
1829,752,2,5,192.11,0.05
1830,753,12,3,204.04,0
1831,754,21,3,146.97,0.1
1832,754,15,4,186.42,0.1
1833,754,14,3,162.75,0
1834,754,12,2,204.04,0.05
1835,755,18,4,90.87,0
1836,755,14,4,162.75,0.15
1837,756,20,4,112.54,0
1838,757,21,4,146.97,0.1
1839,758,7,5,54.0,0.05
1840,758,8,1,314.61,0
1841,758,25,4,110.84,0
1842,758,15,3,186.42,0.05
1843,759,12,2,204.04,0.1
1844,760,22,4,195.36,0
1845,760,8,1,314.61,0
1846,760,1,2,227.98,0
1847,760,29,5,155.29,0.15
1848,761,8,5,314.61,0.15
1849,761,18,4,90.87,0
1850,761,13,5,38.88,0.05
1851,761,7,2,54.0,0.15
1852,762,14,1,162.75,0.15
1853,762,8,2,314.61,0.1
1854,763,27,3,168.64,0
1855,763,18,1,90.87,0
1856,763,6,1,110.86,0.05
1857,764,19,4,249.49,0
1858,765,6,2,110.86,0
1859,765,8,2,314.61,0.1
1860,765,21,2,146.97,0.15
1861,766,3,1,84.51,0.15
1862,766,30,5,34.5,0
1863,766,5,1,208.06,0.05
1864,767,9,1,91.0,0
1865,767,29,4,155.29,0
1866,767,6,2,110.86,0.05
1867,768,21,4,146.97,0.05
1868,768,3,3,84.51,0.15
1869,768,7,4,54.0,0
1870,768,22,2,195.36,0
1871,769,4,3,255.55,0
1872,770,30,5,34.5,0
1873,770,4,5,255.55,0
1874,770,7,5,54.0,0.1
1875,771,1,2,227.98,0
1876,771,11,1,65.78,0.15
1877,772,3,5,84.51,0.15
1878,772,12,3,204.04,0.05
1879,773,30,2,34.5,0.15
1880,773,7,3,54.0,0.05
1881,773,9,1,91.0,0.1
1882,773,6,5,110.86,0
1883,774,20,3,112.54,0.1
1884,774,24,1,257.36,0.1
1885,774,9,4,91.0,0.05
1886,774,27,2,168.64,0.1
1887,775,29,5,155.29,0
1888,775,2,5,192.11,0.05
1889,776,26,4,266.19,0
1890,776,11,3,65.78,0
1891,777,25,1,110.84,0
1892,777,11,3,65.78,0.15
1893,778,29,1,155.29,0.05
1894,778,8,3,314.61,0.1
1895,778,18,2,90.87,0.1
1896,779,19,4,249.49,0.15
1897,780,2,4,192.11,0.05
1898,780,26,1,266.19,0
1899,781,19,5,249.49,0
1900,781,13,3,38.88,0
1901,781,8,5,314.61,0
1902,782,2,5,192.11,0
1903,782,29,3,155.29,0.15
1904,782,18,1,90.87,0
1905,782,30,4,34.5,0
1906,783,13,3,38.88,0.05
1907,783,3,5,84.51,0
1908,783,18,4,90.87,0
1909,784,20,2,112.54,0
1910,784,4,1,255.55,0
1911,784,1,1,227.98,0
1912,785,24,3,257.36,0.1
1913,785,29,1,155.29,0.15
1914,786,10,1,138.55,0
1915,787,19,1,249.49,0
1916,787,15,3,186.42,0
1917,788,17,5,182.53,0
1918,789,25,2,110.84,0
1919,789,24,3,257.36,0
1920,789,16,1,245.64,0
1921,790,23,1,163.2,0.05
1922,790,3,1,84.51,0
1923,791,4,5,255.55,0.1
1924,791,11,5,65.78,0
1925,791,7,3,54.0,0.15
1926,791,27,4,168.64,0.15
1927,792,15,2,186.42,0.05
1928,792,28,2,120.31,0
1929,792,20,3,112.54,0.05
1930,792,17,2,182.53,0.15
1931,793,29,1,155.29,0.05
1932,793,4,2,255.55,0
1933,793,24,1,257.36,0.05
1934,793,8,5,314.61,0.05
1935,794,12,4,204.04,0
1936,795,2,3,192.11,0
1937,795,15,1,186.42,0.15
1938,795,9,4,91.0,0.15
1939,796,6,5,110.86,0.05
1940,796,20,5,112.54,0.05
1941,796,9,1,91.0,0.15
1942,796,17,1,182.53,0.15
1943,797,19,3,249.49,0
1944,798,13,3,38.88,0.05
1945,798,4,2,255.55,0
1946,798,8,2,314.61,0
1947,798,24,3,257.36,0.15
1948,799,24,2,257.36,0
1949,799,10,3,138.55,0.15
1950,799,28,1,120.31,0
1951,799,30,2,34.5,0
1952,800,14,3,162.75,0
1953,800,11,2,65.78,0.15
1954,800,1,1,227.98,0.1
1955,800,6,3,110.86,0.05
1956,801,2,1,192.11,0.1
1957,802,25,1,110.84,0
1958,802,5,3,208.06,0.15
1959,803,22,3,195.36,0.05
1960,803,16,1,245.64,0
1961,803,9,3,91.0,0.15
1962,804,5,4,208.06,0
1963,805,19,4,249.49,0
1964,805,24,2,257.36,0.15
1965,806,29,5,155.29,0.05
1966,806,21,5,146.97,0
1967,806,22,3,195.36,0.15
1968,807,9,5,91.0,0.1
1969,807,10,3,138.55,0.1
1970,807,7,1,54.0,0.05
1971,807,2,4,192.11,0.1
1972,808,30,2,34.5,0.1
1973,808,22,3,195.36,0.1
1974,808,5,5,208.06,0.15
1975,808,15,2,186.42,0
1976,809,2,5,192.11,0
1977,809,7,1,54.0,0.05
1978,809,10,3,138.55,0
1979,809,27,4,168.64,0
1980,810,29,5,155.29,0.15
1981,810,10,5,138.55,0
1982,810,26,1,266.19,0.15
1983,811,10,2,138.55,0
1984,812,14,3,162.75,0
1985,812,13,5,38.88,0
1986,812,29,2,155.29,0.1
1987,812,4,4,255.55,0.15
1988,813,9,4,91.0,0.1
1989,813,5,2,208.06,0
1990,814,18,4,90.87,0
1991,814,6,2,110.86,0.1
1992,814,13,4,38.88,0.15
1993,814,26,3,266.19,0.1
1994,815,14,5,162.75,0
1995,815,15,4,186.42,0
1996,815,1,2,227.98,0.1
1997,815,30,3,34.5,0
1998,816,2,4,192.11,0
1999,816,25,4,110.84,0.15
2000,816,28,1,120.31,0.05
2001,817,27,3,168.64,0.1
2002,817,21,1,146.97,0
2003,817,4,5,255.55,0.05
2004,818,23,2,163.2,0.1
2005,819,10,3,138.55,0.15
2006,819,21,1,146.97,0.05
2007,820,20,1,112.54,0.1
2008,820,29,1,155.29,0
2009,821,13,3,38.88,0.05
2010,821,2,4,192.11,0
2011,821,30,2,34.5,0.1
2012,821,4,3,255.55,0.1
2013,822,14,2,162.75,0.15
2014,823,6,5,110.86,0
2015,823,17,4,182.53,0.05
2016,824,12,4,204.04,0.15
2017,824,22,1,195.36,0.05
2018,824,9,4,91.0,0.05
2019,824,13,2,38.88,0
2020,825,1,5,227.98,0.05
2021,825,19,1,249.49,0
2022,825,10,2,138.55,0.05
2023,825,2,4,192.11,0
2024,826,12,5,204.04,0.05
2025,826,29,5,155.29,0
2026,827,15,2,186.42,0
2027,827,23,3,163.2,0.05
2028,827,28,1,120.31,0.15
2029,828,19,5,249.49,0.15
2030,828,23,5,163.2,0
2031,829,19,4,249.49,0
2032,829,20,1,112.54,0
2033,829,27,2,168.64,0
2034,830,25,2,110.84,0
2035,830,8,2,314.61,0.15
2036,830,26,4,266.19,0.05
2037,831,4,1,255.55,0.05
2038,831,2,3,192.11,0.1
2039,831,28,1,120.31,0
2040,832,21,5,146.97,0
2041,832,19,2,249.49,0
2042,833,24,4,257.36,0.1
2043,833,6,2,110.86,0
2044,834,2,2,192.11,0
2045,834,26,3,266.19,0.05
2046,835,7,5,54.0,0
2047,835,27,3,168.64,0.1
2048,835,19,5,249.49,0
2049,835,16,1,245.64,0.05
2050,836,5,5,208.06,0
2051,837,1,3,227.98,0
2052,837,8,4,314.61,0.15
2053,837,27,3,168.64,0
2054,838,28,5,120.31,0.1
2055,838,17,3,182.53,0.05
2056,839,30,1,34.5,0
2057,839,9,4,91.0,0
2058,839,21,2,146.97,0
2059,839,1,1,227.98,0
2060,840,3,5,84.51,0.15
2061,840,26,1,266.19,0
2062,840,19,1,249.49,0.05
2063,840,29,5,155.29,0.15
2064,841,24,1,257.36,0.05
2065,841,2,5,192.11,0
2066,841,4,3,255.55,0.05
2067,842,25,2,110.84,0.1
2068,843,18,4,90.87,0
2069,844,18,1,90.87,0.1
2070,844,5,3,208.06,0
2071,844,4,2,255.55,0
2072,844,15,4,186.42,0
2073,845,8,4,314.61,0.15
2074,846,3,1,84.51,0
2075,847,20,2,112.54,0
2076,847,21,2,146.97,0.1
2077,847,29,4,155.29,0.05
2078,848,18,3,90.87,0
2079,848,7,4,54.0,0.15
2080,848,16,3,245.64,0
2081,849,11,5,65.78,0
2082,849,23,1,163.2,0
2083,849,18,4,90.87,0.15
2084,850,27,2,168.64,0
2085,850,17,5,182.53,0
2086,851,21,1,146.97,0.05
2087,851,25,1,110.84,0
2088,851,15,3,186.42,0.1
2089,851,4,4,255.55,0
2090,852,16,4,245.64,0.05
2091,852,1,1,227.98,0
2092,852,28,2,120.31,0.05
2093,852,13,2,38.88,0.15
2094,853,30,3,34.5,0
2095,853,1,5,227.98,0
2096,853,20,1,112.54,0
2097,854,26,1,266.19,0.1
2098,855,6,2,110.86,0
2099,855,13,1,38.88,0
2100,855,15,3,186.42,0
2101,856,2,3,192.11,0.15
2102,856,20,3,112.54,0.15
2103,856,9,5,91.0,0
2104,856,12,1,204.04,0
2105,857,15,4,186.42,0
2106,857,1,4,227.98,0
2107,858,14,5,162.75,0
2108,858,2,3,192.11,0.1
2109,859,25,3,110.84,0.05
2110,859,26,2,266.19,0
2111,859,9,2,91.0,0
2112,860,21,1,146.97,0
2113,861,2,3,192.11,0
2114,861,23,1,163.2,0.15
2115,862,12,1,204.04,0.1
2116,862,4,4,255.55,0
2117,863,27,1,168.64,0.15
2118,863,22,4,195.36,0
2119,863,14,2,162.75,0
2120,864,16,1,245.64,0
2121,864,10,3,138.55,0
2122,864,20,3,112.54,0
2123,865,26,5,266.19,0.15
2124,865,11,5,65.78,0.1
2125,866,22,2,195.36,0.05
2126,867,18,5,90.87,0
2127,867,24,5,257.36,0.05
2128,867,4,5,255.55,0.1
2129,867,28,4,120.31,0
2130,868,8,3,314.61,0
2131,868,26,4,266.19,0
2132,868,25,1,110.84,0.15
2133,869,18,3,90.87,0.15
2134,869,17,4,182.53,0.1
2135,869,3,2,84.51,0.05
2136,870,30,2,34.5,0.05
2137,870,18,5,90.87,0.15
2138,871,4,4,255.55,0.1
2139,871,3,2,84.51,0.1
2140,871,14,4,162.75,0.15
2141,872,4,3,255.55,0.1
2142,872,14,4,162.75,0.15
2143,873,3,5,84.51,0.1
2144,873,5,4,208.06,0.05
2145,874,23,1,163.2,0
2146,874,10,3,138.55,0.1
2147,875,15,4,186.42,0.15
2148,875,30,4,34.5,0
2149,875,14,4,162.75,0.15
2150,876,5,1,208.06,0.1
2151,877,11,5,65.78,0
2152,877,15,1,186.42,0
2153,877,6,3,110.86,0.05
2154,877,17,3,182.53,0
2155,878,25,1,110.84,0.15
2156,878,6,2,110.86,0.05
2157,878,5,5,208.06,0
2158,879,6,3,110.86,0.05
2159,879,4,4,255.55,0
2160,879,10,2,138.55,0
2161,880,5,5,208.06,0.1
2162,880,4,2,255.55,0
2163,880,7,5,54.0,0
2164,881,12,2,204.04,0
2165,882,27,3,168.64,0
2166,882,15,1,186.42,0.05
2167,883,9,1,91.0,0
2168,883,24,1,257.36,0.15
2169,884,9,5,91.0,0.15
2170,884,15,1,186.42,0.15
2171,884,21,3,146.97,0
2172,885,7,1,54.0,0.15
2173,885,27,1,168.64,0
2174,885,18,2,90.87,0.1
2175,886,5,4,208.06,0
2176,886,16,2,245.64,0
2177,886,27,1,168.64,0.1
2178,886,6,2,110.86,0
2179,887,23,1,163.2,0.05
2180,887,6,3,110.86,0.1
2181,888,29,2,155.29,0
2182,888,10,4,138.55,0.05
2183,889,18,1,90.87,0
2184,889,16,1,245.64,0
2185,889,10,4,138.55,0.05
2186,890,15,1,186.42,0
2187,890,11,4,65.78,0.15
2188,891,22,3,195.36,0.1
2189,891,8,2,314.61,0.05
2190,891,1,1,227.98,0.1
2191,891,10,3,138.55,0
2192,892,14,1,162.75,0
2193,892,13,4,38.88,0.15
2194,892,9,2,91.0,0
2195,892,30,1,34.5,0
2196,893,18,1,90.87,0.1
2197,893,7,5,54.0,0
2198,894,30,5,34.5,0
2199,894,12,1,204.04,0.1
2200,894,25,2,110.84,0
2201,895,28,2,120.31,0
2202,895,23,3,163.2,0.05
2203,895,8,2,314.61,0.1
2204,895,10,2,138.55,0
2205,896,26,3,266.19,0
2206,896,16,1,245.64,0
2207,896,2,2,192.11,0
2208,896,6,3,110.86,0.15
2209,897,28,4,120.31,0
2210,897,3,1,84.51,0.15
2211,897,17,5,182.53,0.1
2212,898,7,3,54.0,0
2213,898,27,4,168.64,0.1
2214,898,20,1,112.54,0
2215,898,28,3,120.31,0.05
2216,899,13,2,38.88,0.05
2217,899,10,5,138.55,0
2218,899,14,4,162.75,0
2219,899,3,5,84.51,0.1
2220,900,12,1,204.04,0.05
2221,900,25,2,110.84,0.1
2222,900,18,1,90.87,0.05
2223,900,23,2,163.2,0.05
2224,901,11,1,65.78,0
2225,901,5,5,208.06,0
2226,901,26,2,266.19,0.05
2227,902,17,2,182.53,0
2228,902,24,4,257.36,0
2229,902,27,4,168.64,0
2230,902,19,3,249.49,0
2231,903,28,2,120.31,0.1
2232,903,1,4,227.98,0.1
2233,903,9,4,91.0,0
2234,903,23,2,163.2,0
2235,904,30,1,34.5,0.05
2236,905,6,5,110.86,0.15
2237,906,2,4,192.11,0.05
2238,907,13,4,38.88,0
2239,907,1,3,227.98,0.1
2240,907,10,3,138.55,0.1
2241,907,4,3,255.55,0.1
2242,908,26,3,266.19,0.1
2243,908,20,5,112.54,0
2244,909,6,4,110.86,0
2245,909,17,3,182.53,0.05
2246,910,23,5,163.2,0.05
2247,910,7,3,54.0,0
2248,910,4,1,255.55,0.1
2249,911,12,1,204.04,0
2250,911,21,3,146.97,0
2251,912,20,3,112.54,0.1
2252,912,25,5,110.84,0.15
2253,912,13,2,38.88,0
2254,913,6,1,110.86,0
2255,913,9,5,91.0,0.1
2256,913,19,4,249.49,0
2257,914,7,2,54.0,0
2258,914,6,1,110.86,0.1
2259,914,1,2,227.98,0
2260,914,26,2,266.19,0.05
2261,915,17,4,182.53,0.05
2262,915,26,4,266.19,0
2263,916,13,3,38.88,0
2264,916,25,5,110.84,0
2265,916,23,5,163.2,0
2266,916,16,5,245.64,0
2267,917,27,5,168.64,0.05
2268,917,14,4,162.75,0.15
2269,918,21,3,146.97,0.05
2270,918,12,3,204.04,0.15
2271,918,6,4,110.86,0
2272,918,1,5,227.98,0.1
2273,919,7,4,54.0,0
2274,920,11,3,65.78,0
2275,920,4,5,255.55,0
2276,920,30,5,34.5,0
2277,921,23,3,163.2,0
2278,922,20,2,112.54,0.05
2279,922,21,5,146.97,0
2280,922,15,1,186.42,0
2281,922,16,1,245.64,0.1
2282,923,28,1,120.31,0.05
2283,923,5,1,208.06,0
2284,924,28,5,120.31,0
2285,925,11,3,65.78,0.15
2286,926,14,1,162.75,0
2287,926,27,5,168.64,0
2288,926,22,3,195.36,0
2289,926,2,2,192.11,0.05
2290,927,6,1,110.86,0
2291,927,21,3,146.97,0.1
2292,927,24,3,257.36,0
2293,927,27,3,168.64,0.05
2294,928,30,1,34.5,0
2295,929,25,2,110.84,0
2296,930,10,2,138.55,0.15
2297,930,27,2,168.64,0
2298,931,5,4,208.06,0
2299,931,19,2,249.49,0
2300,931,11,2,65.78,0
2301,932,16,3,245.64,0.1
2302,933,27,1,168.64,0.1
2303,933,21,4,146.97,0
2304,933,22,5,195.36,0.1
2305,933,6,2,110.86,0.15
2306,934,7,5,54.0,0.1
2307,934,11,3,65.78,0
2308,934,23,5,163.2,0
2309,935,17,2,182.53,0.05
2310,936,22,3,195.36,0.15
2311,936,19,1,249.49,0.15
2312,936,29,3,155.29,0
2313,936,2,2,192.11,0.05
2314,937,30,3,34.5,0
2315,937,12,4,204.04,0.1
2316,938,19,4,249.49,0.05
2317,938,23,2,163.2,0
2318,938,14,3,162.75,0.1
2319,938,24,3,257.36,0.05
2320,939,14,4,162.75,0
2321,940,30,5,34.5,0.15
2322,940,10,5,138.55,0
2323,941,26,3,266.19,0
2324,941,2,3,192.11,0.05
2325,941,3,4,84.51,0
2326,942,10,2,138.55,0
2327,942,3,2,84.51,0.05
2328,943,1,3,227.98,0
2329,943,16,4,245.64,0.1
2330,943,6,4,110.86,0.15
2331,944,23,1,163.2,0.05
2332,944,8,2,314.61,0
2333,944,25,2,110.84,0.05
2334,944,30,3,34.5,0
2335,945,18,5,90.87,0
2336,945,3,2,84.51,0.1
2337,945,12,2,204.04,0
2338,945,16,3,245.64,0
2339,946,30,2,34.5,0.05
2340,946,3,2,84.51,0
2341,946,21,2,146.97,0
2342,946,8,4,314.61,0
2343,947,10,4,138.55,0
2344,947,13,3,38.88,0.05
2345,948,15,1,186.42,0
2346,949,6,3,110.86,0
2347,950,16,4,245.64,0.05
2348,951,20,4,112.54,0.1
2349,952,4,4,255.55,0.1
2350,952,26,4,266.19,0.15
2351,952,6,1,110.86,0
2352,953,7,5,54.0,0.15
2353,953,17,4,182.53,0.05
2354,953,27,1,168.64,0.05
2355,954,2,3,192.11,0
2356,954,29,4,155.29,0
2357,954,20,3,112.54,0
2358,955,1,1,227.98,0.1
2359,955,15,1,186.42,0
2360,955,11,1,65.78,0.1
2361,955,10,4,138.55,0
2362,956,21,4,146.97,0
2363,956,16,3,245.64,0.05
2364,957,2,1,192.11,0
2365,957,3,5,84.51,0.15
2366,957,11,1,65.78,0.05
2367,957,12,5,204.04,0.15
2368,958,13,3,38.88,0.15
2369,958,1,1,227.98,0.05
2370,958,6,1,110.86,0
2371,958,24,5,257.36,0
2372,959,7,3,54.0,0.15
2373,959,25,2,110.84,0
2374,959,30,5,34.5,0.15
2375,959,14,1,162.75,0.1
2376,960,14,2,162.75,0
2377,961,15,3,186.42,0
2378,961,20,2,112.54,0
2379,961,26,1,266.19,0.15
2380,962,24,4,257.36,0.1
2381,962,23,4,163.2,0.15
2382,962,20,5,112.54,0
2383,963,11,3,65.78,0
2384,964,7,4,54.0,0
2385,964,18,4,90.87,0
2386,964,23,5,163.2,0
2387,964,6,4,110.86,0.1
2388,965,10,4,138.55,0.15
2389,965,25,4,110.84,0
2390,965,11,2,65.78,0.1
2391,966,14,5,162.75,0.15
2392,966,25,4,110.84,0
2393,966,1,4,227.98,0.1
2394,966,10,2,138.55,0.05
2395,967,4,3,255.55,0
2396,967,19,2,249.49,0.15
2397,968,11,1,65.78,0.15
2398,968,25,3,110.84,0.1
2399,968,12,5,204.04,0.1
2400,969,10,2,138.55,0
2401,969,27,4,168.64,0
2402,969,30,1,34.5,0.1
2403,969,15,3,186.42,0.05
2404,970,14,5,162.75,0
2405,970,7,2,54.0,0.1
2406,970,21,5,146.97,0.1
2407,970,1,1,227.98,0.1
2408,971,6,4,110.86,0.15
2409,971,19,1,249.49,0
2410,972,28,2,120.31,0.05
2411,972,30,3,34.5,0.15
2412,973,11,3,65.78,0
2413,973,5,1,208.06,0
2414,974,8,5,314.61,0.15
2415,974,26,1,266.19,0.1
2416,974,6,3,110.86,0
2417,974,15,2,186.42,0.05
2418,975,28,1,120.31,0.05
2419,975,17,3,182.53,0.15
2420,975,16,5,245.64,0
2421,975,13,5,38.88,0.15
2422,976,10,4,138.55,0.15
2423,977,14,3,162.75,0.1
2424,977,26,1,266.19,0.15
2425,977,4,2,255.55,0
2426,977,5,4,208.06,0.15
2427,978,4,1,255.55,0.05
2428,978,11,4,65.78,0
2429,978,21,3,146.97,0
2430,979,19,1,249.49,0
2431,979,9,2,91.0,0.1
2432,979,20,3,112.54,0
2433,980,10,5,138.55,0.15
2434,980,23,3,163.2,0.05
2435,980,6,4,110.86,0.15
2436,981,28,2,120.31,0
2437,981,13,2,38.88,0.1
2438,981,9,3,91.0,0
2439,982,16,3,245.64,0.15
2440,982,20,2,112.54,0.1
2441,982,29,5,155.29,0
2442,982,6,5,110.86,0
2443,983,6,1,110.86,0.15
2444,983,16,1,245.64,0
2445,983,29,2,155.29,0
2446,983,13,2,38.88,0
2447,984,21,2,146.97,0
2448,985,24,3,257.36,0.15
2449,985,7,1,54.0,0.05
2450,986,9,5,91.0,0.1
2451,987,15,5,186.42,0.1
2452,988,8,4,314.61,0
2453,988,23,1,163.2,0.1
2454,989,29,2,155.29,0.1
2455,990,15,1,186.42,0
2456,990,4,1,255.55,0
2457,990,18,4,90.87,0
2458,990,29,4,155.29,0
2459,991,20,3,112.54,0.1
2460,991,16,1,245.64,0.1
2461,992,1,5,227.98,0
2462,992,9,4,91.0,0.15
2463,992,25,2,110.84,0
2464,992,14,5,162.75,0.05
2465,993,11,5,65.78,0.1
2466,993,9,3,91.0,0.15
2467,994,29,4,155.29,0
2468,994,17,2,182.53,0
2469,994,16,4,245.64,0.15
2470,995,7,1,54.0,0
2471,995,25,2,110.84,0
2472,996,4,5,255.55,0
2473,996,22,5,195.36,0.15
2474,996,10,2,138.55,0
2475,996,30,2,34.5,0
2476,997,11,4,65.78,0.15
2477,997,17,5,182.53,0.05
2478,998,12,3,204.04,0.15
2479,998,5,3,208.06,0.15
2480,998,10,3,138.55,0.05
2481,999,1,4,227.98,0
2482,999,25,2,110.84,0.05
2483,999,13,3,38.88,0
2484,999,2,2,192.11,0
2485,1000,14,3,162.75,0.1
2486,1000,26,5,266.19,0.15
2487,1000,13,2,38.88,0
2488,1001,6,4,110.86,0.15
2489,1001,11,5,65.78,0.05
2490,1002,8,4,314.61,0
2491,1002,9,1,91.0,0
2492,1002,20,3,112.54,0
2493,1002,19,5,249.49,0
2494,1003,11,4,65.78,0
2495,1004,18,4,90.87,0
2496,1004,3,3,84.51,0.1
2497,1005,23,1,163.2,0.15
2498,1005,1,3,227.98,0
2499,1005,5,4,208.06,0.15
2500,1006,15,3,186.42,0
2501,1006,12,3,204.04,0
2502,1007,14,1,162.75,0.1
2503,1007,13,1,38.88,0.1
2504,1007,26,3,266.19,0
2505,1007,16,5,245.64,0.05
2506,1008,10,1,138.55,0.15
2507,1008,19,1,249.49,0.1
2508,1008,11,1,65.78,0.1
2509,1008,21,1,146.97,0.1
2510,1009,25,4,110.84,0
2511,1009,3,4,84.51,0.05
2512,1010,6,5,110.86,0
2513,1011,1,4,227.98,0
2514,1011,20,1,112.54,0
2515,1011,27,3,168.64,0.05
2516,1012,18,2,90.87,0.1
2517,1012,15,3,186.42,0.15
2518,1012,21,5,146.97,0
2519,1013,1,5,227.98,0.1
2520,1014,3,3,84.51,0
2521,1014,11,2,65.78,0
2522,1014,28,3,120.31,0
2523,1015,1,4,227.98,0
2524,1015,5,4,208.06,0
2525,1015,29,4,155.29,0.15
2526,1016,13,1,38.88,0
2527,1016,7,2,54.0,0.1
2528,1016,25,5,110.84,0.15
2529,1016,19,5,249.49,0
2530,1017,24,2,257.36,0
2531,1017,11,1,65.78,0.1
2532,1017,14,3,162.75,0.05
2533,1018,26,1,266.19,0
2534,1018,14,3,162.75,0
2535,1018,13,1,38.88,0.05
2536,1018,28,3,120.31,0
2537,1019,29,3,155.29,0
2538,1019,16,2,245.64,0
2539,1019,1,2,227.98,0.1
2540,1019,9,1,91.0,0
2541,1020,2,5,192.11,0
2542,1021,27,5,168.64,0
2543,1021,6,2,110.86,0
2544,1021,14,1,162.75,0
2545,1021,30,1,34.5,0.05
2546,1022,20,1,112.54,0
2547,1022,11,1,65.78,0.05
2548,1022,1,1,227.98,0.15
2549,1023,25,2,110.84,0
2550,1023,20,1,112.54,0
2551,1023,24,3,257.36,0
2552,1023,17,1,182.53,0.05
2553,1024,5,1,208.06,0
2554,1024,28,4,120.31,0.05
2555,1024,20,3,112.54,0
2556,1024,26,3,266.19,0.15
2557,1025,16,4,245.64,0.15
2558,1026,26,2,266.19,0.15
2559,1026,5,1,208.06,0.15
2560,1027,8,2,314.61,0
2561,1028,25,3,110.84,0.05
2562,1028,29,3,155.29,0.15
2563,1028,5,2,208.06,0.1
2564,1029,6,2,110.86,0.15
2565,1029,1,1,227.98,0
2566,1030,16,5,245.64,0.05
2567,1030,28,4,120.31,0
2568,1030,12,4,204.04,0.1
2569,1030,7,3,54.0,0.1
2570,1031,11,3,65.78,0
2571,1031,29,4,155.29,0.1
2572,1031,6,4,110.86,0.15
2573,1032,14,5,162.75,0
2574,1032,21,1,146.97,0
2575,1032,1,4,227.98,0
2576,1033,14,5,162.75,0
2577,1033,18,4,90.87,0.1
2578,1033,3,2,84.51,0
2579,1033,28,2,120.31,0
2580,1034,19,5,249.49,0.1
2581,1034,28,1,120.31,0.1
2582,1035,12,1,204.04,0.15
2583,1035,6,2,110.86,0.15
2584,1036,28,4,120.31,0
2585,1036,7,4,54.0,0.1
2586,1036,9,4,91.0,0.05
2587,1036,2,4,192.11,0
2588,1037,7,5,54.0,0.1
2589,1037,30,1,34.5,0
2590,1037,24,4,257.36,0
2591,1038,21,4,146.97,0.1
2592,1038,14,2,162.75,0
2593,1039,29,1,155.29,0.15
2594,1039,13,5,38.88,0.15
2595,1040,25,1,110.84,0.1
2596,1040,11,3,65.78,0.1
2597,1040,1,1,227.98,0.15
2598,1041,27,5,168.64,0.05
2599,1041,4,2,255.55,0
2600,1041,18,3,90.87,0
2601,1042,14,4,162.75,0
2602,1042,19,2,249.49,0.1
2603,1042,6,1,110.86,0
2604,1042,29,5,155.29,0.1
2605,1043,14,3,162.75,0.15
2606,1043,2,3,192.11,0
2607,1043,21,5,146.97,0
2608,1043,4,4,255.55,0.15
2609,1044,23,4,163.2,0
2610,1045,22,4,195.36,0.1
2611,1045,9,5,91.0,0.1
2612,1045,4,4,255.55,0.1
2613,1045,25,5,110.84,0.15
2614,1046,19,1,249.49,0
2615,1047,27,1,168.64,0
2616,1047,13,4,38.88,0.05
2617,1047,23,5,163.2,0.1
2618,1047,24,1,257.36,0.05
2619,1048,1,3,227.98,0
2620,1048,21,3,146.97,0.05
2621,1049,12,4,204.04,0
2622,1049,8,3,314.61,0.05
2623,1049,9,3,91.0,0
2624,1050,25,4,110.84,0
2625,1050,12,3,204.04,0
2626,1050,27,5,168.64,0.1
2627,1050,6,2,110.86,0
2628,1051,11,2,65.78,0.05
2629,1051,20,2,112.54,0
2630,1051,16,4,245.64,0
2631,1051,21,3,146.97,0.05
2632,1052,4,2,255.55,0.1
2633,1053,25,4,110.84,0.1
2634,1053,18,1,90.87,0
2635,1053,6,1,110.86,0
2636,1054,5,5,208.06,0
2637,1054,23,4,163.2,0
2638,1054,11,4,65.78,0
2639,1055,11,2,65.78,0.05
2640,1056,22,1,195.36,0.05
2641,1056,9,2,91.0,0.15
2642,1057,5,3,208.06,0
2643,1057,1,1,227.98,0.1
2644,1058,14,5,162.75,0.1
2645,1058,6,4,110.86,0.15
2646,1059,26,3,266.19,0
2647,1059,9,2,91.0,0
2648,1059,14,5,162.75,0
2649,1060,4,5,255.55,0.15
2650,1060,30,4,34.5,0.1
2651,1061,23,2,163.2,0.05
2652,1061,21,3,146.97,0.1
2653,1061,18,1,90.87,0.05
2654,1062,3,4,84.51,0.1
2655,1062,6,1,110.86,0
2656,1062,1,4,227.98,0.15
2657,1062,18,2,90.87,0
2658,1063,29,5,155.29,0.05
2659,1063,24,4,257.36,0.15
2660,1063,1,2,227.98,0.05
2661,1064,11,5,65.78,0.05
2662,1064,8,2,314.61,0.1
2663,1064,19,5,249.49,0
2664,1065,19,1,249.49,0.1
2665,1065,4,1,255.55,0.1
2666,1065,25,4,110.84,0.15
2667,1066,27,1,168.64,0.15
2668,1066,6,4,110.86,0.15
2669,1067,26,4,266.19,0
2670,1067,14,3,162.75,0
2671,1067,13,1,38.88,0
2672,1067,23,3,163.2,0
2673,1068,9,2,91.0,0
2674,1068,13,3,38.88,0.15
2675,1069,17,3,182.53,0
2676,1070,4,5,255.55,0
2677,1070,6,1,110.86,0
2678,1070,1,4,227.98,0
2679,1071,6,2,110.86,0.15
2680,1072,12,2,204.04,0.1
2681,1072,4,3,255.55,0.1
2682,1073,27,1,168.64,0.1
2683,1073,15,1,186.42,0.1
2684,1074,22,5,195.36,0
2685,1074,6,1,110.86,0.05
2686,1074,19,2,249.49,0.1
2687,1075,26,5,266.19,0
2688,1075,15,3,186.42,0
2689,1075,4,3,255.55,0
2690,1075,22,2,195.36,0.05
2691,1076,26,5,266.19,0
2692,1076,27,5,168.64,0
2693,1076,30,3,34.5,0.1
2694,1076,22,5,195.36,0.1
2695,1077,11,2,65.78,0
2696,1077,5,4,208.06,0.05
2697,1077,15,4,186.42,0.05
2698,1078,18,4,90.87,0
2699,1078,16,4,245.64,0
2700,1078,20,1,112.54,0.1
2701,1079,21,1,146.97,0.1
2702,1079,11,1,65.78,0
2703,1080,27,4,168.64,0.15
2704,1081,22,2,195.36,0
2705,1081,23,4,163.2,0
2706,1081,2,2,192.11,0.15
2707,1082,2,4,192.11,0
2708,1083,22,3,195.36,0
2709,1083,27,4,168.64,0
2710,1084,20,3,112.54,0.05
2711,1084,22,5,195.36,0.15
2712,1085,14,4,162.75,0.05
2713,1085,23,4,163.2,0
2714,1085,1,2,227.98,0.05
2715,1086,23,4,163.2,0
2716,1087,6,4,110.86,0
2717,1088,22,4,195.36,0
2718,1088,23,5,163.2,0
2719,1088,30,3,34.5,0.1
2720,1089,3,4,84.51,0
2721,1089,18,2,90.87,0.1
2722,1090,2,4,192.11,0
2723,1090,27,1,168.64,0.15
2724,1091,15,4,186.42,0.1
2725,1091,24,1,257.36,0.15
2726,1091,5,5,208.06,0
2727,1092,5,3,208.06,0
2728,1093,13,4,38.88,0
2729,1094,21,3,146.97,0.15
2730,1094,7,4,54.0,0
2731,1095,18,5,90.87,0
2732,1095,6,1,110.86,0
2733,1095,5,1,208.06,0.05
2734,1096,12,1,204.04,0.15
2735,1096,2,2,192.11,0
2736,1096,5,4,208.06,0
2737,1097,28,2,120.31,0.15
2738,1098,30,3,34.5,0.15
2739,1098,19,5,249.49,0.05
2740,1098,21,4,146.97,0.15
2741,1098,13,2,38.88,0.15
2742,1099,16,4,245.64,0.1
2743,1099,30,3,34.5,0
2744,1099,29,2,155.29,0
2745,1099,5,2,208.06,0.05
2746,1100,26,4,266.19,0.05
2747,1100,10,5,138.55,0
2748,1100,5,4,208.06,0
2749,1100,2,3,192.11,0
2750,1101,15,3,186.42,0.15
2751,1101,13,4,38.88,0
2752,1101,12,5,204.04,0
2753,1101,11,2,65.78,0
2754,1102,29,4,155.29,0
2755,1102,15,3,186.42,0
2756,1102,18,4,90.87,0
2757,1103,29,5,155.29,0.05
2758,1103,27,1,168.64,0
2759,1103,25,2,110.84,0
2760,1104,6,2,110.86,0.05
2761,1104,15,5,186.42,0.15
2762,1104,1,2,227.98,0
2763,1104,23,5,163.2,0
2764,1105,11,2,65.78,0.05
2765,1105,15,3,186.42,0.1
2766,1105,8,5,314.61,0.1
2767,1105,28,1,120.31,0.15
2768,1106,11,1,65.78,0
2769,1107,10,1,138.55,0
2770,1107,27,5,168.64,0
2771,1108,10,5,138.55,0
2772,1108,4,2,255.55,0
2773,1109,6,3,110.86,0.15
2774,1109,18,2,90.87,0
2775,1109,21,2,146.97,0.05
2776,1109,16,1,245.64,0
2777,1110,25,5,110.84,0.15
2778,1110,1,3,227.98,0.05
2779,1111,29,3,155.29,0
2780,1111,11,2,65.78,0
2781,1111,3,5,84.51,0
2782,1112,21,3,146.97,0.15
2783,1112,11,1,65.78,0
2784,1113,6,2,110.86,0.1
2785,1113,12,3,204.04,0.1
2786,1113,28,1,120.31,0.05
2787,1113,9,3,91.0,0
2788,1114,14,4,162.75,0.15
2789,1114,11,1,65.78,0
2790,1114,2,5,192.11,0
2791,1114,9,2,91.0,0.1
2792,1115,13,3,38.88,0.15
2793,1115,2,4,192.11,0
2794,1115,23,3,163.2,0.1
2795,1115,22,4,195.36,0.05
2796,1116,18,3,90.87,0
2797,1116,7,1,54.0,0.05
2798,1116,16,1,245.64,0.15
2799,1117,26,1,266.19,0
2800,1117,25,1,110.84,0
2801,1118,25,1,110.84,0
2802,1118,3,1,84.51,0.15
2803,1119,21,1,146.97,0.1
2804,1119,28,1,120.31,0
2805,1119,11,2,65.78,0
2806,1119,26,1,266.19,0
2807,1120,7,1,54.0,0.05
2808,1120,2,3,192.11,0.15
2809,1121,20,3,112.54,0.15
2810,1121,23,5,163.2,0
2811,1121,6,4,110.86,0
2812,1121,16,5,245.64,0
2813,1122,23,1,163.2,0
2814,1122,4,2,255.55,0
2815,1123,20,3,112.54,0
2816,1123,14,4,162.75,0
2817,1123,17,3,182.53,0.15
2818,1124,25,1,110.84,0
2819,1124,6,4,110.86,0
2820,1124,3,1,84.51,0.1
2821,1125,1,3,227.98,0.1
2822,1125,24,3,257.36,0.15
2823,1125,22,5,195.36,0.15
2824,1125,3,1,84.51,0.1
2825,1126,12,4,204.04,0
2826,1126,16,5,245.64,0.15
2827,1126,10,2,138.55,0
2828,1126,25,5,110.84,0
2829,1127,30,4,34.5,0.05
2830,1127,26,4,266.19,0.05
2831,1127,28,2,120.31,0
2832,1128,26,4,266.19,0.15
2833,1128,11,2,65.78,0.05
2834,1129,19,2,249.49,0
2835,1129,6,1,110.86,0.05
2836,1130,16,4,245.64,0
2837,1131,14,1,162.75,0
2838,1131,28,1,120.31,0
2839,1131,6,3,110.86,0.15
2840,1131,16,4,245.64,0.1
2841,1132,26,1,266.19,0
2842,1132,7,2,54.0,0
2843,1132,14,3,162.75,0.15
2844,1132,16,5,245.64,0.05
2845,1133,11,2,65.78,0
2846,1133,24,5,257.36,0.05
2847,1133,12,1,204.04,0
2848,1134,23,3,163.2,0.15
2849,1134,8,4,314.61,0
2850,1134,30,5,34.5,0
2851,1135,26,2,266.19,0.15
2852,1135,21,5,146.97,0.1
2853,1135,19,2,249.49,0
2854,1136,13,2,38.88,0.1
2855,1137,3,2,84.51,0
2856,1137,15,2,186.42,0
2857,1137,13,1,38.88,0.05
2858,1138,27,5,168.64,0
2859,1138,20,3,112.54,0
2860,1138,16,4,245.64,0
2861,1139,10,1,138.55,0.15
2862,1140,8,4,314.61,0.15
2863,1140,26,1,266.19,0
2864,1140,13,3,38.88,0
2865,1141,3,2,84.51,0.05
2866,1141,12,4,204.04,0.1
2867,1141,15,2,186.42,0.1
2868,1141,25,4,110.84,0
2869,1142,10,3,138.55,0
2870,1142,6,1,110.86,0
2871,1142,19,3,249.49,0.1
2872,1142,5,4,208.06,0
2873,1143,21,4,146.97,0.15
2874,1144,21,3,146.97,0
2875,1145,16,1,245.64,0
2876,1145,3,2,84.51,0
2877,1146,12,4,204.04,0
2878,1146,11,1,65.78,0.05
2879,1146,3,4,84.51,0.1
2880,1147,18,1,90.87,0
2881,1147,27,4,168.64,0
2882,1148,2,2,192.11,0.05
2883,1149,17,3,182.53,0.05
2884,1149,11,4,65.78,0
2885,1150,18,5,90.87,0
2886,1150,3,2,84.51,0
2887,1150,2,5,192.11,0.05
2888,1150,7,1,54.0,0
2889,1151,13,2,38.88,0.1
2890,1151,7,1,54.0,0.15
2891,1152,17,2,182.53,0.1
2892,1152,13,3,38.88,0
2893,1152,6,2,110.86,0
2894,1153,15,5,186.42,0.05
2895,1153,1,2,227.98,0
2896,1153,20,1,112.54,0
2897,1154,27,2,168.64,0.1
2898,1154,23,3,163.2,0
2899,1154,22,4,195.36,0
2900,1155,10,1,138.55,0
2901,1156,24,5,257.36,0
2902,1156,11,4,65.78,0.05
2903,1156,15,5,186.42,0.1
2904,1156,13,3,38.88,0.15
2905,1157,29,1,155.29,0
2906,1158,15,5,186.42,0
2907,1158,13,1,38.88,0
2908,1158,24,3,257.36,0
2909,1159,9,4,91.0,0.15
2910,1160,9,2,91.0,0
2911,1160,15,1,186.42,0.05
2912,1161,15,5,186.42,0.15
2913,1161,28,5,120.31,0
2914,1162,3,2,84.51,0
2915,1162,24,4,257.36,0.15
2916,1162,23,4,163.2,0
2917,1162,5,1,208.06,0.05
2918,1163,22,1,195.36,0
2919,1164,1,2,227.98,0
2920,1164,22,4,195.36,0
2921,1164,9,1,91.0,0.1
2922,1165,23,1,163.2,0
2923,1165,28,3,120.31,0
2924,1166,12,3,204.04,0.15
2925,1166,22,5,195.36,0.1
2926,1167,19,3,249.49,0.05
2927,1167,13,3,38.88,0
2928,1168,12,3,204.04,0
2929,1168,14,3,162.75,0
2930,1168,3,4,84.51,0.05
2931,1168,20,5,112.54,0.15
2932,1169,20,5,112.54,0.15
2933,1169,11,2,65.78,0.1
2934,1170,29,1,155.29,0.1
2935,1170,4,1,255.55,0.1
2936,1170,17,1,182.53,0
2937,1170,18,5,90.87,0.15
2938,1171,16,3,245.64,0.1
2939,1171,4,4,255.55,0.1
2940,1171,11,4,65.78,0
2941,1172,8,4,314.61,0
2942,1173,16,2,245.64,0
2943,1174,18,1,90.87,0
2944,1174,21,1,146.97,0
2945,1175,3,3,84.51,0.05
2946,1176,1,3,227.98,0.05
2947,1176,23,3,163.2,0
2948,1176,20,3,112.54,0.05
2949,1176,10,5,138.55,0.1
2950,1177,22,4,195.36,0
2951,1178,28,5,120.31,0
2952,1178,26,4,266.19,0.15
2953,1178,13,5,38.88,0.1
2954,1178,25,3,110.84,0.15
2955,1179,16,3,245.64,0.1
2956,1180,15,4,186.42,0.15
2957,1181,10,4,138.55,0
2958,1181,18,5,90.87,0.05
2959,1181,25,1,110.84,0
2960,1182,30,5,34.5,0.05
2961,1183,26,1,266.19,0
2962,1183,30,5,34.5,0
2963,1183,18,5,90.87,0.05
2964,1183,21,2,146.97,0.05
2965,1184,14,2,162.75,0
2966,1184,4,2,255.55,0.05
2967,1184,22,4,195.36,0
2968,1185,2,3,192.11,0.15
2969,1185,10,5,138.55,0.05
2970,1185,6,2,110.86,0.15
2971,1185,8,4,314.61,0.15
2972,1186,24,5,257.36,0
2973,1186,20,4,112.54,0.05
2974,1187,21,4,146.97,0.05
2975,1187,18,1,90.87,0
2976,1187,4,4,255.55,0.1
2977,1188,29,4,155.29,0.05
2978,1188,22,5,195.36,0
2979,1188,12,2,204.04,0
2980,1189,22,4,195.36,0.15
2981,1189,7,5,54.0,0
2982,1190,19,1,249.49,0.1
2983,1190,14,1,162.75,0
2984,1191,1,1,227.98,0
2985,1191,12,5,204.04,0.15
2986,1191,2,3,192.11,0.1
2987,1191,17,5,182.53,0
2988,1192,26,4,266.19,0.05
2989,1192,7,2,54.0,0
2990,1192,22,2,195.36,0.05
2991,1192,16,5,245.64,0.15
2992,1193,28,2,120.31,0
2993,1193,17,4,182.53,0.1
2994,1194,27,3,168.64,0.05
2995,1194,21,1,146.97,0.05
2996,1194,12,1,204.04,0
2997,1194,8,4,314.61,0
2998,1195,24,2,257.36,0.05
2999,1195,30,5,34.5,0.1
3000,1196,20,3,112.54,0.05
3001,1196,17,1,182.53,0.05
3002,1197,23,2,163.2,0.15
3003,1198,21,3,146.97,0.1
3004,1198,26,5,266.19,0
3005,1198,30,3,34.5,0.05
3006,1198,11,5,65.78,0.05
3007,1199,11,1,65.78,0
3008,1199,18,3,90.87,0
3009,1199,17,3,182.53,0.1
3010,1199,20,5,112.54,0
3011,1200,12,2,204.04,0
3012,1200,10,5,138.55,0.15
3013,1201,22,2,195.36,0.15
3014,1201,7,3,54.0,0
3015,1201,25,3,110.84,0.15
3016,1201,20,5,112.54,0.1
3017,1202,4,3,255.55,0.15
3018,1202,24,2,257.36,0
3019,1203,12,3,204.04,0.1
3020,1203,8,4,314.61,0.1
3021,1203,13,3,38.88,0
3022,1203,16,3,245.64,0.1
3023,1204,1,3,227.98,0.05
3024,1204,3,4,84.51,0.1
3025,1204,7,5,54.0,0
3026,1204,26,5,266.19,0.1
3027,1205,20,4,112.54,0
3028,1205,4,1,255.55,0
3029,1205,16,2,245.64,0
3030,1205,14,3,162.75,0
3031,1206,5,4,208.06,0
3032,1206,26,1,266.19,0.15
3033,1206,4,5,255.55,0
3034,1207,10,2,138.55,0
3035,1207,14,5,162.75,0.1
3036,1207,8,5,314.61,0
3037,1208,25,4,110.84,0
3038,1208,8,5,314.61,0.1
3039,1208,6,1,110.86,0
3040,1209,4,2,255.55,0
3041,1209,8,4,314.61,0.1
3042,1209,28,2,120.31,0
3043,1209,14,2,162.75,0
3044,1210,19,4,249.49,0
3045,1210,28,2,120.31,0
3046,1210,20,1,112.54,0.05
3047,1210,13,4,38.88,0.05
3048,1211,7,4,54.0,0.05
3049,1211,29,5,155.29,0
3050,1211,22,3,195.36,0
3051,1212,12,1,204.04,0.1
3052,1212,5,4,208.06,0
3053,1213,13,3,38.88,0
3054,1213,9,4,91.0,0.1
3055,1213,8,4,314.61,0
3056,1214,23,5,163.2,0
3057,1214,26,3,266.19,0.05
3058,1214,1,1,227.98,0.05
3059,1214,13,4,38.88,0.15
3060,1215,8,3,314.61,0.05
3061,1215,9,2,91.0,0
3062,1215,12,2,204.04,0.1
3063,1216,25,2,110.84,0
3064,1217,9,1,91.0,0.1
3065,1218,28,3,120.31,0
3066,1218,14,2,162.75,0.05
3067,1219,20,1,112.54,0.1
3068,1220,14,1,162.75,0
3069,1220,29,5,155.29,0.15
3070,1220,6,1,110.86,0
3071,1220,8,1,314.61,0
3072,1221,18,2,90.87,0
3073,1221,25,5,110.84,0
3074,1221,12,2,204.04,0
3075,1221,24,3,257.36,0
3076,1222,13,2,38.88,0
3077,1223,19,4,249.49,0
3078,1223,26,4,266.19,0
3079,1223,9,1,91.0,0.15
3080,1224,3,4,84.51,0
3081,1225,22,5,195.36,0.15
3082,1225,25,4,110.84,0.1
3083,1225,13,4,38.88,0.15
3084,1225,18,5,90.87,0
3085,1226,6,2,110.86,0
3086,1226,17,2,182.53,0
3087,1226,28,5,120.31,0
3088,1226,16,3,245.64,0
3089,1227,1,2,227.98,0
3090,1227,11,2,65.78,0.05
3091,1227,16,2,245.64,0.05
3092,1228,5,2,208.06,0.05
3093,1228,1,3,227.98,0.05
3094,1229,15,4,186.42,0
3095,1229,5,2,208.06,0
3096,1230,12,4,204.04,0.05
3097,1231,12,5,204.04,0.05
3098,1231,27,1,168.64,0.05
3099,1231,17,1,182.53,0
3100,1232,1,2,227.98,0.15
3101,1232,4,5,255.55,0
3102,1233,1,3,227.98,0.1
3103,1233,15,4,186.42,0
3104,1233,13,5,38.88,0
3105,1234,29,4,155.29,0.05
3106,1235,5,4,208.06,0
3107,1236,25,2,110.84,0
3108,1236,30,5,34.5,0.05
3109,1237,1,4,227.98,0.1
3110,1237,5,2,208.06,0.05
3111,1237,7,2,54.0,0.05
3112,1238,28,3,120.31,0.15
3113,1238,2,4,192.11,0
3114,1239,3,4,84.51,0
3115,1240,21,5,146.97,0
3116,1240,22,5,195.36,0.1
3117,1240,11,3,65.78,0.1
3118,1241,9,4,91.0,0.15
3119,1241,11,4,65.78,0
3120,1241,17,5,182.53,0
3121,1241,10,3,138.55,0
3122,1242,29,4,155.29,0
3123,1242,8,1,314.61,0.15
3124,1243,19,2,249.49,0
3125,1243,11,5,65.78,0.05
3126,1243,10,1,138.55,0
3127,1243,3,1,84.51,0.05
3128,1244,11,3,65.78,0
3129,1245,13,2,38.88,0
3130,1245,14,2,162.75,0.1
3131,1246,19,1,249.49,0
3132,1246,13,1,38.88,0
3133,1246,28,1,120.31,0
3134,1247,2,4,192.11,0
3135,1247,1,1,227.98,0
3136,1248,22,1,195.36,0
3137,1248,19,3,249.49,0
3138,1248,3,1,84.51,0
3139,1249,27,2,168.64,0
3140,1250,20,1,112.54,0.1
3141,1250,27,3,168.64,0
3142,1250,17,1,182.53,0.05
3143,1251,16,5,245.64,0
3144,1252,22,4,195.36,0.05
3145,1252,6,3,110.86,0.1
3146,1252,23,3,163.2,0
3147,1253,22,2,195.36,0.05
3148,1253,11,2,65.78,0.15
3149,1253,7,2,54.0,0
3150,1254,15,2,186.42,0
3151,1255,19,4,249.49,0.05
3152,1255,8,4,314.61,0
3153,1255,23,5,163.2,0.15
3154,1256,12,2,204.04,0.05
3155,1257,13,4,38.88,0.05
3156,1257,6,4,110.86,0.15
3157,1257,27,3,168.64,0.05
3158,1258,30,2,34.5,0
3159,1258,25,2,110.84,0
3160,1258,19,4,249.49,0
3161,1259,17,4,182.53,0
3162,1259,20,2,112.54,0.15
3163,1260,23,5,163.2,0
3164,1260,11,3,65.78,0
3165,1260,26,1,266.19,0.05
3166,1261,17,5,182.53,0.1
3167,1261,13,5,38.88,0.1
3168,1261,29,2,155.29,0.05
3169,1262,18,1,90.87,0
3170,1262,25,3,110.84,0
3171,1262,15,4,186.42,0.1
3172,1263,30,5,34.5,0
3173,1263,11,4,65.78,0
3174,1264,13,5,38.88,0
3175,1264,9,1,91.0,0
3176,1264,1,4,227.98,0
3177,1265,18,5,90.87,0.05
3178,1265,27,1,168.64,0.1
3179,1265,29,3,155.29,0.1
3180,1266,18,5,90.87,0
3181,1266,22,1,195.36,0
3182,1267,18,2,90.87,0
3183,1267,21,4,146.97,0
3184,1268,30,3,34.5,0
3185,1268,24,3,257.36,0.15
3186,1269,12,3,204.04,0
3187,1269,4,5,255.55,0.15
3188,1270,28,1,120.31,0
3189,1271,11,5,65.78,0.05
3190,1271,4,5,255.55,0
3191,1271,17,4,182.53,0.15
3192,1271,25,5,110.84,0
3193,1272,13,2,38.88,0.1
3194,1272,26,3,266.19,0.15
3195,1273,6,5,110.86,0
3196,1273,17,4,182.53,0.15
3197,1273,27,3,168.64,0
3198,1274,7,4,54.0,0.1
3199,1274,6,1,110.86,0.15
3200,1274,20,2,112.54,0.15
3201,1274,21,4,146.97,0.1
3202,1275,7,1,54.0,0.05
3203,1275,29,2,155.29,0
3204,1275,2,5,192.11,0
3205,1276,24,4,257.36,0
3206,1276,27,2,168.64,0
3207,1276,1,5,227.98,0.1
3208,1276,11,5,65.78,0
3209,1277,4,1,255.55,0.15
3210,1277,20,3,112.54,0
3211,1277,26,3,266.19,0.1
3212,1278,2,3,192.11,0.15
3213,1279,5,4,208.06,0
3214,1279,9,5,91.0,0
3215,1279,11,1,65.78,0.05
3216,1279,28,3,120.31,0.15
3217,1280,6,2,110.86,0.1
3218,1280,23,5,163.2,0.1
3219,1280,3,1,84.51,0
3220,1281,6,5,110.86,0
3221,1282,27,5,168.64,0
3222,1282,25,5,110.84,0.1
3223,1282,18,5,90.87,0
3224,1283,10,4,138.55,0
3225,1284,3,5,84.51,0
3226,1284,4,1,255.55,0.05
3227,1285,9,2,91.0,0.1
3228,1286,21,5,146.97,0.15
3229,1286,30,1,34.5,0.15
3230,1287,6,5,110.86,0
3231,1287,24,4,257.36,0
3232,1288,16,2,245.64,0
3233,1288,18,4,90.87,0
3234,1289,12,5,204.04,0.05
3235,1289,5,5,208.06,0
3236,1289,13,3,38.88,0
3237,1290,1,2,227.98,0.15
3238,1290,4,3,255.55,0.15
3239,1290,13,2,38.88,0.1
3240,1290,19,2,249.49,0.15
3241,1291,8,2,314.61,0.15
3242,1292,9,5,91.0,0
3243,1292,4,2,255.55,0.15
3244,1293,15,2,186.42,0.15
3245,1293,5,1,208.06,0
3246,1294,15,2,186.42,0
3247,1294,22,4,195.36,0
3248,1294,7,2,54.0,0.15
3249,1295,2,4,192.11,0
3250,1295,9,1,91.0,0
3251,1295,1,4,227.98,0.1
3252,1295,14,3,162.75,0
3253,1296,6,1,110.86,0.05
3254,1296,14,5,162.75,0
3255,1296,25,5,110.84,0.05
3256,1297,23,3,163.2,0.05
3257,1297,28,4,120.31,0
3258,1298,25,2,110.84,0.15
3259,1299,4,3,255.55,0.1
3260,1299,9,3,91.0,0.15
3261,1300,24,1,257.36,0.1
3262,1300,13,1,38.88,0
3263,1300,1,3,227.98,0
3264,1301,21,5,146.97,0
3265,1301,16,2,245.64,0
3266,1302,1,2,227.98,0
3267,1302,16,3,245.64,0.15
3268,1302,7,4,54.0,0
3269,1303,22,5,195.36,0
3270,1303,27,1,168.64,0.05
3271,1303,20,4,112.54,0.1
3272,1303,19,2,249.49,0
3273,1304,18,4,90.87,0
3274,1304,11,4,65.78,0.1
3275,1305,8,1,314.61,0
3276,1305,14,4,162.75,0.05
3277,1306,23,2,163.2,0
3278,1306,5,3,208.06,0
3279,1306,8,1,314.61,0
3280,1306,24,1,257.36,0.1
3281,1307,29,2,155.29,0.1
3282,1307,7,1,54.0,0
3283,1307,3,3,84.51,0.1
3284,1307,11,5,65.78,0.15
3285,1308,18,1,90.87,0.05
3286,1308,6,2,110.86,0.05
3287,1308,22,3,195.36,0
3288,1309,23,4,163.2,0.1
3289,1309,12,2,204.04,0
3290,1309,30,1,34.5,0.15
3291,1309,25,5,110.84,0
3292,1310,8,1,314.61,0.15
3293,1310,24,2,257.36,0
3294,1311,2,5,192.11,0
3295,1311,22,1,195.36,0
3296,1311,15,2,186.42,0
3297,1311,8,3,314.61,0.15
3298,1312,16,1,245.64,0
3299,1312,13,3,38.88,0
3300,1313,25,2,110.84,0
3301,1314,23,2,163.2,0
3302,1314,27,5,168.64,0.15
3303,1315,29,5,155.29,0.1
3304,1315,15,5,186.42,0
3305,1315,6,4,110.86,0.05
3306,1316,30,1,34.5,0
3307,1316,24,4,257.36,0
3308,1317,26,2,266.19,0
3309,1318,2,2,192.11,0.1
3310,1318,17,2,182.53,0
3311,1319,8,5,314.61,0.1
3312,1320,9,3,91.0,0
3313,1321,28,2,120.31,0.15
3314,1321,27,1,168.64,0.1
3315,1321,7,2,54.0,0.1
3316,1321,5,4,208.06,0
3317,1322,24,3,257.36,0.05
3318,1323,25,1,110.84,0
3319,1324,25,5,110.84,0
3320,1324,24,1,257.36,0.15
3321,1325,2,5,192.11,0
3322,1325,26,2,266.19,0
3323,1325,21,3,146.97,0.05
3324,1326,9,5,91.0,0
3325,1326,6,5,110.86,0.15
3326,1326,3,5,84.51,0.1
3327,1327,5,2,208.06,0
3328,1328,17,4,182.53,0.05
3329,1329,29,3,155.29,0.15
3330,1329,8,3,314.61,0
3331,1329,13,3,38.88,0.15
3332,1330,19,2,249.49,0
3333,1330,4,5,255.55,0
3334,1330,8,3,314.61,0
3335,1330,14,1,162.75,0
3336,1331,18,1,90.87,0.15
3337,1332,20,5,112.54,0
3338,1332,28,1,120.31,0.1
3339,1332,18,5,90.87,0
3340,1332,15,2,186.42,0
3341,1333,9,5,91.0,0.1
3342,1333,27,1,168.64,0
3343,1333,17,3,182.53,0.15
3344,1333,4,2,255.55,0.1
3345,1334,13,2,38.88,0.1
3346,1334,23,1,163.2,0.05
3347,1335,23,5,163.2,0.15
3348,1335,13,3,38.88,0.15
3349,1336,14,1,162.75,0
3350,1336,10,4,138.55,0.15
3351,1336,6,2,110.86,0
3352,1337,3,1,84.51,0.05
3353,1337,15,3,186.42,0.15
3354,1337,28,4,120.31,0
3355,1338,26,3,266.19,0
3356,1338,8,5,314.61,0.15
3357,1338,24,2,257.36,0
3358,1338,22,2,195.36,0.15
3359,1339,14,3,162.75,0.1
3360,1339,26,5,266.19,0.1
3361,1339,9,5,91.0,0
3362,1340,27,3,168.64,0.15
3363,1340,9,2,91.0,0.05
3364,1341,10,1,138.55,0
3365,1342,7,3,54.0,0.1
3366,1342,27,3,168.64,0.15
3367,1342,17,1,182.53,0.05
3368,1343,23,5,163.2,0.05
3369,1344,20,2,112.54,0
3370,1345,7,3,54.0,0
3371,1345,5,1,208.06,0.05
3372,1345,13,1,38.88,0.15
3373,1345,21,1,146.97,0
3374,1346,17,5,182.53,0.15
3375,1346,28,5,120.31,0
3376,1346,14,1,162.75,0
3377,1346,25,2,110.84,0
3378,1347,4,5,255.55,0.1
3379,1347,18,1,90.87,0
3380,1347,5,4,208.06,0
3381,1347,27,4,168.64,0.15
3382,1348,24,4,257.36,0
3383,1349,5,1,208.06,0
3384,1349,29,5,155.29,0
3385,1349,2,1,192.11,0.1
3386,1350,8,4,314.61,0
3387,1350,13,1,38.88,0.1
3388,1350,17,2,182.53,0.05
3389,1351,3,4,84.51,0
3390,1351,8,3,314.61,0
3391,1352,5,4,208.06,0.15
3392,1352,17,1,182.53,0
3393,1352,18,1,90.87,0
3394,1353,17,1,182.53,0
3395,1354,28,5,120.31,0
3396,1354,2,3,192.11,0.05
3397,1355,3,1,84.51,0
3398,1355,11,2,65.78,0
3399,1355,24,3,257.36,0
3400,1355,7,1,54.0,0.05
3401,1356,16,4,245.64,0.05
3402,1357,17,3,182.53,0
3403,1357,27,1,168.64,0
3404,1358,25,2,110.84,0.05
3405,1358,7,5,54.0,0.15
3406,1358,11,5,65.78,0
3407,1358,10,4,138.55,0
3408,1359,2,1,192.11,0.15
3409,1360,17,3,182.53,0.1
3410,1361,30,4,34.5,0
3411,1361,1,5,227.98,0
3412,1362,28,5,120.31,0.15
3413,1362,25,5,110.84,0.1
3414,1362,22,4,195.36,0
3415,1362,10,5,138.55,0
3416,1363,5,5,208.06,0
3417,1363,11,3,65.78,0
3418,1364,6,2,110.86,0
3419,1364,29,2,155.29,0
3420,1365,14,5,162.75,0.15
3421,1366,15,4,186.42,0
3422,1367,18,5,90.87,0.1
3423,1367,24,2,257.36,0
3424,1367,8,5,314.61,0
3425,1368,27,3,168.64,0
3426,1369,29,5,155.29,0.1
3427,1369,23,4,163.2,0
3428,1370,18,4,90.87,0.15
3429,1370,22,3,195.36,0
3430,1370,5,5,208.06,0.05
3431,1371,30,2,34.5,0
3432,1372,25,5,110.84,0
3433,1372,7,5,54.0,0
3434,1373,13,2,38.88,0.1
3435,1373,18,3,90.87,0.1
3436,1373,5,3,208.06,0.15
3437,1374,1,5,227.98,0.05
3438,1374,22,5,195.36,0.05
3439,1375,17,2,182.53,0.1
3440,1375,7,3,54.0,0
3441,1375,3,1,84.51,0
3442,1375,22,4,195.36,0.1
3443,1376,28,3,120.31,0
3444,1377,28,4,120.31,0.15
3445,1377,19,4,249.49,0.15
3446,1378,9,4,91.0,0.05
3447,1378,1,4,227.98,0.1
3448,1378,29,3,155.29,0.05
3449,1379,25,2,110.84,0.1
3450,1379,28,2,120.31,0
3451,1379,14,1,162.75,0.1
3452,1379,22,1,195.36,0.15
3453,1380,6,5,110.86,0.15
3454,1381,3,2,84.51,0
3455,1381,7,2,54.0,0
3456,1381,15,3,186.42,0.15
3457,1382,15,5,186.42,0
3458,1383,3,5,84.51,0
3459,1384,8,3,314.61,0
3460,1384,27,4,168.64,0.05
3461,1384,17,5,182.53,0.1
3462,1384,22,3,195.36,0.05
3463,1385,10,1,138.55,0.15
3464,1385,9,2,91.0,0.1
3465,1385,19,3,249.49,0
3466,1386,27,1,168.64,0.05
3467,1387,22,1,195.36,0.05
3468,1387,9,4,91.0,0.1
3469,1388,22,2,195.36,0
3470,1388,17,1,182.53,0
3471,1388,6,1,110.86,0.05
3472,1388,30,5,34.5,0.1
3473,1389,17,2,182.53,0.1
3474,1389,30,5,34.5,0
3475,1389,14,4,162.75,0.15
3476,1390,28,5,120.31,0
3477,1390,27,1,168.64,0.1
3478,1391,19,4,249.49,0.15
3479,1391,25,1,110.84,0.05
3480,1392,16,4,245.64,0
3481,1392,23,4,163.2,0.1
3482,1392,2,2,192.11,0
3483,1392,13,3,38.88,0
3484,1393,6,3,110.86,0
3485,1393,8,2,314.61,0
3486,1394,30,4,34.5,0.1
3487,1394,4,2,255.55,0.15
3488,1394,22,1,195.36,0.1
3489,1394,9,2,91.0,0
3490,1395,15,5,186.42,0.1
3491,1395,25,5,110.84,0.15
3492,1395,20,3,112.54,0
3493,1395,2,4,192.11,0.1
3494,1396,29,1,155.29,0
3495,1396,30,1,34.5,0.1
3496,1397,24,5,257.36,0
3497,1397,20,2,112.54,0
3498,1397,23,5,163.2,0
3499,1397,9,5,91.0,0.1
3500,1398,12,5,204.04,0.1
3501,1398,15,4,186.42,0
3502,1398,21,4,146.97,0
3503,1399,15,5,186.42,0.15
3504,1399,13,2,38.88,0
3505,1399,16,5,245.64,0.05
3506,1399,7,3,54.0,0.05
3507,1400,16,5,245.64,0
3508,1400,20,5,112.54,0.1
3509,1400,18,4,90.87,0.1
3510,1400,13,4,38.88,0.15
3511,1401,16,1,245.64,0.15
3512,1401,24,5,257.36,0
3513,1402,12,3,204.04,0
3514,1402,2,3,192.11,0.05
3515,1403,19,1,249.49,0
3516,1403,2,3,192.11,0.1
3517,1403,1,2,227.98,0.15
3518,1403,22,3,195.36,0
3519,1404,15,2,186.42,0
3520,1404,19,5,249.49,0
3521,1404,13,2,38.88,0.15
3522,1404,7,2,54.0,0.15
3523,1405,26,2,266.19,0
3524,1405,13,5,38.88,0.1
3525,1405,27,1,168.64,0
3526,1406,6,3,110.86,0.15
3527,1406,18,4,90.87,0
3528,1406,25,3,110.84,0.05
3529,1407,28,2,120.31,0
3530,1407,23,5,163.2,0.1
3531,1408,18,4,90.87,0
3532,1409,13,3,38.88,0
3533,1409,28,5,120.31,0
3534,1409,18,4,90.87,0.15
3535,1410,21,5,146.97,0.1
3536,1410,20,1,112.54,0
3537,1410,4,4,255.55,0.1
3538,1411,19,1,249.49,0
3539,1411,8,3,314.61,0
3540,1411,9,4,91.0,0
3541,1412,27,1,168.64,0
3542,1412,11,2,65.78,0
3543,1412,7,5,54.0,0
3544,1413,8,4,314.61,0.05
3545,1414,28,1,120.31,0
3546,1414,5,1,208.06,0
3547,1414,23,3,163.2,0
3548,1415,23,5,163.2,0.1
3549,1416,25,1,110.84,0
3550,1416,16,3,245.64,0
3551,1417,18,4,90.87,0.05
3552,1417,26,1,266.19,0
3553,1417,30,5,34.5,0.1
3554,1418,28,4,120.31,0.15
3555,1418,6,3,110.86,0.1
3556,1418,5,3,208.06,0.15
3557,1419,24,3,257.36,0
3558,1419,19,5,249.49,0
3559,1419,14,2,162.75,0.1
3560,1420,11,1,65.78,0
3561,1420,1,1,227.98,0
3562,1420,5,3,208.06,0
3563,1420,30,2,34.5,0.1
3564,1421,26,3,266.19,0
3565,1422,2,4,192.11,0.1
3566,1422,17,2,182.53,0.15
3567,1422,7,1,54.0,0
3568,1422,21,3,146.97,0
3569,1423,5,2,208.06,0.05
3570,1423,16,4,245.64,0.15
3571,1423,28,4,120.31,0.15
3572,1423,23,3,163.2,0.15
3573,1424,30,3,34.5,0
3574,1424,12,1,204.04,0.1
3575,1425,24,2,257.36,0
3576,1426,29,1,155.29,0.15
3577,1426,27,3,168.64,0.1
3578,1427,17,2,182.53,0.05
3579,1428,12,4,204.04,0.05
3580,1428,1,5,227.98,0.15
3581,1428,18,1,90.87,0.15
3582,1428,6,4,110.86,0
3583,1429,9,5,91.0,0.15
3584,1429,24,3,257.36,0.05
3585,1429,12,2,204.04,0.05
3586,1430,17,4,182.53,0.05
3587,1431,13,1,38.88,0.1
3588,1432,6,2,110.86,0
3589,1432,3,4,84.51,0.15
3590,1432,15,2,186.42,0.1
3591,1432,22,5,195.36,0
3592,1433,19,5,249.49,0
3593,1433,30,4,34.5,0
3594,1434,21,3,146.97,0
3595,1435,21,2,146.97,0.1
3596,1435,12,5,204.04,0
3597,1435,23,3,163.2,0.1
3598,1436,24,4,257.36,0
3599,1436,21,2,146.97,0.05
3600,1436,15,3,186.42,0
3601,1436,29,1,155.29,0.1
3602,1437,20,2,112.54,0.05
3603,1437,23,5,163.2,0.1
3604,1437,24,4,257.36,0
3605,1437,4,2,255.55,0.1
3606,1438,8,5,314.61,0.05
3607,1438,22,5,195.36,0.05
3608,1438,29,1,155.29,0
3609,1439,5,1,208.06,0
3610,1439,1,3,227.98,0.05
3611,1440,29,1,155.29,0
3612,1441,12,3,204.04,0.15
3613,1441,22,5,195.36,0
3614,1441,7,2,54.0,0
3615,1441,23,5,163.2,0.05
3616,1442,10,4,138.55,0.15
3617,1442,8,1,314.61,0.1
3618,1442,30,5,34.5,0
3619,1443,7,5,54.0,0
3620,1443,28,1,120.31,0
3621,1444,22,3,195.36,0
3622,1444,1,4,227.98,0
3623,1444,3,5,84.51,0
3624,1445,16,5,245.64,0.05
3625,1445,3,1,84.51,0.1
3626,1445,7,1,54.0,0
3627,1445,22,4,195.36,0
3628,1446,4,4,255.55,0.05
3629,1446,28,4,120.31,0.15
3630,1447,4,1,255.55,0.05
3631,1448,20,1,112.54,0.05
3632,1449,30,2,34.5,0
3633,1449,8,3,314.61,0.1
3634,1449,7,2,54.0,0.05
3635,1449,20,4,112.54,0
3636,1450,25,2,110.84,0
3637,1450,17,2,182.53,0
3638,1450,4,1,255.55,0
3639,1451,30,1,34.5,0.1
3640,1451,11,3,65.78,0
3641,1452,23,3,163.2,0
3642,1452,28,4,120.31,0
3643,1453,23,5,163.2,0.1
3644,1453,22,3,195.36,0
3645,1454,25,1,110.84,0
3646,1455,14,3,162.75,0.1
3647,1455,30,3,34.5,0.1
3648,1456,9,1,91.0,0.15
3649,1457,14,1,162.75,0
3650,1458,9,5,91.0,0
3651,1458,2,4,192.11,0.15
3652,1458,6,1,110.86,0.05
3653,1458,20,4,112.54,0.1
3654,1459,17,1,182.53,0
3655,1459,21,3,146.97,0
3656,1459,29,2,155.29,0.15
3657,1460,2,1,192.11,0.1
3658,1460,8,3,314.61,0.05
3659,1460,4,4,255.55,0.1
3660,1461,20,4,112.54,0.1
3661,1461,3,3,84.51,0
3662,1461,12,3,204.04,0.05
3663,1462,5,3,208.06,0.05
3664,1463,25,1,110.84,0.1
3665,1464,18,4,90.87,0
3666,1464,8,1,314.61,0.05
3667,1464,4,2,255.55,0.05
3668,1464,15,5,186.42,0
3669,1465,15,5,186.42,0
3670,1465,4,1,255.55,0
3671,1465,5,1,208.06,0.05
3672,1466,4,2,255.55,0
3673,1466,8,1,314.61,0
3674,1466,2,3,192.11,0
3675,1466,15,5,186.42,0
3676,1467,23,2,163.2,0
3677,1468,15,4,186.42,0.1
3678,1468,14,3,162.75,0.05
3679,1468,23,1,163.2,0
3680,1469,20,2,112.54,0.05
3681,1469,13,3,38.88,0.05
3682,1470,19,2,249.49,0
3683,1470,3,4,84.51,0
3684,1470,17,1,182.53,0
3685,1471,11,1,65.78,0
3686,1471,21,1,146.97,0
3687,1471,19,4,249.49,0.1
3688,1472,24,3,257.36,0.1
3689,1473,19,2,249.49,0.15
3690,1473,1,1,227.98,0
3691,1473,11,2,65.78,0
3692,1474,30,5,34.5,0.05
3693,1474,13,2,38.88,0.15
3694,1474,26,1,266.19,0
3695,1474,20,4,112.54,0.1
3696,1475,4,4,255.55,0
3697,1475,14,2,162.75,0
3698,1475,30,4,34.5,0
3699,1476,8,3,314.61,0.05
3700,1476,27,2,168.64,0
3701,1476,6,5,110.86,0.15
3702,1477,20,4,112.54,0
3703,1478,1,4,227.98,0
3704,1478,7,5,54.0,0.05
3705,1479,2,1,192.11,0.15
3706,1479,27,3,168.64,0
3707,1479,6,5,110.86,0
3708,1479,22,2,195.36,0
3709,1480,1,5,227.98,0.15
3710,1480,24,5,257.36,0
3711,1480,27,5,168.64,0
3712,1480,18,1,90.87,0.1
3713,1481,6,1,110.86,0.05
3714,1481,25,3,110.84,0.1
3715,1482,15,5,186.42,0
3716,1482,30,1,34.5,0
3717,1482,1,3,227.98,0.1
3718,1483,27,2,168.64,0
3719,1484,3,1,84.51,0
3720,1484,25,5,110.84,0.05
3721,1484,21,5,146.97,0
3722,1484,22,2,195.36,0.1
3723,1485,15,4,186.42,0.1
3724,1485,24,4,257.36,0.15
3725,1486,8,3,314.61,0
3726,1486,23,5,163.2,0.05
3727,1486,4,1,255.55,0
3728,1487,6,3,110.86,0.15
3729,1487,16,5,245.64,0.1
3730,1488,19,4,249.49,0
3731,1488,26,3,266.19,0.15
3732,1488,28,1,120.31,0.1
3733,1488,22,4,195.36,0.15
3734,1489,24,5,257.36,0.05
3735,1489,9,1,91.0,0
3736,1490,1,1,227.98,0.05
3737,1490,5,2,208.06,0
3738,1490,18,3,90.87,0.1
3739,1490,11,2,65.78,0.15
3740,1491,1,5,227.98,0
3741,1491,17,3,182.53,0.1
3742,1492,20,4,112.54,0
3743,1492,2,3,192.11,0.05
3744,1493,14,1,162.75,0.1
3745,1494,27,5,168.64,0.15
3746,1494,4,2,255.55,0
3747,1495,8,2,314.61,0.05
3748,1496,2,3,192.11,0
3749,1496,30,5,34.5,0.1
3750,1497,12,3,204.04,0
3751,1497,30,4,34.5,0
3752,1498,21,2,146.97,0.15
3753,1498,2,3,192.11,0
3754,1498,28,1,120.31,0.1
3755,1499,29,5,155.29,0
3756,1499,30,3,34.5,0.1
3757,1499,24,5,257.36,0.1
3758,1499,3,5,84.51,0.15
3759,1500,4,1,255.55,0.05
3760,1500,9,3,91.0,0.05
3761,1501,30,4,34.5,0
3762,1501,13,5,38.88,0.05
3763,1502,23,3,163.2,0.1
3764,1502,20,4,112.54,0.1
3765,1502,18,3,90.87,0.15
3766,1502,15,1,186.42,0
3767,1503,4,5,255.55,0
3768,1504,12,4,204.04,0.15
3769,1504,8,1,314.61,0
3770,1504,23,1,163.2,0
3771,1504,30,4,34.5,0
3772,1505,7,4,54.0,0.15
3773,1505,14,2,162.75,0
3774,1505,11,5,65.78,0.1
3775,1505,8,3,314.61,0
3776,1506,1,5,227.98,0.15
3777,1507,6,4,110.86,0.05
3778,1507,2,3,192.11,0.15
3779,1507,10,5,138.55,0.1
3780,1508,26,2,266.19,0
3781,1508,14,3,162.75,0
3782,1508,9,4,91.0,0
3783,1509,19,4,249.49,0
3784,1510,14,2,162.75,0
3785,1511,28,2,120.31,0.05
3786,1511,21,3,146.97,0.15
3787,1512,20,1,112.54,0
3788,1512,12,4,204.04,0
3789,1512,8,2,314.61,0
3790,1513,14,4,162.75,0
3791,1513,29,4,155.29,0
3792,1513,16,3,245.64,0.1
3793,1513,23,1,163.2,0.05
3794,1514,3,3,84.51,0.1
3795,1515,2,5,192.11,0
3796,1515,1,1,227.98,0.05
3797,1515,25,5,110.84,0.1
3798,1515,29,4,155.29,0.05
3799,1516,6,5,110.86,0.1
3800,1517,15,4,186.42,0
3801,1517,5,2,208.06,0.15
3802,1517,23,4,163.2,0
3803,1518,8,4,314.61,0
3804,1518,24,2,257.36,0.05
3805,1518,25,3,110.84,0.15
3806,1519,27,3,168.64,0
3807,1519,21,5,146.97,0
3808,1519,6,3,110.86,0
3809,1520,26,1,266.19,0
3810,1520,25,4,110.84,0
3811,1520,9,3,91.0,0.15
3812,1521,28,1,120.31,0
3813,1521,7,2,54.0,0
3814,1522,22,1,195.36,0.05
3815,1522,20,4,112.54,0.05
3816,1522,24,2,257.36,0
3817,1522,27,3,168.64,0.15
3818,1523,7,5,54.0,0.1
3819,1524,21,5,146.97,0
3820,1525,9,3,91.0,0.15
3821,1526,11,5,65.78,0.1
3822,1526,24,2,257.36,0
3823,1527,2,1,192.11,0.1
3824,1528,17,4,182.53,0
3825,1528,29,2,155.29,0
3826,1528,3,3,84.51,0
3827,1529,27,5,168.64,0
3828,1530,20,5,112.54,0
3829,1530,7,1,54.0,0.15
3830,1530,15,3,186.42,0
3831,1530,23,5,163.2,0
3832,1531,28,4,120.31,0.1
3833,1531,18,5,90.87,0.1
3834,1531,24,4,257.36,0.1
3835,1532,10,3,138.55,0.05
3836,1533,22,2,195.36,0
3837,1533,5,1,208.06,0.15
3838,1533,9,5,91.0,0.1
3839,1533,13,4,38.88,0.15
3840,1534,19,2,249.49,0.1
3841,1534,15,2,186.42,0
3842,1535,1,2,227.98,0.1
3843,1535,13,2,38.88,0
3844,1535,30,5,34.5,0.1
3845,1535,27,1,168.64,0.15
3846,1536,2,1,192.11,0
3847,1537,23,5,163.2,0.05
3848,1538,17,5,182.53,0.15
3849,1539,27,3,168.64,0
3850,1540,29,3,155.29,0
3851,1540,18,2,90.87,0.15
3852,1541,26,4,266.19,0
3853,1542,28,1,120.31,0
3854,1542,19,1,249.49,0
3855,1542,11,1,65.78,0.05
3856,1542,27,4,168.64,0
3857,1543,15,1,186.42,0.15
3858,1543,27,1,168.64,0.05
3859,1543,3,4,84.51,0.15
3860,1543,11,4,65.78,0.05
3861,1544,30,1,34.5,0.15
3862,1544,12,1,204.04,0.15
3863,1544,10,2,138.55,0
3864,1544,28,1,120.31,0.05
3865,1545,25,1,110.84,0.1
3866,1545,20,5,112.54,0
3867,1545,16,3,245.64,0.1
3868,1546,10,2,138.55,0.05
3869,1546,18,5,90.87,0.15
3870,1547,26,5,266.19,0.05
3871,1547,1,5,227.98,0.1
3872,1547,17,5,182.53,0.15
3873,1547,8,5,314.61,0
3874,1548,12,5,204.04,0.05
3875,1549,29,5,155.29,0
3876,1549,13,2,38.88,0
3877,1549,1,1,227.98,0
3878,1549,23,4,163.2,0.15
3879,1550,13,3,38.88,0
3880,1550,1,5,227.98,0
3881,1551,12,4,204.04,0.05
3882,1551,11,4,65.78,0
3883,1551,17,1,182.53,0.15
3884,1551,4,2,255.55,0.05
3885,1552,4,5,255.55,0.15
3886,1553,5,2,208.06,0
3887,1553,14,5,162.75,0.05
3888,1553,9,3,91.0,0.1
3889,1553,6,5,110.86,0
3890,1554,9,1,91.0,0.1
3891,1554,30,3,34.5,0.15
3892,1554,5,3,208.06,0
3893,1555,1,5,227.98,0
3894,1555,28,2,120.31,0
3895,1556,24,1,257.36,0
3896,1557,9,2,91.0,0
3897,1557,2,3,192.11,0.05
3898,1557,15,2,186.42,0.1
3899,1557,6,2,110.86,0.1
3900,1558,16,5,245.64,0.15
3901,1559,8,1,314.61,0.05
3902,1559,3,5,84.51,0
3903,1559,5,1,208.06,0.05
3904,1559,14,1,162.75,0
3905,1560,3,1,84.51,0.1
3906,1561,29,1,155.29,0
3907,1561,26,2,266.19,0.05
3908,1561,4,1,255.55,0.15
3909,1561,27,1,168.64,0.15
3910,1562,7,1,54.0,0.05
3911,1562,2,1,192.11,0.05
3912,1563,9,1,91.0,0.1
3913,1563,29,5,155.29,0
3914,1563,23,5,163.2,0.15
3915,1563,27,3,168.64,0.15
3916,1564,14,4,162.75,0
3917,1564,19,2,249.49,0.1
3918,1564,18,3,90.87,0
3919,1564,7,4,54.0,0
3920,1565,16,3,245.64,0.1
3921,1565,7,1,54.0,0
3922,1566,5,3,208.06,0.1
3923,1567,15,3,186.42,0
3924,1568,11,2,65.78,0.05
3925,1568,28,5,120.31,0
3926,1569,15,2,186.42,0.15
3927,1569,7,3,54.0,0
3928,1569,19,5,249.49,0.1
3929,1569,18,2,90.87,0.1
3930,1570,13,5,38.88,0
3931,1570,30,3,34.5,0
3932,1570,5,1,208.06,0.05
3933,1571,12,3,204.04,0
3934,1571,15,3,186.42,0.05
3935,1571,20,2,112.54,0
3936,1571,11,5,65.78,0
3937,1572,29,1,155.29,0
3938,1572,25,4,110.84,0.15
3939,1572,11,3,65.78,0.15
3940,1573,3,1,84.51,0.05
3941,1574,5,3,208.06,0
3942,1575,6,1,110.86,0.05
3943,1575,21,5,146.97,0
3944,1576,22,2,195.36,0
3945,1577,29,3,155.29,0
3946,1577,11,1,65.78,0
3947,1577,26,4,266.19,0.15
3948,1577,19,1,249.49,0
3949,1578,30,3,34.5,0.15
3950,1578,29,5,155.29,0
3951,1579,27,4,168.64,0
3952,1580,15,5,186.42,0
3953,1580,20,3,112.54,0.15
3954,1581,2,1,192.11,0.05
3955,1582,7,5,54.0,0
3956,1583,14,5,162.75,0.1
3957,1583,2,3,192.11,0
3958,1584,8,3,314.61,0.1
3959,1585,30,5,34.5,0
3960,1585,12,2,204.04,0
3961,1586,16,1,245.64,0.05
3962,1586,19,5,249.49,0.05
3963,1586,1,5,227.98,0
3964,1586,21,1,146.97,0.1
3965,1587,16,3,245.64,0.15
3966,1587,17,2,182.53,0.15
3967,1588,10,3,138.55,0
3968,1588,19,1,249.49,0
3969,1588,23,4,163.2,0.05
3970,1589,7,2,54.0,0.15
3971,1590,11,4,65.78,0
3972,1590,9,3,91.0,0
3973,1590,5,4,208.06,0.1
3974,1590,29,3,155.29,0
3975,1591,8,2,314.61,0
3976,1591,26,3,266.19,0
3977,1592,21,4,146.97,0.15
3978,1593,17,2,182.53,0
3979,1593,9,1,91.0,0.05
3980,1593,8,4,314.61,0.05
3981,1593,1,2,227.98,0
3982,1594,11,5,65.78,0.1
3983,1594,25,4,110.84,0
3984,1594,29,5,155.29,0
3985,1594,19,1,249.49,0
3986,1595,13,2,38.88,0
3987,1595,2,4,192.11,0.15
3988,1596,12,3,204.04,0.05
3989,1596,17,4,182.53,0
3990,1596,6,5,110.86,0
3991,1596,3,1,84.51,0.05
3992,1597,6,2,110.86,0.05
3993,1598,3,5,84.51,0
3994,1598,12,5,204.04,0.1
3995,1599,14,1,162.75,0
3996,1600,11,5,65.78,0
3997,1600,18,5,90.87,0.15
3998,1600,3,4,84.51,0.15
3999,1601,13,5,38.88,0.1
4000,1602,3,4,84.51,0.1
4001,1602,18,2,90.87,0.1
4002,1603,11,1,65.78,0.15
4003,1603,29,1,155.29,0.1
4004,1603,10,2,138.55,0
4005,1604,18,5,90.87,0
4006,1604,7,5,54.0,0
4007,1605,9,1,91.0,0
4008,1606,30,5,34.5,0.15
4009,1606,24,1,257.36,0
4010,1607,23,2,163.2,0.15
4011,1607,1,1,227.98,0
4012,1608,8,2,314.61,0
4013,1608,28,4,120.31,0.05
4014,1609,23,2,163.2,0.1
4015,1609,7,1,54.0,0.05
4016,1609,2,3,192.11,0
4017,1610,12,5,204.04,0
4018,1611,29,5,155.29,0
4019,1611,19,2,249.49,0
4020,1611,4,1,255.55,0.15
4021,1611,20,2,112.54,0.1
4022,1612,16,3,245.64,0.05
4023,1613,4,1,255.55,0
4024,1613,26,2,266.19,0.15
4025,1614,13,1,38.88,0
4026,1614,6,1,110.86,0.05
4027,1614,5,4,208.06,0
4028,1614,19,5,249.49,0
4029,1615,27,1,168.64,0.05
4030,1615,30,2,34.5,0.15
4031,1615,13,4,38.88,0
4032,1615,15,1,186.42,0.1
4033,1616,19,3,249.49,0
4034,1616,10,1,138.55,0.05
4035,1616,25,4,110.84,0.05
4036,1617,19,3,249.49,0
4037,1617,14,3,162.75,0.15
4038,1618,28,4,120.31,0
4039,1618,6,4,110.86,0
4040,1619,22,3,195.36,0.15
4041,1619,5,5,208.06,0.15
4042,1619,30,3,34.5,0
4043,1619,27,2,168.64,0
4044,1620,24,5,257.36,0.05
4045,1621,9,3,91.0,0
4046,1621,8,2,314.61,0.15
4047,1621,7,3,54.0,0.05
4048,1621,18,2,90.87,0
4049,1622,8,2,314.61,0
4050,1622,9,2,91.0,0
4051,1623,13,3,38.88,0
4052,1623,1,4,227.98,0.15
4053,1623,12,4,204.04,0.15
4054,1623,24,5,257.36,0.15
4055,1624,24,3,257.36,0
4056,1624,25,3,110.84,0
4057,1624,29,4,155.29,0
4058,1625,26,3,266.19,0
4059,1625,3,1,84.51,0
4060,1625,14,3,162.75,0
4061,1625,7,3,54.0,0
4062,1626,17,3,182.53,0
4063,1626,3,4,84.51,0.1
4064,1626,27,2,168.64,0
4065,1627,28,1,120.31,0
4066,1627,15,1,186.42,0.05
4067,1627,6,3,110.86,0
4068,1628,13,3,38.88,0
4069,1628,4,3,255.55,0.15
4070,1629,10,3,138.55,0
4071,1630,8,2,314.61,0
4072,1630,22,1,195.36,0
4073,1630,25,5,110.84,0.15
4074,1630,15,1,186.42,0.05
4075,1631,12,5,204.04,0.05
4076,1632,27,2,168.64,0.05
4077,1632,22,5,195.36,0.05
4078,1632,9,3,91.0,0
4079,1633,21,1,146.97,0.15
4080,1633,6,5,110.86,0.05
4081,1634,15,4,186.42,0.15
4082,1634,5,3,208.06,0.05
4083,1634,19,2,249.49,0
4084,1634,14,4,162.75,0
4085,1635,30,3,34.5,0
4086,1636,11,1,65.78,0
4087,1636,21,1,146.97,0
4088,1636,17,4,182.53,0.15
4089,1637,15,2,186.42,0
4090,1637,22,4,195.36,0
4091,1637,28,5,120.31,0
4092,1638,16,2,245.64,0
4093,1639,12,5,204.04,0.05
4094,1639,23,2,163.2,0.15
4095,1639,5,1,208.06,0.1
4096,1640,26,3,266.19,0.1
4097,1640,8,3,314.61,0.15
4098,1640,12,2,204.04,0
4099,1640,5,2,208.06,0
4100,1641,29,5,155.29,0.1
4101,1641,17,2,182.53,0
4102,1642,26,2,266.19,0
4103,1642,12,2,204.04,0.05
4104,1643,13,5,38.88,0.05
4105,1643,3,1,84.51,0.1
4106,1643,30,2,34.5,0.05
4107,1643,2,5,192.11,0.05
4108,1644,13,1,38.88,0
4109,1644,2,4,192.11,0
4110,1645,29,5,155.29,0.15
4111,1645,18,2,90.87,0.15
4112,1646,18,4,90.87,0.05
4113,1646,28,2,120.31,0
4114,1646,9,4,91.0,0
4115,1647,5,5,208.06,0
4116,1647,6,1,110.86,0.1
4117,1648,23,2,163.2,0
4118,1648,27,3,168.64,0.05
4119,1649,7,1,54.0,0.05
4120,1649,12,2,204.04,0.15
4121,1649,21,4,146.97,0
4122,1650,9,4,91.0,0.15
4123,1651,1,3,227.98,0
4124,1651,16,5,245.64,0
4125,1652,5,1,208.06,0
4126,1652,1,4,227.98,0
4127,1652,29,4,155.29,0.15
4128,1653,22,3,195.36,0.15
4129,1653,12,3,204.04,0.05
4130,1653,13,1,38.88,0
4131,1653,3,3,84.51,0
4132,1654,12,1,204.04,0.05
4133,1655,11,1,65.78,0.1
4134,1655,14,1,162.75,0.1
4135,1655,9,4,91.0,0.1
4136,1656,12,4,204.04,0
4137,1656,26,2,266.19,0
4138,1656,6,3,110.86,0
4139,1656,2,4,192.11,0
4140,1657,4,1,255.55,0
4141,1657,5,3,208.06,0
4142,1657,24,2,257.36,0.1
4143,1657,22,2,195.36,0.15
4144,1658,13,4,38.88,0
4145,1658,2,1,192.11,0
4146,1658,19,4,249.49,0.05
4147,1658,17,4,182.53,0
4148,1659,22,3,195.36,0.15
4149,1659,25,5,110.84,0.1
4150,1659,1,5,227.98,0.1
4151,1659,15,4,186.42,0.15
4152,1660,21,5,146.97,0.15
4153,1660,22,3,195.36,0
4154,1661,7,5,54.0,0.15
4155,1661,1,3,227.98,0
4156,1661,17,2,182.53,0
4157,1662,12,1,204.04,0
4158,1663,26,1,266.19,0.15
4159,1663,30,1,34.5,0
4160,1663,10,2,138.55,0.05
4161,1663,16,5,245.64,0.05
4162,1664,16,4,245.64,0.1
4163,1664,13,4,38.88,0
4164,1664,10,1,138.55,0.05
4165,1664,19,2,249.49,0.05
4166,1665,28,1,120.31,0.05
4167,1665,11,2,65.78,0
4168,1665,2,3,192.11,0.15
4169,1666,9,2,91.0,0.05
4170,1666,19,4,249.49,0
4171,1666,14,1,162.75,0.15
4172,1666,20,5,112.54,0.15
4173,1667,11,1,65.78,0.15
4174,1667,7,3,54.0,0.1
4175,1668,6,5,110.86,0
4176,1669,8,3,314.61,0.1
4177,1669,3,3,84.51,0.1
4178,1669,28,5,120.31,0.1
4179,1670,14,3,162.75,0
4180,1670,22,3,195.36,0
4181,1670,8,2,314.61,0
4182,1671,13,5,38.88,0.1
4183,1672,9,3,91.0,0
4184,1672,19,5,249.49,0
4185,1672,15,4,186.42,0
4186,1673,5,1,208.06,0.1
4187,1673,8,3,314.61,0.1
4188,1674,19,5,249.49,0.15
4189,1674,22,5,195.36,0.1
4190,1675,1,5,227.98,0.05
4191,1676,25,3,110.84,0.1
4192,1676,2,3,192.11,0
4193,1676,16,3,245.64,0.15
4194,1676,11,4,65.78,0
4195,1677,2,1,192.11,0
4196,1677,8,3,314.61,0
4197,1678,24,2,257.36,0.1
4198,1678,20,1,112.54,0
4199,1679,7,4,54.0,0
4200,1680,7,4,54.0,0
4201,1680,11,5,65.78,0.05
4202,1680,19,1,249.49,0.1
4203,1680,21,5,146.97,0
4204,1681,7,3,54.0,0.05
4205,1681,9,4,91.0,0
4206,1681,23,1,163.2,0
4207,1682,7,4,54.0,0
4208,1682,27,2,168.64,0
4209,1683,6,2,110.86,0.15
4210,1683,9,1,91.0,0
4211,1683,14,3,162.75,0
4212,1684,26,1,266.19,0.1
4213,1684,27,3,168.64,0.15
4214,1684,18,2,90.87,0.1
4215,1684,1,3,227.98,0.05
4216,1685,15,4,186.42,0
4217,1685,29,2,155.29,0
4218,1685,10,3,138.55,0
4219,1685,3,3,84.51,0
4220,1686,6,5,110.86,0.1
4221,1686,27,3,168.64,0.05
4222,1687,24,2,257.36,0
4223,1687,28,2,120.31,0
4224,1687,25,5,110.84,0
4225,1688,11,5,65.78,0
4226,1688,13,2,38.88,0
4227,1689,9,4,91.0,0.05
4228,1689,14,1,162.75,0.15
4229,1690,12,4,204.04,0.05
4230,1690,30,2,34.5,0.05
4231,1690,27,5,168.64,0.1
4232,1690,1,3,227.98,0
4233,1691,7,2,54.0,0
4234,1691,2,5,192.11,0.1
4235,1691,3,3,84.51,0.05
4236,1692,2,5,192.11,0
4237,1692,5,4,208.06,0
4238,1693,6,2,110.86,0
4239,1693,22,1,195.36,0
4240,1694,24,4,257.36,0.15
4241,1694,25,4,110.84,0
4242,1694,4,3,255.55,0.05
4243,1694,27,1,168.64,0.1
4244,1695,21,5,146.97,0.05
4245,1695,18,2,90.87,0.15
4246,1695,8,4,314.61,0.15
4247,1696,11,1,65.78,0.1
4248,1696,20,3,112.54,0.05
4249,1697,8,2,314.61,0.15
4250,1697,16,2,245.64,0.05
4251,1698,3,1,84.51,0
4252,1699,23,5,163.2,0
4253,1699,18,1,90.87,0.05
4254,1699,14,1,162.75,0.05
4255,1700,12,5,204.04,0.1
4256,1700,4,5,255.55,0
4257,1701,24,1,257.36,0.05
4258,1701,29,1,155.29,0
4259,1701,25,2,110.84,0
4260,1702,8,4,314.61,0
4261,1702,18,2,90.87,0
4262,1703,6,3,110.86,0.1
4263,1703,13,4,38.88,0
4264,1703,22,2,195.36,0.15
4265,1703,11,1,65.78,0.15
4266,1704,15,1,186.42,0
4267,1704,29,5,155.29,0.1
4268,1704,27,4,168.64,0.1
4269,1705,26,2,266.19,0
4270,1706,3,3,84.51,0
4271,1706,20,4,112.54,0.05
4272,1706,25,3,110.84,0.1
4273,1707,6,5,110.86,0.15
4274,1707,29,3,155.29,0.05
4275,1708,11,3,65.78,0.1
4276,1708,26,2,266.19,0
4277,1708,6,4,110.86,0
4278,1708,30,4,34.5,0
4279,1709,1,3,227.98,0.1
4280,1709,21,2,146.97,0
4281,1710,7,3,54.0,0
4282,1710,2,5,192.11,0.05
4283,1710,5,2,208.06,0.05
4284,1710,19,2,249.49,0.05
4285,1711,22,1,195.36,0.05
4286,1711,25,4,110.84,0
4287,1711,6,3,110.86,0.15
4288,1712,4,1,255.55,0
4289,1712,7,5,54.0,0
4290,1712,24,1,257.36,0
4291,1713,6,2,110.86,0
4292,1714,17,1,182.53,0.15
4293,1714,22,3,195.36,0.1
4294,1714,30,2,34.5,0.05
4295,1715,29,5,155.29,0
4296,1715,1,5,227.98,0
4297,1715,4,3,255.55,0.1
4298,1716,27,1,168.64,0
4299,1716,22,4,195.36,0
4300,1717,8,3,314.61,0.15
4301,1717,27,4,168.64,0.15
4302,1717,11,4,65.78,0
4303,1717,17,4,182.53,0.15
4304,1718,7,2,54.0,0
4305,1718,10,5,138.55,0
4306,1719,6,3,110.86,0.15
4307,1719,1,1,227.98,0
4308,1720,26,3,266.19,0.15
4309,1720,4,4,255.55,0.1
4310,1721,5,5,208.06,0.1
4311,1721,27,5,168.64,0.1
4312,1721,25,3,110.84,0.1
4313,1721,14,5,162.75,0
4314,1722,24,5,257.36,0
4315,1723,24,2,257.36,0.15
4316,1724,18,2,90.87,0.1
4317,1724,11,4,65.78,0
4318,1725,11,2,65.78,0
4319,1726,18,4,90.87,0.1
4320,1726,23,2,163.2,0.15
4321,1726,6,5,110.86,0.1
4322,1727,6,4,110.86,0
4323,1727,27,2,168.64,0
4324,1727,15,5,186.42,0
4325,1727,25,5,110.84,0.1
4326,1728,14,5,162.75,0
4327,1728,29,1,155.29,0.15
4328,1728,24,5,257.36,0.05
4329,1728,3,2,84.51,0.05
4330,1729,25,1,110.84,0
4331,1729,4,2,255.55,0.15
4332,1729,1,5,227.98,0
4333,1730,12,2,204.04,0.05
4334,1730,29,5,155.29,0.15
4335,1731,13,4,38.88,0.05
4336,1732,27,1,168.64,0.15
4337,1732,19,5,249.49,0.1
4338,1732,6,1,110.86,0.15
4339,1733,15,4,186.42,0.05
4340,1733,20,1,112.54,0.05
4341,1734,19,2,249.49,0.1
4342,1734,28,3,120.31,0
4343,1734,18,4,90.87,0
4344,1734,21,1,146.97,0.15
4345,1735,23,5,163.2,0.05
4346,1735,27,2,168.64,0.1
4347,1735,13,3,38.88,0.1
4348,1736,10,5,138.55,0.1
4349,1736,20,5,112.54,0
4350,1737,22,1,195.36,0.05
4351,1737,14,3,162.75,0
4352,1737,21,5,146.97,0.1
4353,1738,25,4,110.84,0.05
4354,1738,20,5,112.54,0
4355,1739,16,5,245.64,0.05
4356,1739,1,3,227.98,0.15
4357,1739,18,4,90.87,0
4358,1739,26,5,266.19,0
4359,1740,26,5,266.19,0
4360,1740,20,1,112.54,0.05
4361,1741,7,5,54.0,0.1
4362,1741,13,5,38.88,0
4363,1741,24,4,257.36,0
4364,1742,26,5,266.19,0
4365,1743,27,1,168.64,0
4366,1744,10,1,138.55,0
4367,1744,18,5,90.87,0
4368,1744,20,3,112.54,0.1
4369,1744,29,3,155.29,0
4370,1745,28,1,120.31,0
4371,1745,22,4,195.36,0
4372,1746,9,1,91.0,0.1
4373,1746,27,3,168.64,0.05
4374,1746,28,2,120.31,0
4375,1746,24,2,257.36,0.05
4376,1747,2,3,192.11,0.15
4377,1747,22,4,195.36,0.15
4378,1748,21,3,146.97,0.05
4379,1748,7,3,54.0,0
4380,1748,1,5,227.98,0
4381,1749,14,1,162.75,0.1
4382,1749,15,4,186.42,0.15
4383,1749,19,1,249.49,0.15
4384,1750,1,1,227.98,0.15
4385,1751,2,2,192.11,0
4386,1752,13,4,38.88,0
4387,1753,27,3,168.64,0
4388,1753,30,4,34.5,0
4389,1753,12,2,204.04,0
4390,1753,6,3,110.86,0
4391,1754,25,5,110.84,0
4392,1754,6,3,110.86,0
4393,1754,28,2,120.31,0.15
4394,1754,4,3,255.55,0.05
4395,1755,29,3,155.29,0.15
4396,1755,13,3,38.88,0
4397,1755,10,5,138.55,0
4398,1755,18,5,90.87,0.05
4399,1756,11,4,65.78,0
4400,1756,1,2,227.98,0
4401,1757,1,2,227.98,0.05
4402,1758,8,2,314.61,0.15
4403,1758,30,4,34.5,0.05
4404,1758,25,2,110.84,0.05
4405,1758,21,3,146.97,0.1
4406,1759,18,3,90.87,0.1
4407,1759,11,3,65.78,0
4408,1759,23,2,163.2,0.1
4409,1760,5,3,208.06,0
4410,1760,23,4,163.2,0
4411,1760,28,5,120.31,0
4412,1761,2,3,192.11,0
4413,1762,9,4,91.0,0.05
4414,1763,21,2,146.97,0
4415,1763,7,4,54.0,0.1
4416,1763,12,3,204.04,0
4417,1764,23,4,163.2,0
4418,1764,26,3,266.19,0
4419,1764,19,5,249.49,0
4420,1765,8,2,314.61,0
4421,1766,23,2,163.2,0
4422,1767,17,5,182.53,0
4423,1767,18,3,90.87,0
4424,1767,29,4,155.29,0.1
4425,1767,6,4,110.86,0
4426,1768,22,2,195.36,0
4427,1768,3,4,84.51,0.15
4428,1768,11,3,65.78,0.05
4429,1769,16,5,245.64,0
4430,1769,26,1,266.19,0.1
4431,1770,7,4,54.0,0.05
4432,1770,10,1,138.55,0.15
4433,1770,9,4,91.0,0.05
4434,1770,28,4,120.31,0
4435,1771,7,4,54.0,0
4436,1771,27,5,168.64,0.1
4437,1772,9,5,91.0,0.1
4438,1772,29,5,155.29,0.1
4439,1772,11,1,65.78,0.15
4440,1772,2,1,192.11,0
4441,1773,18,2,90.87,0.15
4442,1774,18,5,90.87,0.05
4443,1775,13,5,38.88,0.1
4444,1775,9,3,91.0,0.1
4445,1775,24,5,257.36,0.15
4446,1776,27,4,168.64,0
4447,1776,25,5,110.84,0
4448,1776,29,5,155.29,0
4449,1777,3,5,84.51,0.05
4450,1777,15,5,186.42,0.1
4451,1778,21,4,146.97,0
4452,1778,20,4,112.54,0
4453,1779,30,1,34.5,0
4454,1779,9,2,91.0,0.05
4455,1779,11,4,65.78,0
4456,1780,24,1,257.36,0
4457,1780,7,5,54.0,0.1
4458,1781,19,2,249.49,0.1
4459,1782,29,1,155.29,0.15
4460,1783,27,4,168.64,0.05
4461,1783,4,5,255.55,0
4462,1784,30,2,34.5,0
4463,1784,14,1,162.75,0.15
4464,1784,19,3,249.49,0.15
4465,1784,7,5,54.0,0.1
4466,1785,7,4,54.0,0
4467,1785,5,1,208.06,0
4468,1785,22,5,195.36,0
4469,1786,28,4,120.31,0
4470,1786,19,2,249.49,0.15
4471,1787,2,3,192.11,0.1
4472,1787,19,1,249.49,0.1
4473,1787,23,1,163.2,0
4474,1787,17,3,182.53,0
4475,1788,7,3,54.0,0.15
4476,1788,13,5,38.88,0.05
4477,1788,3,2,84.51,0.05
4478,1788,29,4,155.29,0
4479,1789,17,4,182.53,0.1
4480,1789,24,2,257.36,0
4481,1789,20,3,112.54,0
4482,1790,18,4,90.87,0
4483,1790,11,3,65.78,0.15
4484,1790,28,3,120.31,0.05
4485,1791,27,4,168.64,0.1
4486,1791,13,2,38.88,0
4487,1791,8,3,314.61,0
4488,1791,19,1,249.49,0.05
4489,1792,22,2,195.36,0.1
4490,1793,1,5,227.98,0.05
4491,1793,28,4,120.31,0.05
4492,1793,6,1,110.86,0
4493,1793,18,2,90.87,0
4494,1794,27,4,168.64,0
4495,1795,21,3,146.97,0.1
4496,1795,29,3,155.29,0.05
4497,1795,7,3,54.0,0
4498,1796,5,4,208.06,0
4499,1797,14,5,162.75,0
4500,1797,5,3,208.06,0.15
4501,1798,19,2,249.49,0
4502,1798,11,5,65.78,0.05
4503,1799,23,5,163.2,0.15
4504,1799,25,1,110.84,0.1
4505,1799,28,2,120.31,0
4506,1800,25,3,110.84,0
4507,1800,9,2,91.0,0
4508,1800,28,5,120.31,0.15
4509,1800,11,4,65.78,0
4510,1801,1,4,227.98,0.1
4511,1801,21,5,146.97,0
4512,1802,7,3,54.0,0
4513,1803,15,5,186.42,0
4514,1803,21,2,146.97,0
4515,1803,24,4,257.36,0
4516,1803,12,4,204.04,0.05
4517,1804,20,1,112.54,0.1
4518,1805,1,4,227.98,0
4519,1805,6,3,110.86,0
4520,1805,18,2,90.87,0
4521,1805,5,3,208.06,0
4522,1806,24,3,257.36,0.05
4523,1807,3,4,84.51,0.15
4524,1807,1,5,227.98,0.15
4525,1807,2,3,192.11,0
4526,1808,27,1,168.64,0
4527,1808,18,5,90.87,0.05
4528,1809,25,5,110.84,0.05
4529,1809,9,1,91.0,0.1
4530,1810,28,4,120.31,0
4531,1810,30,2,34.5,0
4532,1810,19,3,249.49,0
4533,1811,9,2,91.0,0
4534,1812,2,2,192.11,0
4535,1813,7,2,54.0,0.1
4536,1813,2,4,192.11,0.05
4537,1813,16,2,245.64,0
4538,1813,1,2,227.98,0
4539,1814,24,3,257.36,0
4540,1814,5,4,208.06,0.1
4541,1814,3,5,84.51,0
4542,1814,19,1,249.49,0
4543,1815,4,4,255.55,0
4544,1816,7,2,54.0,0
4545,1816,20,4,112.54,0
4546,1816,15,2,186.42,0
4547,1816,3,1,84.51,0
4548,1817,29,4,155.29,0
4549,1817,3,2,84.51,0
4550,1817,21,1,146.97,0
4551,1817,13,3,38.88,0.15
4552,1818,19,2,249.49,0.1
4553,1819,10,1,138.55,0
4554,1819,8,2,314.61,0
4555,1819,14,3,162.75,0
4556,1820,1,2,227.98,0.1
4557,1820,5,3,208.06,0
4558,1820,11,2,65.78,0.15
4559,1820,6,1,110.86,0.1
4560,1821,20,2,112.54,0.05
4561,1821,1,3,227.98,0
4562,1821,7,1,54.0,0
4563,1821,22,2,195.36,0.05
4564,1822,24,2,257.36,0
4565,1822,18,3,90.87,0.15
4566,1822,1,3,227.98,0.1
4567,1823,4,1,255.55,0
4568,1823,19,5,249.49,0.1
4569,1824,25,5,110.84,0.1
4570,1824,23,4,163.2,0
4571,1824,10,4,138.55,0.1
4572,1824,24,4,257.36,0.1
4573,1825,2,5,192.11,0
4574,1825,30,3,34.5,0.05
4575,1825,1,3,227.98,0
4576,1825,17,5,182.53,0.15
4577,1826,19,1,249.49,0.1
4578,1827,3,3,84.51,0
4579,1827,14,1,162.75,0.05
4580,1828,27,3,168.64,0
4581,1828,7,3,54.0,0.1
4582,1829,17,2,182.53,0
4583,1830,5,1,208.06,0
4584,1830,23,1,163.2,0
4585,1831,12,3,204.04,0
4586,1832,1,5,227.98,0.1
4587,1833,15,5,186.42,0
4588,1833,8,1,314.61,0.1
4589,1833,19,5,249.49,0.1
4590,1833,4,5,255.55,0
4591,1834,1,5,227.98,0
4592,1835,7,5,54.0,0.15
4593,1835,30,5,34.5,0.1
4594,1835,15,4,186.42,0.15
4595,1835,24,5,257.36,0
4596,1836,18,5,90.87,0.05
4597,1836,27,4,168.64,0
4598,1836,3,4,84.51,0
4599,1837,22,1,195.36,0
4600,1837,8,2,314.61,0.05
4601,1837,14,1,162.75,0
4602,1838,23,5,163.2,0
4603,1838,9,5,91.0,0
4604,1838,11,2,65.78,0
4605,1839,7,2,54.0,0
4606,1839,11,4,65.78,0.05
4607,1839,25,1,110.84,0.05
4608,1840,10,3,138.55,0.05
4609,1840,19,4,249.49,0.05
4610,1840,29,2,155.29,0.15
4611,1841,9,1,91.0,0
4612,1841,29,5,155.29,0
4613,1842,20,1,112.54,0
4614,1842,30,4,34.5,0
4615,1842,25,1,110.84,0.1
4616,1842,10,3,138.55,0.1
4617,1843,29,2,155.29,0
4618,1843,5,2,208.06,0.05
4619,1843,15,3,186.42,0
4620,1844,10,1,138.55,0
4621,1845,4,4,255.55,0
4622,1845,18,2,90.87,0.15
4623,1845,22,3,195.36,0
4624,1846,4,5,255.55,0
4625,1846,29,2,155.29,0
4626,1846,2,3,192.11,0.05
4627,1846,15,4,186.42,0
4628,1847,17,4,182.53,0
4629,1847,5,1,208.06,0
4630,1848,3,3,84.51,0.1
4631,1848,12,3,204.04,0
4632,1848,5,4,208.06,0.15
4633,1848,1,4,227.98,0.05
4634,1849,10,1,138.55,0
4635,1849,13,2,38.88,0
4636,1849,24,4,257.36,0.05
4637,1850,4,5,255.55,0
4638,1851,24,4,257.36,0
4639,1851,10,3,138.55,0
4640,1852,6,1,110.86,0.15
4641,1852,11,2,65.78,0.05
4642,1853,28,4,120.31,0
4643,1853,14,4,162.75,0
4644,1853,23,2,163.2,0
4645,1853,26,1,266.19,0.1
4646,1854,17,5,182.53,0
4647,1854,28,4,120.31,0.05
4648,1854,9,1,91.0,0.15
4649,1854,26,2,266.19,0.1
4650,1855,30,3,34.5,0.1
4651,1855,4,5,255.55,0.05
4652,1855,26,3,266.19,0
4653,1855,17,2,182.53,0
4654,1856,24,4,257.36,0.1
4655,1856,14,2,162.75,0
4656,1856,29,2,155.29,0
4657,1857,6,5,110.86,0
4658,1857,12,1,204.04,0.05
4659,1857,9,3,91.0,0
4660,1858,25,5,110.84,0
4661,1858,7,4,54.0,0
4662,1858,18,1,90.87,0.15
4663,1858,3,4,84.51,0
4664,1859,17,2,182.53,0.15
4665,1859,28,1,120.31,0.1
4666,1859,26,5,266.19,0
4667,1860,9,3,91.0,0
4668,1860,28,1,120.31,0
4669,1860,25,2,110.84,0
4670,1860,1,2,227.98,0
4671,1861,26,2,266.19,0
4672,1862,10,5,138.55,0.15
4673,1863,4,5,255.55,0.05
4674,1863,23,1,163.2,0
4675,1864,20,4,112.54,0.1
4676,1865,3,1,84.51,0
4677,1866,8,1,314.61,0.15
4678,1867,25,1,110.84,0.15
4679,1867,21,1,146.97,0.15
4680,1867,18,4,90.87,0
4681,1867,14,3,162.75,0.15
4682,1868,28,5,120.31,0
4683,1868,21,3,146.97,0
4684,1868,15,1,186.42,0
4685,1869,23,1,163.2,0.05
4686,1869,4,2,255.55,0.1
4687,1870,16,2,245.64,0.05
4688,1871,4,5,255.55,0
4689,1871,14,5,162.75,0.05
4690,1871,1,2,227.98,0
4691,1871,18,2,90.87,0.15
4692,1872,18,2,90.87,0.05
4693,1873,29,1,155.29,0
4694,1874,26,5,266.19,0
4695,1874,12,1,204.04,0
4696,1874,15,3,186.42,0.15
4697,1875,6,5,110.86,0
4698,1875,27,4,168.64,0.1
4699,1875,4,4,255.55,0.1
4700,1875,13,3,38.88,0.05
4701,1876,26,1,266.19,0.05
4702,1876,15,5,186.42,0.15
4703,1876,22,1,195.36,0
4704,1876,12,5,204.04,0
4705,1877,27,4,168.64,0
4706,1878,30,1,34.5,0.15
4707,1878,1,5,227.98,0
4708,1878,7,2,54.0,0
4709,1878,12,2,204.04,0.15
4710,1879,19,3,249.49,0.1
4711,1879,5,3,208.06,0.1
4712,1880,24,4,257.36,0.1
4713,1881,2,1,192.11,0
4714,1881,5,1,208.06,0.05
4715,1882,13,2,38.88,0
4716,1882,23,5,163.2,0
4717,1882,26,2,266.19,0
4718,1883,27,1,168.64,0
4719,1884,16,5,245.64,0.05
4720,1884,17,1,182.53,0
4721,1885,5,5,208.06,0
4722,1886,5,2,208.06,0.1
4723,1887,9,1,91.0,0.15
4724,1887,5,5,208.06,0.05
4725,1887,13,2,38.88,0
4726,1888,14,3,162.75,0
4727,1888,25,4,110.84,0.05
4728,1888,24,4,257.36,0
4729,1889,15,2,186.42,0
4730,1890,26,4,266.19,0.1
4731,1890,9,2,91.0,0.05
4732,1890,25,1,110.84,0
4733,1890,21,1,146.97,0.05
4734,1891,25,2,110.84,0.05
4735,1892,23,2,163.2,0.05
4736,1892,15,1,186.42,0
4737,1892,22,5,195.36,0
4738,1893,5,5,208.06,0.1
4739,1893,29,3,155.29,0
4740,1893,15,4,186.42,0.05
4741,1893,6,4,110.86,0
4742,1894,5,1,208.06,0.15
4743,1894,16,2,245.64,0
4744,1895,12,2,204.04,0
4745,1895,20,5,112.54,0.05
4746,1896,26,3,266.19,0.1
4747,1897,2,3,192.11,0
4748,1897,23,2,163.2,0
4749,1898,16,5,245.64,0.05
4750,1898,7,1,54.0,0
4751,1899,11,2,65.78,0.15
4752,1900,17,4,182.53,0.15
4753,1900,20,3,112.54,0
4754,1900,29,3,155.29,0
4755,1900,15,4,186.42,0
4756,1901,5,4,208.06,0
4757,1901,28,4,120.31,0.15
4758,1901,6,2,110.86,0.05
4759,1902,6,2,110.86,0.05
4760,1902,21,1,146.97,0
4761,1903,14,1,162.75,0.05
4762,1903,20,2,112.54,0
4763,1903,4,3,255.55,0
4764,1903,16,5,245.64,0.1
4765,1904,19,3,249.49,0
4766,1904,18,1,90.87,0.05
4767,1904,8,5,314.61,0
4768,1904,2,2,192.11,0.1
4769,1905,19,1,249.49,0
4770,1905,26,2,266.19,0.15
4771,1905,18,4,90.87,0
4772,1905,1,4,227.98,0
4773,1906,15,4,186.42,0
4774,1907,29,1,155.29,0
4775,1907,25,3,110.84,0.1
4776,1907,2,2,192.11,0
4777,1907,11,2,65.78,0.05
4778,1908,19,4,249.49,0
4779,1908,8,5,314.61,0
4780,1908,28,4,120.31,0.05
4781,1908,4,2,255.55,0.1
4782,1909,25,1,110.84,0
4783,1909,30,3,34.5,0.1
4784,1909,11,5,65.78,0.1
4785,1909,9,3,91.0,0
4786,1910,5,2,208.06,0.05
4787,1910,15,2,186.42,0.1
4788,1911,27,4,168.64,0
4789,1912,2,4,192.11,0.05
4790,1912,5,4,208.06,0.15
4791,1912,27,3,168.64,0
4792,1912,14,4,162.75,0
4793,1913,9,5,91.0,0
4794,1913,20,1,112.54,0.05
4795,1913,24,1,257.36,0.1
4796,1913,21,5,146.97,0.05
4797,1914,25,1,110.84,0
4798,1914,14,1,162.75,0.1
4799,1914,28,1,120.31,0.15
4800,1915,6,2,110.86,0
4801,1916,9,3,91.0,0.1
4802,1917,12,2,204.04,0
4803,1917,7,2,54.0,0
4804,1918,5,3,208.06,0.15
4805,1919,11,3,65.78,0.15
4806,1919,10,1,138.55,0
4807,1920,23,5,163.2,0
4808,1920,26,2,266.19,0
4809,1920,7,2,54.0,0
4810,1921,5,1,208.06,0
4811,1921,1,5,227.98,0.15
4812,1921,26,5,266.19,0.15
4813,1921,18,2,90.87,0
4814,1922,15,3,186.42,0.1
4815,1923,2,2,192.11,0
4816,1923,4,4,255.55,0.05
4817,1924,9,1,91.0,0.05
4818,1924,6,2,110.86,0.1
4819,1924,3,3,84.51,0.15
4820,1925,19,2,249.49,0
4821,1926,16,3,245.64,0
4822,1927,16,5,245.64,0.15
4823,1927,11,4,65.78,0
4824,1927,5,4,208.06,0
4825,1928,4,2,255.55,0
4826,1928,15,1,186.42,0.1
4827,1928,26,5,266.19,0
4828,1928,25,5,110.84,0
4829,1929,23,1,163.2,0
4830,1929,4,2,255.55,0
4831,1930,24,2,257.36,0
4832,1930,25,5,110.84,0.15
4833,1931,17,4,182.53,0.05
4834,1932,20,3,112.54,0
4835,1932,5,2,208.06,0
4836,1932,12,5,204.04,0.1
4837,1932,23,2,163.2,0.15
4838,1933,19,2,249.49,0.15
4839,1934,16,4,245.64,0.1
4840,1934,2,2,192.11,0
4841,1934,14,2,162.75,0
4842,1934,21,5,146.97,0.1
4843,1935,6,3,110.86,0.05
4844,1936,21,3,146.97,0.15
4845,1936,17,5,182.53,0.1
4846,1936,26,2,266.19,0.15
4847,1937,5,1,208.06,0.15
4848,1937,13,5,38.88,0
4849,1937,26,4,266.19,0.05
4850,1937,6,2,110.86,0.15
4851,1938,24,5,257.36,0.05
4852,1938,12,2,204.04,0.1
4853,1938,3,2,84.51,0
4854,1939,12,4,204.04,0
4855,1939,24,3,257.36,0.05
4856,1940,29,1,155.29,0
4857,1940,6,2,110.86,0
4858,1940,21,2,146.97,0
4859,1941,20,1,112.54,0.1
4860,1941,1,4,227.98,0.05
4861,1942,13,3,38.88,0
4862,1942,1,5,227.98,0
4863,1942,9,4,91.0,0
4864,1942,30,2,34.5,0
4865,1943,20,1,112.54,0.15
4866,1943,3,1,84.51,0.1
4867,1944,5,3,208.06,0.05
4868,1944,6,1,110.86,0
4869,1945,14,1,162.75,0.1
4870,1946,13,4,38.88,0
4871,1946,9,4,91.0,0.05
4872,1946,4,2,255.55,0.05
4873,1947,1,2,227.98,0.05
4874,1947,19,2,249.49,0
4875,1947,11,3,65.78,0.05
4876,1948,22,2,195.36,0
4877,1948,4,4,255.55,0
4878,1949,10,1,138.55,0.05
4879,1949,5,3,208.06,0
4880,1949,7,3,54.0,0
4881,1949,23,2,163.2,0.05
4882,1950,16,1,245.64,0.05
4883,1950,14,2,162.75,0
4884,1950,29,5,155.29,0
4885,1951,16,3,245.64,0
4886,1952,27,4,168.64,0.1
4887,1953,2,2,192.11,0
4888,1953,29,5,155.29,0
4889,1954,6,4,110.86,0
4890,1954,8,2,314.61,0.1
4891,1954,9,4,91.0,0.1
4892,1954,12,3,204.04,0.05
4893,1955,25,2,110.84,0.05
4894,1955,18,2,90.87,0.05
4895,1955,12,5,204.04,0.1
4896,1956,17,3,182.53,0
4897,1956,14,1,162.75,0
4898,1957,21,4,146.97,0.15
4899,1957,29,3,155.29,0
4900,1957,11,1,65.78,0.05
4901,1958,27,1,168.64,0.1
4902,1959,9,4,91.0,0
4903,1960,10,2,138.55,0.05
4904,1961,13,4,38.88,0
4905,1962,29,4,155.29,0
4906,1962,14,4,162.75,0
4907,1962,28,4,120.31,0.1
4908,1963,17,3,182.53,0.1
4909,1964,30,1,34.5,0
4910,1964,23,5,163.2,0
4911,1964,6,3,110.86,0
4912,1964,19,4,249.49,0.15
4913,1965,14,4,162.75,0
4914,1965,25,3,110.84,0
4915,1965,29,2,155.29,0.15
4916,1966,7,4,54.0,0.05
4917,1966,1,4,227.98,0.15
4918,1967,18,2,90.87,0
4919,1968,30,1,34.5,0.1
4920,1968,19,1,249.49,0.1
4921,1968,21,4,146.97,0.1
4922,1968,9,5,91.0,0.05
4923,1969,13,4,38.88,0
4924,1970,23,5,163.2,0.1
4925,1970,17,4,182.53,0.05
4926,1971,28,3,120.31,0.1
4927,1972,9,5,91.0,0.05
4928,1973,1,2,227.98,0
4929,1973,14,1,162.75,0.05
4930,1973,13,2,38.88,0.1
4931,1973,7,1,54.0,0.05
4932,1974,22,5,195.36,0.1
4933,1975,14,3,162.75,0
4934,1975,23,2,163.2,0.05
4935,1976,27,2,168.64,0.05
4936,1976,10,5,138.55,0
4937,1976,20,2,112.54,0
4938,1976,9,2,91.0,0.15
4939,1977,11,5,65.78,0.15
4940,1977,10,1,138.55,0
4941,1978,15,2,186.42,0
4942,1978,1,5,227.98,0
4943,1978,13,5,38.88,0.05
4944,1978,20,2,112.54,0
4945,1979,9,5,91.0,0.1
4946,1979,8,3,314.61,0.15
4947,1980,15,5,186.42,0
4948,1981,21,1,146.97,0
4949,1981,9,5,91.0,0.1
4950,1981,22,1,195.36,0
4951,1981,8,4,314.61,0.15
4952,1982,29,5,155.29,0
4953,1982,28,3,120.31,0
4954,1983,30,5,34.5,0
4955,1984,7,1,54.0,0.1
4956,1985,15,2,186.42,0.05
4957,1986,21,3,146.97,0
4958,1986,28,5,120.31,0
4959,1987,17,5,182.53,0
4960,1987,22,5,195.36,0
4961,1988,3,4,84.51,0.1
4962,1989,28,4,120.31,0.05
4963,1989,4,4,255.55,0
4964,1989,6,1,110.86,0.1
4965,1989,26,1,266.19,0.1
4966,1990,15,1,186.42,0.15
4967,1991,9,5,91.0,0.05
4968,1991,7,2,54.0,0.15
4969,1991,11,3,65.78,0
4970,1992,24,3,257.36,0.15
4971,1993,7,1,54.0,0.1
4972,1993,14,1,162.75,0
4973,1993,20,2,112.54,0.05
4974,1994,19,1,249.49,0
4975,1994,15,5,186.42,0.05
4976,1994,13,4,38.88,0
4977,1995,28,3,120.31,0
4978,1995,25,3,110.84,0
4979,1996,23,5,163.2,0.05
4980,1997,28,3,120.31,0.1
4981,1997,13,5,38.88,0
4982,1998,17,3,182.53,0.15
4983,1998,12,4,204.04,0.05
4984,1999,13,4,38.88,0.05
4985,2000,5,3,208.06,0.1
4986,2001,24,3,257.36,0
4987,2001,2,5,192.11,0.1
4988,2002,1,4,227.98,0.05
4989,2002,13,1,38.88,0.05
4990,2003,20,5,112.54,0.15
4991,2003,19,2,249.49,0.1
4992,2003,30,5,34.5,0.15
4993,2003,29,5,155.29,0
4994,2004,18,4,90.87,0.05
4995,2004,17,5,182.53,0
4996,2004,15,3,186.42,0.05
4997,2004,23,1,163.2,0
4998,2005,2,3,192.11,0.1
4999,2005,17,2,182.53,0
5000,2006,25,1,110.84,0
5001,2006,20,2,112.54,0.05
5002,2007,2,4,192.11,0.05
5003,2007,21,2,146.97,0.1
5004,2007,22,1,195.36,0
5005,2008,7,3,54.0,0
5006,2009,11,5,65.78,0.05
5007,2009,5,2,208.06,0
5008,2009,29,5,155.29,0.1
5009,2009,21,5,146.97,0.05
5010,2010,24,2,257.36,0
5011,2010,26,1,266.19,0
5012,2011,8,2,314.61,0
5013,2011,11,5,65.78,0.05
5014,2012,18,4,90.87,0
5015,2012,29,5,155.29,0.1
5016,2012,20,1,112.54,0.15
5017,2013,29,1,155.29,0.05
5018,2013,1,3,227.98,0
5019,2014,14,4,162.75,0.1
5020,2014,4,3,255.55,0.05
5021,2014,30,2,34.5,0.15
5022,2014,17,3,182.53,0
5023,2015,23,2,163.2,0
5024,2016,28,1,120.31,0
5025,2016,13,4,38.88,0.05
5026,2016,4,4,255.55,0
5027,2017,8,4,314.61,0
5028,2018,27,5,168.64,0.1
5029,2018,20,1,112.54,0.1
5030,2018,24,2,257.36,0.1
5031,2019,10,2,138.55,0
5032,2019,24,3,257.36,0
5033,2020,25,3,110.84,0.05
5034,2021,28,3,120.31,0
5035,2021,5,1,208.06,0.15
5036,2021,25,4,110.84,0.05
5037,2021,8,3,314.61,0
5038,2022,30,5,34.5,0
5039,2023,28,5,120.31,0
5040,2023,18,1,90.87,0
5041,2024,18,3,90.87,0.1
5042,2025,24,1,257.36,0
5043,2026,22,1,195.36,0.05
5044,2026,12,1,204.04,0.15
5045,2026,8,4,314.61,0.05
5046,2026,20,1,112.54,0
5047,2027,23,3,163.2,0
5048,2028,1,5,227.98,0.15
5049,2028,25,5,110.84,0
5050,2028,8,2,314.61,0
5051,2029,13,1,38.88,0
5052,2029,25,5,110.84,0
5053,2029,6,5,110.86,0.1
5054,2029,24,4,257.36,0.15
5055,2030,22,4,195.36,0.1
5056,2031,20,3,112.54,0
5057,2031,23,4,163.2,0
5058,2032,28,2,120.31,0
5059,2032,7,4,54.0,0
5060,2033,10,5,138.55,0.1
5061,2033,9,1,91.0,0.05
5062,2033,28,4,120.31,0
5063,2033,1,5,227.98,0.15
5064,2034,2,1,192.11,0.1
5065,2034,22,5,195.36,0
5066,2035,22,2,195.36,0.05
5067,2035,28,4,120.31,0
5068,2036,18,2,90.87,0.05
5069,2036,2,2,192.11,0
5070,2036,11,1,65.78,0
5071,2037,5,3,208.06,0
5072,2037,1,5,227.98,0.05
5073,2038,23,4,163.2,0.15
5074,2038,9,1,91.0,0.1
5075,2038,10,2,138.55,0.15
5076,2039,10,4,138.55,0.15
5077,2040,14,4,162.75,0.05
5078,2040,29,4,155.29,0
5079,2040,26,4,266.19,0
5080,2041,30,1,34.5,0
5081,2041,1,4,227.98,0
5082,2041,12,5,204.04,0
5083,2041,8,1,314.61,0
5084,2042,30,5,34.5,0.05
5085,2042,13,1,38.88,0
5086,2043,13,1,38.88,0
5087,2043,8,1,314.61,0
5088,2043,14,5,162.75,0.15
5089,2043,27,1,168.64,0.15
5090,2044,1,2,227.98,0.1
5091,2045,21,2,146.97,0
5092,2045,1,2,227.98,0
5093,2046,25,3,110.84,0.1
5094,2046,15,4,186.42,0.15
5095,2047,13,1,38.88,0.1
5096,2047,2,5,192.11,0.05
5097,2048,30,3,34.5,0
5098,2048,10,5,138.55,0
5099,2048,22,1,195.36,0
5100,2048,11,3,65.78,0.15
5101,2049,17,1,182.53,0.1
5102,2049,3,1,84.51,0.15
5103,2050,12,3,204.04,0
5104,2050,21,3,146.97,0.05
5105,2050,17,4,182.53,0
5106,2050,7,2,54.0,0.1
5107,2051,20,4,112.54,0.05
5108,2051,16,1,245.64,0
5109,2051,2,4,192.11,0
5110,2051,11,4,65.78,0
5111,2052,10,4,138.55,0.15
5112,2053,12,1,204.04,0
5113,2053,26,5,266.19,0
5114,2054,3,4,84.51,0
5115,2055,11,4,65.78,0
5116,2056,12,2,204.04,0
5117,2057,10,3,138.55,0
5118,2057,15,4,186.42,0
5119,2057,19,3,249.49,0
5120,2058,11,4,65.78,0
5121,2059,14,4,162.75,0.1
5122,2059,24,2,257.36,0.05
5123,2059,30,3,34.5,0.05
5124,2059,10,1,138.55,0.1
5125,2060,9,4,91.0,0.05
5126,2060,21,5,146.97,0
5127,2060,22,3,195.36,0.15
5128,2060,18,4,90.87,0
5129,2061,28,1,120.31,0.1
5130,2061,16,3,245.64,0
5131,2061,26,1,266.19,0.15
5132,2061,24,1,257.36,0.1
5133,2062,14,2,162.75,0
5134,2062,16,2,245.64,0.15
5135,2062,8,5,314.61,0.15
5136,2063,10,5,138.55,0
5137,2063,9,3,91.0,0
5138,2063,2,2,192.11,0.05
5139,2063,6,4,110.86,0.05
5140,2064,30,2,34.5,0
5141,2064,8,5,314.61,0
5142,2064,20,2,112.54,0
5143,2064,23,2,163.2,0
5144,2065,9,1,91.0,0
5145,2066,17,3,182.53,0
5146,2066,9,2,91.0,0
5147,2067,29,1,155.29,0.15
5148,2067,20,4,112.54,0
5149,2068,23,4,163.2,0
5150,2068,11,4,65.78,0
5151,2068,5,4,208.06,0.1
5152,2069,4,1,255.55,0.15
5153,2069,1,4,227.98,0
5154,2070,21,2,146.97,0.05
5155,2070,24,4,257.36,0.05
5156,2070,25,4,110.84,0
5157,2070,5,2,208.06,0
5158,2071,1,1,227.98,0
5159,2071,30,5,34.5,0
5160,2071,26,1,266.19,0
5161,2071,15,4,186.42,0
5162,2072,5,1,208.06,0.15
5163,2072,21,1,146.97,0.15
5164,2072,10,4,138.55,0.15
5165,2073,1,4,227.98,0.05
5166,2073,22,3,195.36,0.1
5167,2073,21,2,146.97,0.05
5168,2074,27,4,168.64,0
5169,2075,26,3,266.19,0.15
5170,2075,17,4,182.53,0
5171,2076,9,5,91.0,0
5172,2076,11,1,65.78,0.1
5173,2076,20,2,112.54,0.1
5174,2076,16,5,245.64,0.15
5175,2077,2,3,192.11,0
5176,2077,19,1,249.49,0
5177,2077,24,5,257.36,0.15
5178,2077,20,2,112.54,0
5179,2078,5,2,208.06,0.1
5180,2078,24,3,257.36,0.05
5181,2079,22,1,195.36,0
5182,2080,1,2,227.98,0.15
5183,2080,23,4,163.2,0.05
5184,2080,3,2,84.51,0
5185,2081,16,2,245.64,0
5186,2081,10,4,138.55,0.15
5187,2081,6,4,110.86,0.15
5188,2082,30,2,34.5,0.05
5189,2082,5,5,208.06,0.15
5190,2083,3,1,84.51,0.05
5191,2083,13,1,38.88,0.15
5192,2083,17,2,182.53,0.15
5193,2084,10,5,138.55,0.1
5194,2084,15,3,186.42,0.05
5195,2084,24,1,257.36,0.15
5196,2084,19,3,249.49,0.1
5197,2085,7,2,54.0,0
5198,2085,29,5,155.29,0.05
5199,2085,22,2,195.36,0
5200,2085,18,4,90.87,0
5201,2086,13,4,38.88,0
5202,2087,24,5,257.36,0.05
5203,2087,15,3,186.42,0
5204,2087,22,4,195.36,0.15
5205,2088,29,1,155.29,0
5206,2088,16,3,245.64,0.05
5207,2088,12,4,204.04,0
5208,2089,11,5,65.78,0
5209,2089,17,3,182.53,0.15
5210,2089,26,1,266.19,0
5211,2089,14,1,162.75,0.05
5212,2090,6,3,110.86,0
5213,2090,29,3,155.29,0
5214,2091,7,4,54.0,0.1
5215,2091,17,4,182.53,0
5216,2092,24,1,257.36,0.05
5217,2093,26,2,266.19,0
5218,2093,30,5,34.5,0.15
5219,2093,9,4,91.0,0
5220,2094,18,5,90.87,0.15
5221,2095,24,3,257.36,0.15
5222,2095,3,5,84.51,0
5223,2095,7,5,54.0,0.05
5224,2096,28,5,120.31,0.05
5225,2096,30,2,34.5,0
5226,2096,27,3,168.64,0
5227,2096,29,5,155.29,0
5228,2097,17,3,182.53,0
5229,2097,1,4,227.98,0
5230,2097,10,3,138.55,0.05
5231,2098,19,3,249.49,0.05
5232,2099,22,3,195.36,0.1
5233,2099,1,5,227.98,0
5234,2099,29,2,155.29,0.15
5235,2100,9,1,91.0,0
5236,2100,5,1,208.06,0
5237,2100,21,5,146.97,0.1
5238,2101,20,1,112.54,0.05
5239,2101,27,2,168.64,0
5240,2101,28,2,120.31,0
5241,2102,16,4,245.64,0
5242,2102,10,5,138.55,0
5243,2102,18,1,90.87,0.15
5244,2102,14,3,162.75,0
5245,2103,7,5,54.0,0.1
5246,2103,1,2,227.98,0.1
5247,2104,4,2,255.55,0
5248,2104,19,2,249.49,0
5249,2104,14,4,162.75,0
5250,2105,6,4,110.86,0
5251,2105,15,5,186.42,0
5252,2105,14,1,162.75,0.05
5253,2106,22,1,195.36,0
5254,2106,21,1,146.97,0.1
5255,2107,10,2,138.55,0.05
5256,2107,25,3,110.84,0
5257,2108,30,4,34.5,0
5258,2109,21,1,146.97,0.05
5259,2109,16,5,245.64,0.1
5260,2110,22,1,195.36,0.15
5261,2110,27,4,168.64,0
5262,2110,19,3,249.49,0.15
5263,2110,2,5,192.11,0.15
5264,2111,26,3,266.19,0.15
5265,2111,15,3,186.42,0
5266,2111,19,4,249.49,0.05
5267,2112,27,5,168.64,0.1
5268,2113,17,1,182.53,0
5269,2113,3,4,84.51,0.1
5270,2113,12,1,204.04,0.1
5271,2113,19,5,249.49,0
5272,2114,6,2,110.86,0.1
5273,2114,13,3,38.88,0.1
5274,2114,27,5,168.64,0.05
5275,2114,18,4,90.87,0
5276,2115,13,5,38.88,0.05
5277,2115,3,1,84.51,0
5278,2115,5,1,208.06,0.15
5279,2115,8,5,314.61,0
5280,2116,5,5,208.06,0.15
5281,2117,27,1,168.64,0.15
5282,2117,26,4,266.19,0
5283,2118,28,1,120.31,0
5284,2119,19,2,249.49,0.05
5285,2119,18,5,90.87,0.1
5286,2120,22,4,195.36,0
5287,2120,10,2,138.55,0.15
5288,2120,20,3,112.54,0
5289,2120,29,4,155.29,0.05
5290,2121,28,2,120.31,0
5291,2121,17,3,182.53,0
5292,2121,26,4,266.19,0
5293,2121,24,4,257.36,0.05
5294,2122,11,3,65.78,0
5295,2123,12,2,204.04,0.15
5296,2124,17,3,182.53,0
5297,2124,9,1,91.0,0
5298,2125,10,4,138.55,0
5299,2126,28,4,120.31,0.1
5300,2126,2,4,192.11,0
5301,2126,7,3,54.0,0.15
5302,2127,24,1,257.36,0.1
5303,2128,18,2,90.87,0
5304,2128,2,3,192.11,0.15
5305,2128,28,3,120.31,0
5306,2128,29,4,155.29,0.1
5307,2129,1,2,227.98,0.05
5308,2129,30,4,34.5,0
5309,2129,25,1,110.84,0
5310,2130,16,4,245.64,0.1
5311,2130,7,2,54.0,0
5312,2130,25,3,110.84,0.1
5313,2131,20,2,112.54,0.15
5314,2131,30,4,34.5,0
5315,2132,5,5,208.06,0
5316,2133,27,2,168.64,0
5317,2133,8,3,314.61,0
5318,2134,21,5,146.97,0
5319,2134,24,5,257.36,0.05
5320,2134,9,4,91.0,0
5321,2135,28,4,120.31,0
5322,2135,16,1,245.64,0
5323,2135,23,5,163.2,0
5324,2135,9,5,91.0,0
5325,2136,14,1,162.75,0.05
5326,2137,17,1,182.53,0.05
5327,2138,26,3,266.19,0
5328,2138,25,4,110.84,0.05
5329,2139,27,4,168.64,0.05
5330,2139,18,3,90.87,0
5331,2139,7,2,54.0,0.1
5332,2140,10,2,138.55,0
5333,2140,22,2,195.36,0.05
5334,2140,21,3,146.97,0.15
5335,2140,8,1,314.61,0.1
5336,2141,14,4,162.75,0.05
5337,2141,13,1,38.88,0.1
5338,2142,1,2,227.98,0
5339,2143,5,2,208.06,0
5340,2144,3,2,84.51,0.15
5341,2145,12,1,204.04,0.05
5342,2145,20,4,112.54,0.1
5343,2145,24,1,257.36,0
5344,2145,1,2,227.98,0.15
5345,2146,1,2,227.98,0
5346,2146,20,3,112.54,0
5347,2146,6,4,110.86,0
5348,2147,28,4,120.31,0
5349,2147,26,1,266.19,0.1
5350,2148,3,5,84.51,0
5351,2148,19,4,249.49,0.1
5352,2149,21,4,146.97,0.15
5353,2149,6,4,110.86,0.05
5354,2150,1,2,227.98,0.1
5355,2151,11,2,65.78,0
5356,2151,3,3,84.51,0.15
5357,2151,24,3,257.36,0.1
5358,2152,19,3,249.49,0.05
5359,2152,1,2,227.98,0
5360,2153,12,4,204.04,0
5361,2154,9,5,91.0,0.05
5362,2155,5,1,208.06,0
5363,2156,21,2,146.97,0
5364,2156,14,5,162.75,0
5365,2156,4,5,255.55,0
5366,2156,17,1,182.53,0
5367,2157,10,2,138.55,0.1
5368,2158,14,5,162.75,0.05
5369,2158,16,2,245.64,0.15
5370,2159,18,4,90.87,0
5371,2160,14,3,162.75,0.05
5372,2160,10,1,138.55,0.05
5373,2160,5,5,208.06,0.15
5374,2161,8,1,314.61,0
5375,2161,30,3,34.5,0
5376,2162,6,2,110.86,0
5377,2163,30,3,34.5,0
5378,2163,23,2,163.2,0
5379,2163,1,1,227.98,0
5380,2164,2,3,192.11,0
5381,2164,4,5,255.55,0.1
5382,2164,11,2,65.78,0
5383,2164,3,1,84.51,0.05
5384,2165,5,2,208.06,0
5385,2165,28,1,120.31,0
5386,2166,2,4,192.11,0
5387,2166,12,1,204.04,0
5388,2167,9,3,91.0,0
5389,2167,18,2,90.87,0.1
5390,2168,6,1,110.86,0
5391,2168,17,2,182.53,0
5392,2168,13,5,38.88,0
5393,2169,7,2,54.0,0.1
5394,2169,10,4,138.55,0
5395,2170,6,3,110.86,0.1
5396,2171,24,5,257.36,0
5397,2171,2,2,192.11,0.05
5398,2172,9,5,91.0,0.1
5399,2172,22,3,195.36,0
5400,2173,11,2,65.78,0.05
5401,2174,9,4,91.0,0.05
5402,2175,20,4,112.54,0.05
5403,2176,8,5,314.61,0.15
5404,2176,13,3,38.88,0
5405,2176,28,3,120.31,0.05
5406,2177,22,2,195.36,0.1
5407,2177,8,5,314.61,0.15
5408,2177,11,4,65.78,0
5409,2178,24,3,257.36,0
5410,2178,8,4,314.61,0.05
5411,2178,5,5,208.06,0
5412,2179,21,4,146.97,0
5413,2179,15,5,186.42,0
5414,2180,18,4,90.87,0
5415,2180,11,5,65.78,0
5416,2180,17,4,182.53,0
5417,2180,24,4,257.36,0.15
5418,2181,19,5,249.49,0.1
5419,2181,21,1,146.97,0.05
5420,2181,8,1,314.61,0
5421,2181,20,2,112.54,0.15
5422,2182,23,1,163.2,0
5423,2182,15,2,186.42,0
5424,2183,16,2,245.64,0
5425,2184,27,1,168.64,0.1
5426,2184,16,2,245.64,0.05
5427,2184,18,3,90.87,0.1
5428,2184,29,2,155.29,0
5429,2185,19,3,249.49,0.05
5430,2185,25,4,110.84,0
5431,2186,13,3,38.88,0
5432,2186,27,4,168.64,0
5433,2187,24,5,257.36,0.1
5434,2187,30,3,34.5,0
5435,2188,22,1,195.36,0
5436,2189,19,5,249.49,0.05
5437,2189,15,4,186.42,0.15
5438,2189,3,1,84.51,0.05
5439,2190,2,1,192.11,0.05
5440,2191,4,4,255.55,0.15
5441,2192,7,2,54.0,0
5442,2193,27,2,168.64,0.15
5443,2193,16,3,245.64,0.1
5444,2193,22,1,195.36,0
5445,2193,26,1,266.19,0.1
5446,2194,28,4,120.31,0.05
5447,2195,4,4,255.55,0
5448,2196,25,1,110.84,0
5449,2197,17,4,182.53,0.05
5450,2197,18,1,90.87,0.05
5451,2198,8,3,314.61,0
5452,2199,10,2,138.55,0
5453,2199,18,2,90.87,0
5454,2199,9,2,91.0,0
5455,2200,16,5,245.64,0
5456,2201,4,1,255.55,0.05
5457,2201,28,1,120.31,0
5458,2201,23,2,163.2,0.15
5459,2201,29,1,155.29,0.1
5460,2202,22,5,195.36,0.1
5461,2202,28,1,120.31,0
5462,2202,1,1,227.98,0
5463,2202,6,2,110.86,0.1
5464,2203,30,5,34.5,0
5465,2203,23,4,163.2,0.05
5466,2203,3,5,84.51,0
5467,2203,25,4,110.84,0.05
5468,2204,8,5,314.61,0
5469,2205,22,4,195.36,0
5470,2206,4,3,255.55,0
5471,2206,12,1,204.04,0.15
5472,2207,14,5,162.75,0.15
5473,2208,27,2,168.64,0
5474,2208,12,2,204.04,0.15
5475,2208,11,4,65.78,0.15
5476,2209,10,1,138.55,0.15
5477,2209,16,4,245.64,0.1
5478,2209,24,5,257.36,0.1
5479,2210,14,3,162.75,0.1
5480,2210,13,5,38.88,0.1
5481,2210,20,2,112.54,0
5482,2211,14,4,162.75,0
5483,2211,15,3,186.42,0
5484,2211,12,5,204.04,0
5485,2212,15,2,186.42,0.05
5486,2213,1,1,227.98,0.05
5487,2213,9,1,91.0,0.15
5488,2213,13,1,38.88,0
5489,2214,17,2,182.53,0
5490,2214,21,1,146.97,0.15
5491,2214,14,5,162.75,0.05
5492,2214,28,1,120.31,0
5493,2215,22,3,195.36,0
5494,2216,14,1,162.75,0
5495,2216,6,3,110.86,0.15
5496,2216,7,2,54.0,0
5497,2216,17,2,182.53,0
5498,2217,10,5,138.55,0
5499,2217,1,4,227.98,0
5500,2218,2,1,192.11,0
5501,2218,1,5,227.98,0
5502,2218,9,4,91.0,0.1
5503,2219,23,1,163.2,0
5504,2220,25,2,110.84,0
5505,2220,15,5,186.42,0.1
5506,2220,30,2,34.5,0
5507,2221,16,5,245.64,0.05
5508,2221,18,5,90.87,0
5509,2221,2,1,192.11,0
5510,2222,4,3,255.55,0
5511,2222,20,3,112.54,0
5512,2222,10,5,138.55,0
5513,2223,10,4,138.55,0.05
5514,2223,16,3,245.64,0.15
5515,2223,18,2,90.87,0.1
5516,2224,1,2,227.98,0
5517,2224,13,4,38.88,0.1
5518,2225,18,2,90.87,0
5519,2225,19,2,249.49,0.15
5520,2225,25,5,110.84,0.15
5521,2225,4,4,255.55,0
5522,2226,11,3,65.78,0.1
5523,2227,23,5,163.2,0
5524,2227,25,2,110.84,0.1
5525,2227,1,1,227.98,0.05
5526,2228,12,5,204.04,0.1
5527,2228,29,5,155.29,0.05
5528,2228,5,1,208.06,0.05
5529,2229,15,3,186.42,0.05
5530,2229,8,1,314.61,0
5531,2229,25,4,110.84,0
5532,2229,9,2,91.0,0.05
5533,2230,10,5,138.55,0.1
5534,2231,17,3,182.53,0
5535,2232,21,4,146.97,0
5536,2232,20,3,112.54,0
5537,2233,18,3,90.87,0.15
5538,2234,10,1,138.55,0
5539,2234,17,3,182.53,0
5540,2235,11,4,65.78,0.1
5541,2235,8,1,314.61,0
5542,2235,28,5,120.31,0
5543,2236,13,2,38.88,0.05
5544,2237,12,1,204.04,0
5545,2237,15,2,186.42,0
5546,2238,12,2,204.04,0
5547,2238,6,3,110.86,0.15
5548,2238,30,5,34.5,0
5549,2239,30,2,34.5,0.1
5550,2240,15,2,186.42,0
5551,2241,27,1,168.64,0
5552,2241,5,1,208.06,0.05
5553,2242,19,4,249.49,0.05
5554,2242,6,5,110.86,0
5555,2243,25,1,110.84,0
5556,2243,2,5,192.11,0
5557,2243,7,5,54.0,0
5558,2244,14,1,162.75,0.15
5559,2245,21,2,146.97,0
5560,2245,8,5,314.61,0
5561,2246,1,1,227.98,0.15
5562,2247,14,2,162.75,0
5563,2247,4,3,255.55,0.05
5564,2247,13,3,38.88,0.15
5565,2248,20,4,112.54,0.1
5566,2248,10,5,138.55,0
5567,2248,1,2,227.98,0
5568,2249,3,4,84.51,0.05
5569,2249,13,5,38.88,0
5570,2250,27,1,168.64,0.15
5571,2250,8,1,314.61,0.1
5572,2250,15,3,186.42,0
5573,2251,14,3,162.75,0
5574,2251,23,4,163.2,0.15
5575,2251,11,4,65.78,0
5576,2251,2,2,192.11,0
5577,2252,16,4,245.64,0.15
5578,2252,18,1,90.87,0.15
5579,2252,2,5,192.11,0
5580,2253,13,4,38.88,0.15
5581,2254,21,2,146.97,0
5582,2254,14,2,162.75,0
5583,2254,7,4,54.0,0
5584,2254,11,5,65.78,0
5585,2255,21,4,146.97,0
5586,2255,17,4,182.53,0
5587,2255,12,1,204.04,0
5588,2256,2,1,192.11,0.15
5589,2257,28,1,120.31,0
5590,2257,8,2,314.61,0
5591,2258,13,4,38.88,0.1
5592,2258,20,3,112.54,0
5593,2258,7,4,54.0,0.15
5594,2258,5,5,208.06,0
5595,2259,29,3,155.29,0
5596,2260,22,4,195.36,0
5597,2260,28,2,120.31,0.15
5598,2260,1,4,227.98,0.05
5599,2261,28,3,120.31,0
5600,2261,29,2,155.29,0.05
5601,2262,16,3,245.64,0.15
5602,2262,27,4,168.64,0
5603,2263,17,5,182.53,0.05
5604,2263,15,2,186.42,0
5605,2263,10,3,138.55,0.1
5606,2264,14,3,162.75,0
5607,2264,21,4,146.97,0.1
5608,2264,5,2,208.06,0.1
5609,2265,28,1,120.31,0.05
5610,2265,4,2,255.55,0.05
5611,2265,5,4,208.06,0.15
5612,2266,23,4,163.2,0.1
5613,2266,1,2,227.98,0
5614,2266,20,3,112.54,0
5615,2267,28,1,120.31,0
5616,2267,26,2,266.19,0
5617,2267,22,3,195.36,0.05
5618,2267,12,4,204.04,0.1
5619,2268,28,1,120.31,0.1
5620,2268,29,3,155.29,0.15
5621,2268,5,1,208.06,0.05
5622,2268,12,1,204.04,0
5623,2269,25,2,110.84,0.05
5624,2269,8,2,314.61,0.15
5625,2270,16,4,245.64,0
5626,2270,13,4,38.88,0
5627,2270,25,4,110.84,0.15
5628,2270,24,2,257.36,0.15
5629,2271,5,2,208.06,0
5630,2272,17,2,182.53,0.05
5631,2272,30,3,34.5,0.1
5632,2272,9,2,91.0,0
5633,2273,1,5,227.98,0.1
5634,2273,26,4,266.19,0.05
5635,2273,17,1,182.53,0.15
5636,2273,6,2,110.86,0.05
5637,2274,29,5,155.29,0
5638,2274,14,1,162.75,0.1
5639,2274,30,3,34.5,0.05
5640,2275,5,5,208.06,0
5641,2275,9,1,91.0,0.1
5642,2276,3,1,84.51,0
5643,2277,18,1,90.87,0
5644,2278,10,3,138.55,0.15
5645,2279,3,4,84.51,0.05
5646,2279,12,5,204.04,0
5647,2280,9,5,91.0,0.15
5648,2281,17,1,182.53,0.1
5649,2281,2,1,192.11,0
5650,2281,7,4,54.0,0.1
5651,2282,16,4,245.64,0.1
5652,2283,5,4,208.06,0.15
5653,2284,16,1,245.64,0.05
5654,2284,23,1,163.2,0
5655,2285,4,4,255.55,0.05
5656,2285,3,3,84.51,0.1
5657,2285,19,5,249.49,0
5658,2285,16,2,245.64,0
5659,2286,28,5,120.31,0
5660,2286,1,3,227.98,0
5661,2286,11,3,65.78,0
5662,2287,14,2,162.75,0.1
5663,2287,11,3,65.78,0
5664,2287,15,3,186.42,0
5665,2288,22,4,195.36,0
5666,2288,5,5,208.06,0
5667,2288,4,1,255.55,0.15
5668,2288,15,3,186.42,0.1
5669,2289,20,2,112.54,0
5670,2289,28,2,120.31,0.1
5671,2289,7,3,54.0,0
5672,2289,1,2,227.98,0.05
5673,2290,9,1,91.0,0.15
5674,2290,11,3,65.78,0.15
5675,2291,10,2,138.55,0
5676,2291,14,5,162.75,0.05
5677,2291,4,2,255.55,0
5678,2292,21,4,146.97,0
5679,2293,16,1,245.64,0
5680,2293,15,5,186.42,0
5681,2293,30,2,34.5,0
5682,2293,24,2,257.36,0.15
5683,2294,7,1,54.0,0
5684,2294,1,4,227.98,0
5685,2294,25,2,110.84,0
5686,2294,20,1,112.54,0
5687,2295,16,1,245.64,0
5688,2295,7,4,54.0,0.15
5689,2295,29,4,155.29,0.05
5690,2296,4,5,255.55,0.05
5691,2296,13,3,38.88,0.05
5692,2296,12,4,204.04,0.05
5693,2296,23,4,163.2,0
5694,2297,25,1,110.84,0.1
5695,2297,9,3,91.0,0
5696,2297,1,2,227.98,0
5697,2298,7,5,54.0,0
5698,2298,25,2,110.84,0
5699,2298,15,1,186.42,0.1
5700,2299,15,1,186.42,0
5701,2300,2,4,192.11,0.15
5702,2300,25,5,110.84,0
5703,2300,4,1,255.55,0
5704,2300,11,1,65.78,0.15
5705,2301,14,1,162.75,0.1
5706,2301,1,1,227.98,0
5707,2302,22,4,195.36,0
5708,2302,9,5,91.0,0.05
5709,2303,12,1,204.04,0.1
5710,2303,16,2,245.64,0
5711,2304,27,3,168.64,0.05
5712,2305,22,2,195.36,0
5713,2305,27,2,168.64,0
5714,2305,8,4,314.61,0.15
5715,2306,10,5,138.55,0
5716,2306,13,3,38.88,0.1
5717,2307,1,1,227.98,0.15
5718,2307,2,2,192.11,0
5719,2307,26,5,266.19,0.05
5720,2308,26,5,266.19,0
5721,2308,1,5,227.98,0
5722,2308,11,3,65.78,0
5723,2308,3,2,84.51,0.05
5724,2309,29,2,155.29,0
5725,2310,26,1,266.19,0
5726,2310,1,1,227.98,0.15
5727,2311,3,4,84.51,0.1
5728,2311,18,1,90.87,0.15
5729,2312,11,3,65.78,0
5730,2312,23,3,163.2,0.1
5731,2313,2,3,192.11,0.15
5732,2313,30,2,34.5,0.15
5733,2314,13,1,38.88,0.1
5734,2314,6,1,110.86,0
5735,2314,18,2,90.87,0.15
5736,2314,30,4,34.5,0.1
5737,2315,29,4,155.29,0
5738,2315,23,3,163.2,0.15
5739,2315,9,2,91.0,0
5740,2315,25,1,110.84,0
5741,2316,28,5,120.31,0.05
5742,2317,5,5,208.06,0
5743,2317,4,3,255.55,0
5744,2317,18,4,90.87,0.1
5745,2318,21,1,146.97,0.05
5746,2318,1,4,227.98,0.05
5747,2318,25,4,110.84,0.15
5748,2319,28,5,120.31,0.1
5749,2319,29,2,155.29,0.05
5750,2319,5,2,208.06,0.05
5751,2319,22,5,195.36,0.1
5752,2320,24,4,257.36,0.15
5753,2321,6,4,110.86,0.05
5754,2321,14,4,162.75,0.1
5755,2322,15,4,186.42,0
5756,2322,21,4,146.97,0
5757,2323,15,3,186.42,0.1
5758,2324,5,3,208.06,0
5759,2325,11,4,65.78,0
5760,2325,20,1,112.54,0.1
5761,2325,27,2,168.64,0.1
5762,2325,16,3,245.64,0.15
5763,2326,4,1,255.55,0.05
5764,2326,25,3,110.84,0.05
5765,2326,15,5,186.42,0.1
5766,2327,28,1,120.31,0.1
5767,2327,13,5,38.88,0.05
5768,2327,12,1,204.04,0.15
5769,2328,28,3,120.31,0
5770,2329,17,5,182.53,0.05
5771,2329,15,3,186.42,0.15
5772,2330,25,2,110.84,0.1
5773,2331,11,1,65.78,0
5774,2331,21,5,146.97,0.05
5775,2332,13,5,38.88,0
5776,2333,14,2,162.75,0
5777,2333,20,5,112.54,0
5778,2334,21,3,146.97,0
5779,2334,7,4,54.0,0.15
5780,2334,1,4,227.98,0
5781,2334,5,3,208.06,0.15
5782,2335,1,3,227.98,0.05
5783,2335,23,1,163.2,0.15
5784,2335,26,3,266.19,0
5785,2336,9,5,91.0,0.05
5786,2336,2,2,192.11,0
5787,2336,24,3,257.36,0
5788,2336,13,3,38.88,0
5789,2337,29,4,155.29,0
5790,2337,18,5,90.87,0
5791,2337,22,3,195.36,0.1
5792,2337,27,2,168.64,0
5793,2338,21,4,146.97,0
5794,2338,6,4,110.86,0.05
5795,2338,28,3,120.31,0.1
5796,2338,14,3,162.75,0
5797,2339,17,5,182.53,0.1
5798,2339,16,3,245.64,0
5799,2339,1,2,227.98,0.15
5800,2340,10,4,138.55,0.1
5801,2340,8,3,314.61,0.1
5802,2340,28,1,120.31,0
5803,2341,20,2,112.54,0.1
5804,2342,2,4,192.11,0
5805,2343,23,4,163.2,0.05
5806,2344,9,3,91.0,0.15
5807,2344,21,1,146.97,0
5808,2344,26,5,266.19,0
5809,2345,4,2,255.55,0.15
5810,2345,12,1,204.04,0
5811,2345,2,3,192.11,0
5812,2346,11,1,65.78,0
5813,2346,8,4,314.61,0.1
5814,2347,7,1,54.0,0
5815,2347,3,2,84.51,0
5816,2347,26,3,266.19,0.1
5817,2348,29,3,155.29,0
5818,2348,15,5,186.42,0.05
5819,2349,23,1,163.2,0.1
5820,2350,18,3,90.87,0
5821,2350,23,3,163.2,0
5822,2351,2,1,192.11,0.1
5823,2351,26,2,266.19,0
5824,2351,20,1,112.54,0
5825,2351,27,4,168.64,0.15
5826,2352,23,1,163.2,0.05
5827,2352,15,2,186.42,0.05
5828,2353,15,4,186.42,0
5829,2353,9,2,91.0,0
5830,2354,25,3,110.84,0
5831,2354,14,2,162.75,0.05
5832,2355,17,4,182.53,0.05
5833,2356,14,5,162.75,0
5834,2357,30,5,34.5,0
5835,2357,20,1,112.54,0.05
5836,2358,23,3,163.2,0.15
5837,2359,15,1,186.42,0
5838,2359,8,2,314.61,0
5839,2359,22,2,195.36,0.1
5840,2359,26,5,266.19,0.1
5841,2360,28,3,120.31,0.15
5842,2360,30,2,34.5,0
5843,2360,3,2,84.51,0
5844,2361,28,2,120.31,0.1
5845,2362,16,3,245.64,0.05
5846,2362,12,4,204.04,0.05
5847,2363,19,3,249.49,0.15
5848,2363,1,3,227.98,0
5849,2363,24,1,257.36,0.1
5850,2364,29,1,155.29,0
5851,2364,20,2,112.54,0.15
5852,2364,12,5,204.04,0.05
5853,2364,8,4,314.61,0
5854,2365,22,1,195.36,0.15
5855,2365,19,4,249.49,0.1
5856,2366,28,5,120.31,0
5857,2366,6,4,110.86,0
5858,2367,8,2,314.61,0
5859,2367,27,5,168.64,0.1
5860,2367,20,2,112.54,0.05
5861,2367,5,5,208.06,0
5862,2368,14,1,162.75,0
5863,2368,25,2,110.84,0.1
5864,2368,16,5,245.64,0.15
5865,2368,4,4,255.55,0.05
5866,2369,12,2,204.04,0
5867,2370,1,4,227.98,0.15
5868,2370,5,5,208.06,0
5869,2371,29,2,155.29,0.15
5870,2372,20,5,112.54,0.05
5871,2372,11,4,65.78,0.05
5872,2373,20,2,112.54,0
5873,2374,18,2,90.87,0
5874,2375,2,1,192.11,0
5875,2376,28,3,120.31,0
5876,2377,18,3,90.87,0
5877,2378,12,2,204.04,0
5878,2378,26,1,266.19,0.1
5879,2379,17,4,182.53,0
5880,2379,4,4,255.55,0
5881,2379,24,2,257.36,0.1
5882,2379,25,5,110.84,0.15
5883,2380,24,5,257.36,0
5884,2380,13,4,38.88,0.15
5885,2381,14,1,162.75,0
5886,2381,16,3,245.64,0
5887,2381,6,1,110.86,0
5888,2381,2,1,192.11,0
5889,2382,8,1,314.61,0.15
5890,2382,9,5,91.0,0.1
5891,2382,18,3,90.87,0
5892,2382,12,2,204.04,0
5893,2383,29,5,155.29,0
5894,2384,30,5,34.5,0.05
5895,2384,12,2,204.04,0.1
5896,2384,14,4,162.75,0
5897,2385,15,4,186.42,0
5898,2385,14,2,162.75,0.05
5899,2386,25,2,110.84,0.1
5900,2386,5,3,208.06,0.05
5901,2386,28,1,120.31,0
5902,2386,14,4,162.75,0.05
5903,2387,12,4,204.04,0
5904,2387,16,2,245.64,0.1
5905,2387,7,5,54.0,0.05
5906,2388,7,3,54.0,0.15
5907,2388,22,4,195.36,0
5908,2389,14,3,162.75,0.15
5909,2389,7,1,54.0,0
5910,2389,24,4,257.36,0.05
5911,2389,1,1,227.98,0.15
5912,2390,6,2,110.86,0
5913,2390,10,5,138.55,0.05
5914,2390,17,5,182.53,0.15
5915,2391,27,3,168.64,0.05
5916,2392,19,1,249.49,0
5917,2392,17,4,182.53,0.1
5918,2392,29,5,155.29,0
5919,2392,16,1,245.64,0
5920,2393,13,2,38.88,0.15
5921,2393,24,1,257.36,0
5922,2394,22,2,195.36,0.05
5923,2395,9,1,91.0,0
5924,2395,3,1,84.51,0.05
5925,2396,6,4,110.86,0
5926,2396,5,5,208.06,0
5927,2396,17,1,182.53,0
5928,2396,9,5,91.0,0
5929,2397,28,4,120.31,0
5930,2398,27,3,168.64,0.1
5931,2398,19,5,249.49,0.05
5932,2398,16,5,245.64,0.1
5933,2399,4,4,255.55,0
5934,2399,9,4,91.0,0
5935,2399,18,5,90.87,0.15
5936,2399,28,1,120.31,0.1
5937,2400,7,3,54.0,0.05
5938,2400,21,2,146.97,0
5939,2400,26,4,266.19,0
5940,2400,22,1,195.36,0
5941,2401,24,4,257.36,0
5942,2401,28,4,120.31,0.1
5943,2402,3,5,84.51,0
5944,2403,23,1,163.2,0
5945,2403,2,1,192.11,0.05
5946,2404,4,2,255.55,0.15
5947,2404,13,2,38.88,0.05
5948,2405,9,1,91.0,0
5949,2405,19,5,249.49,0
5950,2405,2,2,192.11,0.05
5951,2406,12,3,204.04,0.1
5952,2406,17,2,182.53,0
5953,2406,25,4,110.84,0
5954,2407,24,2,257.36,0
5955,2407,7,3,54.0,0
5956,2407,20,1,112.54,0.05
5957,2408,11,1,65.78,0.15
5958,2408,18,3,90.87,0.05
5959,2409,23,4,163.2,0
5960,2409,7,1,54.0,0.15
5961,2410,12,2,204.04,0.15
5962,2410,9,5,91.0,0
5963,2410,4,3,255.55,0
5964,2411,20,2,112.54,0
5965,2412,25,5,110.84,0.05
5966,2412,20,3,112.54,0
5967,2412,2,5,192.11,0.1
5968,2413,18,5,90.87,0.1
5969,2414,21,3,146.97,0.15
5970,2414,25,1,110.84,0.05
5971,2414,29,4,155.29,0.1
5972,2414,7,1,54.0,0
5973,2415,7,1,54.0,0.05
5974,2415,30,2,34.5,0
5975,2415,14,4,162.75,0.15
5976,2415,15,2,186.42,0.15
5977,2416,21,2,146.97,0.15
5978,2416,6,3,110.86,0
5979,2417,6,2,110.86,0.05
5980,2417,24,3,257.36,0
5981,2418,21,3,146.97,0
5982,2419,5,2,208.06,0.15
5983,2419,22,3,195.36,0
5984,2419,1,3,227.98,0
5985,2420,23,1,163.2,0.15
5986,2420,29,5,155.29,0.05
5987,2420,3,1,84.51,0
5988,2421,4,3,255.55,0
5989,2421,10,5,138.55,0.1
5990,2421,16,5,245.64,0.15
5991,2422,27,3,168.64,0
5992,2422,21,1,146.97,0.15
5993,2422,5,5,208.06,0
5994,2423,1,2,227.98,0
5995,2424,2,2,192.11,0
5996,2424,21,4,146.97,0.05
5997,2425,20,3,112.54,0
5998,2425,6,2,110.86,0.1
5999,2425,25,4,110.84,0
6000,2425,19,5,249.49,0
6001,2426,20,1,112.54,0.1
6002,2426,22,2,195.36,0
6003,2427,10,4,138.55,0.05
6004,2427,1,2,227.98,0.1
6005,2428,26,5,266.19,0.1
6006,2428,10,5,138.55,0
6007,2429,4,4,255.55,0.05
6008,2429,24,5,257.36,0
6009,2429,17,1,182.53,0.1
6010,2430,24,2,257.36,0.05
6011,2430,18,5,90.87,0
6012,2431,7,1,54.0,0.1
6013,2431,11,3,65.78,0
6014,2431,27,5,168.64,0.15
6015,2432,29,1,155.29,0
6016,2432,30,5,34.5,0.05
6017,2432,16,5,245.64,0.05
6018,2433,27,4,168.64,0.05
6019,2434,1,5,227.98,0.1
6020,2434,2,3,192.11,0
6021,2435,22,4,195.36,0.05
6022,2435,13,5,38.88,0.1
6023,2435,17,5,182.53,0.1
6024,2435,14,3,162.75,0.05
6025,2436,28,4,120.31,0.1
6026,2437,30,2,34.5,0.1
6027,2437,3,3,84.51,0.15
6028,2437,1,4,227.98,0
6029,2437,25,3,110.84,0.05
6030,2438,1,1,227.98,0.1
6031,2438,21,5,146.97,0.05
6032,2438,11,1,65.78,0.15
6033,2439,19,2,249.49,0
6034,2439,29,3,155.29,0.15
6035,2439,24,2,257.36,0
6036,2440,1,3,227.98,0
6037,2440,29,1,155.29,0.15
6038,2440,30,3,34.5,0.05
6039,2441,10,3,138.55,0
6040,2441,2,5,192.11,0.05
6041,2441,5,1,208.06,0.05
6042,2442,2,3,192.11,0
6043,2442,28,2,120.31,0.1
6044,2442,5,3,208.06,0.15
6045,2443,17,4,182.53,0
6046,2443,26,5,266.19,0.15
6047,2443,3,3,84.51,0.1
6048,2444,7,2,54.0,0
6049,2444,11,1,65.78,0
6050,2444,17,1,182.53,0
6051,2444,12,4,204.04,0.1
6052,2445,1,3,227.98,0.15
6053,2445,25,5,110.84,0
6054,2446,25,2,110.84,0.05
6055,2446,16,3,245.64,0.05
6056,2446,2,2,192.11,0
6057,2446,29,2,155.29,0.15
6058,2447,7,3,54.0,0.05
6059,2447,21,5,146.97,0.1
6060,2447,20,4,112.54,0.15
6061,2448,22,2,195.36,0
6062,2449,16,1,245.64,0.05
6063,2450,28,4,120.31,0.05
6064,2450,12,2,204.04,0.15
6065,2450,15,4,186.42,0
6066,2451,23,5,163.2,0.1
6067,2451,2,5,192.11,0.05
6068,2451,17,4,182.53,0
6069,2452,22,2,195.36,0
6070,2452,10,5,138.55,0.15
6071,2452,21,3,146.97,0
6072,2453,26,1,266.19,0
6073,2453,9,4,91.0,0.05
6074,2453,29,4,155.29,0.05
6075,2453,27,5,168.64,0.05
6076,2454,14,3,162.75,0.1
6077,2454,15,4,186.42,0
6078,2454,12,2,204.04,0
6079,2454,3,1,84.51,0
6080,2455,2,5,192.11,0
6081,2455,20,1,112.54,0.15
6082,2456,26,4,266.19,0
6083,2457,24,2,257.36,0.1
6084,2457,9,3,91.0,0.15
6085,2457,11,4,65.78,0
6086,2458,14,1,162.75,0
6087,2458,2,3,192.11,0.05
6088,2459,27,5,168.64,0.15
6089,2459,10,3,138.55,0.05
6090,2460,27,1,168.64,0.15
6091,2460,11,3,65.78,0.1
6092,2460,3,2,84.51,0.15
6093,2460,18,4,90.87,0
6094,2461,16,1,245.64,0.1
6095,2461,15,4,186.42,0.1
6096,2461,14,4,162.75,0.15
6097,2462,13,4,38.88,0.1
6098,2462,22,2,195.36,0.15
6099,2462,21,5,146.97,0
6100,2462,28,3,120.31,0.15
6101,2463,1,5,227.98,0
6102,2463,17,3,182.53,0.15
6103,2463,21,2,146.97,0.15
6104,2464,16,3,245.64,0
6105,2464,14,3,162.75,0
6106,2465,6,3,110.86,0
6107,2465,30,3,34.5,0
6108,2465,5,2,208.06,0
6109,2465,3,5,84.51,0.05
6110,2466,28,5,120.31,0
6111,2466,8,3,314.61,0.05
6112,2466,7,5,54.0,0
6113,2466,18,2,90.87,0
6114,2467,11,3,65.78,0
6115,2467,20,1,112.54,0
6116,2468,21,1,146.97,0.1
6117,2468,8,4,314.61,0.05
6118,2468,27,3,168.64,0.05
6119,2468,12,4,204.04,0
6120,2469,17,2,182.53,0
6121,2470,29,3,155.29,0.1
6122,2470,14,1,162.75,0
6123,2470,25,2,110.84,0.1
6124,2471,16,5,245.64,0.1
6125,2472,26,5,266.19,0.1
6126,2473,11,1,65.78,0.05
6127,2473,12,4,204.04,0
6128,2473,26,5,266.19,0
6129,2473,17,2,182.53,0.1
6130,2474,18,1,90.87,0.15
6131,2475,28,3,120.31,0
6132,2475,13,5,38.88,0
6133,2475,7,3,54.0,0
6134,2476,25,1,110.84,0.1
6135,2476,28,1,120.31,0
6136,2477,3,4,84.51,0
6137,2477,10,2,138.55,0
6138,2477,24,1,257.36,0
6139,2478,3,3,84.51,0
6140,2479,15,4,186.42,0.1
6141,2480,12,3,204.04,0
6142,2480,20,4,112.54,0.05
6143,2480,18,4,90.87,0
6144,2480,10,3,138.55,0
6145,2481,20,1,112.54,0
6146,2481,19,4,249.49,0.1
6147,2482,10,5,138.55,0.15
6148,2482,22,1,195.36,0
6149,2482,3,4,84.51,0
6150,2482,30,4,34.5,0.15
6151,2483,6,3,110.86,0
6152,2483,22,1,195.36,0.05
6153,2484,5,1,208.06,0.15
6154,2484,22,4,195.36,0
6155,2485,27,4,168.64,0
6156,2485,20,1,112.54,0.1
6157,2485,19,2,249.49,0.15
6158,2485,25,3,110.84,0.05
6159,2486,5,3,208.06,0.05
6160,2486,22,2,195.36,0
6161,2487,5,1,208.06,0.15
6162,2487,1,4,227.98,0
6163,2488,9,2,91.0,0.1
6164,2488,26,4,266.19,0
6165,2489,29,1,155.29,0
6166,2489,23,5,163.2,0.15
6167,2490,1,3,227.98,0.1
6168,2490,26,1,266.19,0
6169,2490,13,2,38.88,0
6170,2490,2,1,192.11,0.05
6171,2491,26,3,266.19,0
6172,2491,13,5,38.88,0
6173,2491,23,3,163.2,0
6174,2491,20,5,112.54,0.15
6175,2492,7,4,54.0,0
6176,2492,2,3,192.11,0.05
6177,2492,4,2,255.55,0
6178,2493,24,4,257.36,0.15
6179,2493,29,5,155.29,0.1
6180,2493,13,2,38.88,0
6181,2493,12,2,204.04,0.05
6182,2494,27,1,168.64,0
6183,2494,19,1,249.49,0.15
6184,2495,16,3,245.64,0.15
6185,2495,27,4,168.64,0
6186,2495,19,5,249.49,0.1
6187,2496,4,3,255.55,0.1
6188,2496,25,5,110.84,0
6189,2496,24,2,257.36,0.1
6190,2497,9,4,91.0,0.1
6191,2498,5,3,208.06,0
6192,2498,18,4,90.87,0.05
6193,2498,8,2,314.61,0.15
6194,2498,19,1,249.49,0.1
6195,2499,16,3,245.64,0.1
6196,2499,1,5,227.98,0.05
6197,2499,26,5,266.19,0.15
6198,2499,18,4,90.87,0
6199,2500,28,2,120.31,0.1
6200,2500,29,2,155.29,0.15
6201,2501,5,3,208.06,0
6202,2501,8,1,314.61,0.05
6203,2502,22,4,195.36,0.05
6204,2502,27,4,168.64,0.1
6205,2502,14,1,162.75,0.1
6206,2503,16,3,245.64,0.1
6207,2503,9,3,91.0,0.1
6208,2504,21,4,146.97,0
6209,2504,7,3,54.0,0.15
6210,2504,3,3,84.51,0.1
6211,2505,9,3,91.0,0
6212,2505,18,1,90.87,0.15
6213,2505,23,3,163.2,0.1
6214,2505,15,4,186.42,0.15
6215,2506,27,1,168.64,0.1
6216,2507,9,4,91.0,0
6217,2507,20,3,112.54,0
6218,2508,20,4,112.54,0.05
6219,2509,19,2,249.49,0
6220,2510,27,1,168.64,0.15
6221,2510,2,3,192.11,0.1
6222,2511,17,5,182.53,0.15
6223,2511,9,2,91.0,0
6224,2512,19,5,249.49,0
6225,2513,9,1,91.0,0
6226,2514,28,2,120.31,0
6227,2514,8,5,314.61,0.05
6228,2514,15,4,186.42,0.15
6229,2515,14,3,162.75,0
6230,2515,29,5,155.29,0
6231,2515,1,4,227.98,0
6232,2516,21,2,146.97,0
6233,2516,23,3,163.2,0.15
6234,2516,5,2,208.06,0.05
6235,2516,16,3,245.64,0.1
6236,2517,23,3,163.2,0.05
6237,2517,17,4,182.53,0.15
6238,2518,6,1,110.86,0
6239,2519,28,4,120.31,0.05
6240,2519,1,3,227.98,0
6241,2520,14,2,162.75,0.1
6242,2520,9,3,91.0,0.05
6243,2521,15,5,186.42,0.1
6244,2522,20,5,112.54,0
6245,2523,19,3,249.49,0
6246,2523,22,1,195.36,0
6247,2524,14,3,162.75,0.1
6248,2525,17,3,182.53,0.15
6249,2525,25,5,110.84,0.05
6250,2526,25,1,110.84,0.05
6251,2526,11,1,65.78,0
6252,2526,19,3,249.49,0
6253,2526,29,5,155.29,0
6254,2527,18,3,90.87,0.05
6255,2527,16,5,245.64,0
6256,2527,22,2,195.36,0.15
6257,2527,4,1,255.55,0.1
6258,2528,10,1,138.55,0
6259,2528,28,2,120.31,0
6260,2529,4,1,255.55,0
6261,2530,25,5,110.84,0
6262,2530,10,2,138.55,0.15
6263,2531,5,5,208.06,0
6264,2531,6,4,110.86,0
6265,2531,12,1,204.04,0
6266,2531,15,3,186.42,0
6267,2532,29,4,155.29,0
6268,2532,21,5,146.97,0.15
6269,2532,12,3,204.04,0
6270,2533,18,5,90.87,0
6271,2533,1,4,227.98,0.15
6272,2533,27,5,168.64,0
6273,2534,21,4,146.97,0.05
6274,2535,25,2,110.84,0.05
6275,2536,15,1,186.42,0.05
6276,2536,1,1,227.98,0
6277,2536,10,4,138.55,0.1
6278,2537,24,5,257.36,0.05
6279,2537,16,2,245.64,0
6280,2537,22,1,195.36,0.1
6281,2538,16,3,245.64,0.15
6282,2538,10,4,138.55,0
6283,2539,4,3,255.55,0.1
6284,2539,1,1,227.98,0.15
6285,2539,3,1,84.51,0
6286,2539,15,4,186.42,0.15
6287,2540,19,5,249.49,0.05
6288,2540,2,5,192.11,0
6289,2540,16,5,245.64,0
6290,2541,4,3,255.55,0.1
6291,2541,24,2,257.36,0.15
6292,2542,12,4,204.04,0.05
6293,2542,7,2,54.0,0
6294,2543,2,2,192.11,0.1
6295,2543,16,5,245.64,0
6296,2543,15,3,186.42,0
6297,2543,5,2,208.06,0
6298,2544,3,3,84.51,0
6299,2545,20,4,112.54,0.15
6300,2545,8,2,314.61,0
6301,2545,14,4,162.75,0.15
6302,2546,17,1,182.53,0.15
6303,2546,1,1,227.98,0.05
6304,2546,7,2,54.0,0
6305,2547,13,1,38.88,0.1
6306,2547,27,2,168.64,0
6307,2548,23,1,163.2,0
6308,2548,25,5,110.84,0.1
6309,2548,26,4,266.19,0.05
6310,2549,7,2,54.0,0
6311,2549,26,3,266.19,0.15
6312,2550,3,4,84.51,0.15
6313,2550,30,5,34.5,0.1
6314,2550,4,2,255.55,0
6315,2550,19,5,249.49,0
6316,2551,13,2,38.88,0
6317,2551,30,3,34.5,0.15
6318,2551,12,3,204.04,0
6319,2552,26,5,266.19,0.15
6320,2553,7,3,54.0,0
6321,2553,17,1,182.53,0
6322,2553,1,5,227.98,0.15
6323,2553,22,5,195.36,0
6324,2554,25,3,110.84,0.05
6325,2554,4,1,255.55,0
6326,2554,18,4,90.87,0.15
6327,2555,7,3,54.0,0
6328,2555,8,1,314.61,0
6329,2556,30,1,34.5,0
6330,2556,13,1,38.88,0.1
6331,2557,24,5,257.36,0
6332,2558,25,4,110.84,0
6333,2558,15,5,186.42,0
6334,2559,21,4,146.97,0
6335,2560,18,5,90.87,0.05
6336,2560,17,5,182.53,0
6337,2560,28,3,120.31,0
6338,2561,29,2,155.29,0.05
6339,2561,27,3,168.64,0.15
6340,2562,15,5,186.42,0
6341,2562,10,4,138.55,0
6342,2562,4,3,255.55,0.15
6343,2562,19,2,249.49,0.1
6344,2563,19,4,249.49,0.15
6345,2564,23,5,163.2,0.05
6346,2565,24,3,257.36,0.1
6347,2566,19,4,249.49,0
6348,2566,13,4,38.88,0
6349,2567,21,4,146.97,0.15
6350,2567,29,2,155.29,0
6351,2568,4,5,255.55,0.15
6352,2568,14,1,162.75,0.1
6353,2569,5,5,208.06,0
6354,2570,7,5,54.0,0.15
6355,2570,22,1,195.36,0
6356,2570,27,4,168.64,0
6357,2571,11,4,65.78,0.1
6358,2571,30,2,34.5,0.15
6359,2571,9,3,91.0,0
6360,2572,5,5,208.06,0
6361,2573,19,3,249.49,0.1
6362,2573,1,4,227.98,0
6363,2573,30,4,34.5,0.05
6364,2573,8,1,314.61,0.05
6365,2574,17,5,182.53,0
6366,2574,15,1,186.42,0
6367,2574,30,3,34.5,0.15
6368,2574,2,4,192.11,0
6369,2575,25,5,110.84,0.1
6370,2575,21,3,146.97,0
6371,2576,4,4,255.55,0.05
6372,2576,25,4,110.84,0.05
6373,2576,18,4,90.87,0
6374,2577,21,5,146.97,0.15
6375,2577,27,4,168.64,0.15
6376,2577,23,2,163.2,0
6377,2578,6,5,110.86,0.05
6378,2578,9,4,91.0,0
6379,2579,10,5,138.55,0
6380,2580,23,2,163.2,0
6381,2580,28,5,120.31,0
6382,2580,15,3,186.42,0.05
6383,2581,15,5,186.42,0.1
6384,2582,14,4,162.75,0.1
6385,2582,27,4,168.64,0.05
6386,2582,4,3,255.55,0.05
6387,2582,2,3,192.11,0
6388,2583,17,4,182.53,0
6389,2583,19,2,249.49,0.05
6390,2584,9,2,91.0,0.1
6391,2584,22,1,195.36,0.1
6392,2584,1,5,227.98,0
6393,2585,1,5,227.98,0.15
6394,2585,27,5,168.64,0
6395,2585,14,4,162.75,0
6396,2585,13,2,38.88,0.1
6397,2586,29,4,155.29,0
6398,2586,15,2,186.42,0.1
6399,2586,20,5,112.54,0.05
6400,2586,12,2,204.04,0.05
6401,2587,29,4,155.29,0
6402,2587,24,1,257.36,0
6403,2588,18,4,90.87,0
6404,2588,20,2,112.54,0.15
6405,2589,10,2,138.55,0
6406,2589,7,2,54.0,0.15
6407,2590,9,1,91.0,0.05
6408,2590,13,1,38.88,0.05
6409,2591,13,5,38.88,0
6410,2592,11,3,65.78,0
6411,2592,25,2,110.84,0.1
6412,2592,5,3,208.06,0
6413,2592,20,4,112.54,0.15
6414,2593,9,5,91.0,0
6415,2593,17,3,182.53,0.1
6416,2593,29,4,155.29,0
6417,2594,9,2,91.0,0
6418,2595,11,2,65.78,0.05
6419,2596,16,5,245.64,0.05
6420,2597,1,2,227.98,0.15
6421,2597,22,5,195.36,0
6422,2597,6,2,110.86,0
6423,2597,2,2,192.11,0
6424,2598,18,2,90.87,0.1
6425,2598,13,5,38.88,0.15
6426,2598,14,2,162.75,0.1
6427,2599,6,4,110.86,0
6428,2599,30,1,34.5,0
6429,2599,29,2,155.29,0
6430,2599,17,5,182.53,0
6431,2600,16,5,245.64,0.05
6432,2601,7,2,54.0,0.1
6433,2601,25,5,110.84,0.1
6434,2602,23,1,163.2,0
6435,2603,5,1,208.06,0
6436,2604,3,4,84.51,0
6437,2605,17,2,182.53,0.15
6438,2605,16,1,245.64,0
6439,2605,20,3,112.54,0.05
6440,2606,25,1,110.84,0
6441,2607,9,2,91.0,0.15
6442,2607,6,4,110.86,0
6443,2607,27,4,168.64,0.1
6444,2607,2,3,192.11,0
6445,2608,17,2,182.53,0.15
6446,2608,16,5,245.64,0
6447,2608,5,4,208.06,0.1
6448,2609,28,3,120.31,0
6449,2610,16,5,245.64,0
6450,2610,3,5,84.51,0.15
6451,2610,9,1,91.0,0.1
6452,2610,24,4,257.36,0
6453,2611,16,2,245.64,0
6454,2611,20,5,112.54,0
6455,2611,28,3,120.31,0
6456,2611,22,5,195.36,0
6457,2612,5,2,208.06,0.1
6458,2612,8,4,314.61,0
6459,2612,23,3,163.2,0.1
6460,2613,17,1,182.53,0
6461,2613,6,5,110.86,0.15
6462,2613,19,3,249.49,0
6463,2614,26,4,266.19,0
6464,2614,20,3,112.54,0.1
6465,2615,10,3,138.55,0
6466,2615,23,3,163.2,0.1
6467,2615,28,4,120.31,0
6468,2615,4,5,255.55,0.05
6469,2616,17,5,182.53,0
6470,2617,24,4,257.36,0.15
6471,2617,15,4,186.42,0.05
6472,2617,8,2,314.61,0
6473,2617,25,3,110.84,0
6474,2618,20,5,112.54,0.05
6475,2618,29,2,155.29,0.1
6476,2618,15,4,186.42,0
6477,2619,8,1,314.61,0
6478,2619,29,5,155.29,0.1
6479,2619,17,1,182.53,0
6480,2620,5,5,208.06,0.05
6481,2620,10,1,138.55,0.15
6482,2620,16,1,245.64,0.15
6483,2621,14,3,162.75,0.05
6484,2622,13,2,38.88,0
6485,2622,23,3,163.2,0
6486,2623,2,1,192.11,0.15
6487,2623,20,3,112.54,0.15
6488,2624,15,1,186.42,0.15
6489,2624,8,1,314.61,0.05
6490,2625,16,4,245.64,0.1
6491,2625,28,1,120.31,0
6492,2625,11,1,65.78,0.1
6493,2626,20,3,112.54,0.05
6494,2626,17,3,182.53,0
6495,2626,24,2,257.36,0.1
6496,2627,20,4,112.54,0.15
6497,2627,14,4,162.75,0.05
6498,2627,22,1,195.36,0
6499,2628,25,3,110.84,0.05
6500,2628,30,2,34.5,0.05
6501,2628,6,3,110.86,0
6502,2628,24,1,257.36,0.15
6503,2629,19,1,249.49,0.15
6504,2630,14,3,162.75,0
6505,2630,3,2,84.51,0.05
6506,2630,28,5,120.31,0.05
6507,2630,27,2,168.64,0.15
6508,2631,23,3,163.2,0
6509,2632,20,1,112.54,0.15
6510,2632,5,4,208.06,0.05
6511,2632,24,3,257.36,0
6512,2632,23,5,163.2,0
6513,2633,19,2,249.49,0.15
6514,2633,1,5,227.98,0
6515,2633,9,3,91.0,0
6516,2633,11,5,65.78,0.05
6517,2634,27,5,168.64,0
6518,2634,26,2,266.19,0
6519,2635,21,2,146.97,0
6520,2635,29,2,155.29,0
6521,2636,25,3,110.84,0
6522,2636,16,5,245.64,0.1
6523,2636,30,3,34.5,0
6524,2637,12,3,204.04,0
6525,2637,2,4,192.11,0
6526,2638,16,1,245.64,0
6527,2639,2,1,192.11,0
6528,2639,26,2,266.19,0
6529,2639,19,3,249.49,0
6530,2639,9,4,91.0,0
6531,2640,12,3,204.04,0
6532,2640,27,2,168.64,0
6533,2641,19,1,249.49,0
6534,2642,24,3,257.36,0.1
6535,2642,23,3,163.2,0
6536,2643,28,4,120.31,0
6537,2643,25,4,110.84,0.05
6538,2643,11,2,65.78,0
6539,2643,12,5,204.04,0.15
6540,2644,27,4,168.64,0
6541,2645,29,2,155.29,0
6542,2645,23,2,163.2,0
6543,2645,14,1,162.75,0.05
6544,2646,2,5,192.11,0.1
6545,2646,11,4,65.78,0.1
6546,2647,15,2,186.42,0.15
6547,2647,29,2,155.29,0.15
6548,2647,3,4,84.51,0
6549,2647,10,5,138.55,0
6550,2648,30,3,34.5,0.05
6551,2649,16,5,245.64,0.1
6552,2649,27,5,168.64,0.1
6553,2650,22,5,195.36,0.1
6554,2650,4,1,255.55,0.05
6555,2650,13,5,38.88,0.05
6556,2650,8,5,314.61,0.15
6557,2651,30,1,34.5,0.15
6558,2651,20,5,112.54,0.05
6559,2651,2,3,192.11,0.05
6560,2651,12,5,204.04,0.1
6561,2652,1,4,227.98,0
6562,2653,22,3,195.36,0.05
6563,2654,14,4,162.75,0.1
6564,2654,10,2,138.55,0.15
6565,2654,1,1,227.98,0.1
6566,2655,29,5,155.29,0.15
6567,2655,17,5,182.53,0
6568,2655,25,1,110.84,0.15
6569,2655,20,3,112.54,0
6570,2656,13,5,38.88,0
6571,2656,16,4,245.64,0.05
6572,2656,9,5,91.0,0.1
6573,2657,25,1,110.84,0
6574,2657,16,4,245.64,0
6575,2657,29,3,155.29,0.05
6576,2658,27,3,168.64,0
6577,2658,13,1,38.88,0.1
6578,2658,7,1,54.0,0.15
6579,2659,1,1,227.98,0
6580,2659,24,3,257.36,0.1
6581,2660,8,4,314.61,0.15
6582,2660,25,4,110.84,0.05
6583,2661,13,4,38.88,0.15
6584,2662,27,1,168.64,0
6585,2662,14,3,162.75,0.1
6586,2663,22,3,195.36,0
6587,2663,2,3,192.11,0
6588,2663,5,1,208.06,0.15
6589,2664,17,1,182.53,0.15
6590,2665,8,3,314.61,0.05
6591,2665,17,1,182.53,0.05
6592,2665,16,2,245.64,0
6593,2665,5,2,208.06,0
6594,2666,1,5,227.98,0
6595,2667,20,1,112.54,0.05
6596,2667,30,3,34.5,0
6597,2667,8,4,314.61,0.1
6598,2668,5,2,208.06,0
6599,2668,17,1,182.53,0.1
6600,2668,20,5,112.54,0.05
6601,2668,16,2,245.64,0
6602,2669,2,2,192.11,0
6603,2669,1,2,227.98,0
6604,2669,6,3,110.86,0
6605,2669,5,3,208.06,0.05
6606,2670,3,5,84.51,0.1
6607,2670,22,1,195.36,0
6608,2670,12,1,204.04,0.1
6609,2671,14,4,162.75,0.05
6610,2672,16,5,245.64,0
6611,2672,17,3,182.53,0.05
6612,2673,26,3,266.19,0
6613,2673,7,4,54.0,0.05
6614,2673,14,5,162.75,0
6615,2673,3,5,84.51,0
6616,2674,26,5,266.19,0
6617,2674,9,3,91.0,0.1
6618,2675,28,2,120.31,0.05
6619,2675,15,1,186.42,0
6620,2676,30,5,34.5,0
6621,2677,30,3,34.5,0
6622,2678,1,4,227.98,0
6623,2678,13,5,38.88,0.1
6624,2678,3,1,84.51,0
6625,2678,9,5,91.0,0.1
6626,2679,29,4,155.29,0.05
6627,2679,10,5,138.55,0.1
6628,2680,9,3,91.0,0
6629,2680,3,2,84.51,0
6630,2681,10,1,138.55,0
6631,2682,11,1,65.78,0.05
6632,2682,21,5,146.97,0.15
6633,2683,14,3,162.75,0
6634,2683,1,4,227.98,0.05
6635,2683,19,1,249.49,0
6636,2684,7,1,54.0,0
6637,2685,5,4,208.06,0.1
6638,2685,25,3,110.84,0
6639,2685,15,4,186.42,0.15
6640,2685,11,3,65.78,0
6641,2686,1,2,227.98,0.05
6642,2686,20,5,112.54,0
6643,2686,8,1,314.61,0
6644,2686,4,4,255.55,0
6645,2687,14,4,162.75,0
6646,2687,25,2,110.84,0
6647,2688,3,1,84.51,0
6648,2688,22,1,195.36,0.1
6649,2689,26,2,266.19,0.05
6650,2689,4,1,255.55,0.05
6651,2689,6,3,110.86,0
6652,2689,11,1,65.78,0
6653,2690,29,5,155.29,0.1
6654,2690,18,5,90.87,0
6655,2690,13,5,38.88,0
6656,2691,13,1,38.88,0
6657,2691,26,1,266.19,0.05
6658,2692,25,4,110.84,0
6659,2692,28,5,120.31,0
6660,2692,8,5,314.61,0
6661,2692,21,2,146.97,0
6662,2693,4,4,255.55,0
6663,2693,19,1,249.49,0
6664,2693,23,5,163.2,0
6665,2693,25,2,110.84,0
6666,2694,11,4,65.78,0.05
6667,2694,28,3,120.31,0
6668,2694,19,2,249.49,0
6669,2695,23,2,163.2,0
6670,2695,30,5,34.5,0
6671,2695,11,4,65.78,0.15
6672,2695,12,1,204.04,0
6673,2696,10,5,138.55,0.15
6674,2697,7,1,54.0,0.15
6675,2697,24,5,257.36,0.05
6676,2697,13,4,38.88,0
6677,2698,25,2,110.84,0
6678,2698,14,5,162.75,0.05
6679,2698,23,2,163.2,0
6680,2699,28,5,120.31,0
6681,2699,11,4,65.78,0.15
6682,2699,22,4,195.36,0.1
6683,2699,8,4,314.61,0.15
6684,2700,19,1,249.49,0.05
6685,2700,7,5,54.0,0.05
6686,2700,26,4,266.19,0
6687,2701,16,2,245.64,0
6688,2702,5,5,208.06,0.1
6689,2702,11,5,65.78,0
6690,2702,1,3,227.98,0
6691,2702,13,4,38.88,0
6692,2703,1,3,227.98,0
6693,2703,4,4,255.55,0
6694,2703,10,2,138.55,0.1
6695,2703,22,2,195.36,0
6696,2704,24,5,257.36,0.05
6697,2705,11,1,65.78,0.1
6698,2706,22,1,195.36,0
6699,2707,14,1,162.75,0.1
6700,2708,25,5,110.84,0
6701,2708,24,2,257.36,0
6702,2708,20,2,112.54,0
6703,2709,22,5,195.36,0.1
6704,2709,13,1,38.88,0.15
6705,2709,27,5,168.64,0.05
6706,2710,2,3,192.11,0.15
6707,2711,21,3,146.97,0
6708,2711,14,4,162.75,0
6709,2712,29,1,155.29,0.05
6710,2712,5,2,208.06,0
6711,2713,3,1,84.51,0
6712,2713,21,2,146.97,0.05
6713,2713,23,3,163.2,0
6714,2713,8,4,314.61,0.1
6715,2714,14,4,162.75,0.05
6716,2715,23,5,163.2,0.15
6717,2716,29,4,155.29,0.05
6718,2716,21,1,146.97,0
6719,2717,20,3,112.54,0
6720,2717,28,2,120.31,0
6721,2717,19,2,249.49,0.1
6722,2718,25,4,110.84,0.15
6723,2718,8,5,314.61,0.05
6724,2718,26,5,266.19,0
6725,2719,8,4,314.61,0
6726,2719,2,1,192.11,0.1
6727,2720,16,3,245.64,0.15
6728,2720,3,3,84.51,0.1
6729,2720,27,1,168.64,0.15
6730,2720,11,4,65.78,0.15
6731,2721,30,3,34.5,0.1
6732,2721,20,1,112.54,0.15
6733,2721,2,2,192.11,0
6734,2721,6,3,110.86,0.05
6735,2722,6,4,110.86,0.15
6736,2722,29,1,155.29,0
6737,2722,24,2,257.36,0
6738,2722,13,3,38.88,0.1
6739,2723,12,5,204.04,0.1
6740,2723,22,4,195.36,0.05
6741,2723,20,2,112.54,0.15
6742,2724,16,3,245.64,0
6743,2724,28,1,120.31,0.1
6744,2724,19,2,249.49,0
6745,2725,3,4,84.51,0.15
6746,2726,5,4,208.06,0.05
6747,2726,12,1,204.04,0
6748,2726,13,2,38.88,0
6749,2726,21,5,146.97,0
6750,2727,18,1,90.87,0
6751,2728,19,3,249.49,0.15
6752,2728,6,5,110.86,0
6753,2729,2,4,192.11,0.15
6754,2730,8,3,314.61,0.1
6755,2730,23,3,163.2,0
6756,2730,14,2,162.75,0
6757,2730,12,4,204.04,0
6758,2731,18,3,90.87,0
6759,2732,22,5,195.36,0.15
6760,2732,23,4,163.2,0
6761,2732,6,4,110.86,0
6762,2732,16,1,245.64,0
6763,2733,1,3,227.98,0
6764,2734,23,3,163.2,0.15
6765,2734,18,2,90.87,0
6766,2734,25,4,110.84,0
6767,2735,15,2,186.42,0
6768,2736,1,2,227.98,0.15
6769,2736,23,3,163.2,0.15
6770,2737,19,4,249.49,0.1
6771,2737,4,2,255.55,0.1
6772,2738,4,4,255.55,0.1
6773,2738,14,4,162.75,0.1
6774,2739,9,3,91.0,0
6775,2740,14,4,162.75,0
6776,2741,10,3,138.55,0.1
6777,2741,26,1,266.19,0
6778,2741,24,3,257.36,0.15
6779,2742,19,2,249.49,0.1
6780,2742,14,1,162.75,0.1
6781,2743,11,1,65.78,0.15
6782,2744,4,1,255.55,0
6783,2744,24,2,257.36,0.15
6784,2744,25,3,110.84,0
6785,2744,7,2,54.0,0.15
6786,2745,11,5,65.78,0.1
6787,2746,8,3,314.61,0.15
6788,2746,12,1,204.04,0.15
6789,2746,30,3,34.5,0.05
6790,2747,20,1,112.54,0
6791,2747,12,1,204.04,0
6792,2748,27,5,168.64,0.1
6793,2748,6,5,110.86,0
6794,2748,15,4,186.42,0
6795,2748,23,2,163.2,0
6796,2749,8,1,314.61,0
6797,2750,23,5,163.2,0.05
6798,2751,27,2,168.64,0.1
6799,2751,29,2,155.29,0
6800,2751,5,3,208.06,0.15
6801,2752,2,3,192.11,0.1
6802,2752,11,4,65.78,0.05
6803,2753,4,2,255.55,0.05
6804,2754,25,4,110.84,0
6805,2754,11,4,65.78,0
6806,2754,15,3,186.42,0.15
6807,2755,17,1,182.53,0
6808,2755,19,3,249.49,0.15
6809,2755,15,2,186.42,0
6810,2756,2,2,192.11,0
6811,2756,1,4,227.98,0.05
6812,2756,30,1,34.5,0
6813,2756,17,5,182.53,0.15
6814,2757,1,4,227.98,0
6815,2757,22,4,195.36,0
6816,2758,19,2,249.49,0.05
6817,2758,29,1,155.29,0.15
6818,2758,28,3,120.31,0.15
6819,2758,20,4,112.54,0
6820,2759,24,3,257.36,0
6821,2759,18,5,90.87,0
6822,2759,29,5,155.29,0.1
6823,2759,17,5,182.53,0.05
6824,2760,19,4,249.49,0.15
6825,2760,15,2,186.42,0
6826,2761,8,5,314.61,0.1
6827,2761,16,5,245.64,0.15
6828,2761,19,3,249.49,0
6829,2761,10,3,138.55,0.05
6830,2762,15,4,186.42,0.1
6831,2763,10,3,138.55,0.05
6832,2763,21,3,146.97,0.1
6833,2763,8,1,314.61,0.15
6834,2764,30,5,34.5,0
6835,2764,20,5,112.54,0.15
6836,2765,12,4,204.04,0.1
6837,2765,17,2,182.53,0.15
6838,2765,28,4,120.31,0
6839,2765,11,4,65.78,0.15
6840,2766,27,1,168.64,0.05
6841,2766,7,2,54.0,0
6842,2766,10,4,138.55,0.15
6843,2767,4,2,255.55,0
6844,2767,29,1,155.29,0.15
6845,2767,30,1,34.5,0.05
6846,2767,22,5,195.36,0.1
6847,2768,7,5,54.0,0
6848,2768,23,3,163.2,0
6849,2769,5,1,208.06,0.15
6850,2769,18,2,90.87,0
6851,2769,11,1,65.78,0
6852,2770,8,3,314.61,0
6853,2770,11,3,65.78,0.1
6854,2770,23,4,163.2,0
6855,2770,22,3,195.36,0.1
6856,2771,9,4,91.0,0
6857,2771,16,3,245.64,0.05
6858,2772,23,3,163.2,0
6859,2772,12,3,204.04,0.15
6860,2773,4,2,255.55,0.05
6861,2773,16,3,245.64,0
6862,2773,9,3,91.0,0.1
6863,2773,3,3,84.51,0.05
6864,2774,30,5,34.5,0
6865,2774,22,2,195.36,0.05
6866,2775,24,2,257.36,0
6867,2775,13,2,38.88,0.1
6868,2775,4,2,255.55,0.15
6869,2775,29,1,155.29,0
6870,2776,8,3,314.61,0
6871,2776,22,3,195.36,0
6872,2776,1,3,227.98,0.1
6873,2777,14,4,162.75,0.05
6874,2777,1,5,227.98,0.1
6875,2777,16,3,245.64,0
6876,2778,19,5,249.49,0
6877,2778,24,3,257.36,0.15
6878,2779,23,2,163.2,0.05
6879,2779,24,5,257.36,0.05
6880,2780,6,2,110.86,0
6881,2781,13,1,38.88,0.05
6882,2782,30,1,34.5,0
6883,2783,19,2,249.49,0
6884,2783,28,3,120.31,0.1
6885,2784,29,4,155.29,0
6886,2784,6,1,110.86,0.1
6887,2784,30,2,34.5,0.15
6888,2784,4,2,255.55,0.15
6889,2785,24,5,257.36,0
6890,2786,4,3,255.55,0
6891,2786,1,1,227.98,0.05
6892,2787,29,5,155.29,0
6893,2788,15,4,186.42,0
6894,2788,24,3,257.36,0
6895,2788,9,5,91.0,0.1
6896,2788,6,3,110.86,0.05
6897,2789,2,2,192.11,0
6898,2789,13,2,38.88,0.15
6899,2790,29,3,155.29,0
6900,2791,5,3,208.06,0.05
6901,2791,24,4,257.36,0
6902,2791,29,5,155.29,0.05
6903,2792,15,3,186.42,0
6904,2792,5,2,208.06,0
6905,2792,23,4,163.2,0
6906,2793,16,1,245.64,0.05
6907,2793,18,1,90.87,0.15
6908,2793,29,5,155.29,0
6909,2793,9,4,91.0,0
6910,2794,5,5,208.06,0.1
6911,2795,5,1,208.06,0.1
6912,2795,13,2,38.88,0.1
6913,2795,17,2,182.53,0.05
6914,2796,9,1,91.0,0
6915,2796,4,2,255.55,0.05
6916,2796,15,1,186.42,0.15
6917,2796,1,5,227.98,0.05
6918,2797,18,2,90.87,0
6919,2797,17,4,182.53,0.05
6920,2797,1,3,227.98,0.05
6921,2797,26,5,266.19,0
6922,2798,29,2,155.29,0
6923,2798,4,2,255.55,0.1
6924,2799,3,1,84.51,0
6925,2799,27,5,168.64,0.1
6926,2799,13,1,38.88,0.1
6927,2800,17,4,182.53,0
6928,2801,16,3,245.64,0
6929,2801,28,1,120.31,0.05
6930,2801,29,4,155.29,0.15
6931,2801,4,1,255.55,0.15
6932,2802,8,5,314.61,0
6933,2802,14,4,162.75,0.1
6934,2802,18,4,90.87,0.05
6935,2803,22,1,195.36,0
6936,2804,2,4,192.11,0
6937,2805,1,1,227.98,0
6938,2805,24,1,257.36,0
6939,2805,6,3,110.86,0.15
6940,2806,23,5,163.2,0
6941,2806,22,1,195.36,0
6942,2807,9,3,91.0,0.15
6943,2807,21,2,146.97,0.1
6944,2807,15,4,186.42,0
6945,2807,22,5,195.36,0.15
6946,2808,12,4,204.04,0.15
6947,2808,5,5,208.06,0.15
6948,2809,10,2,138.55,0.05
6949,2809,4,3,255.55,0
6950,2809,12,3,204.04,0
6951,2809,25,2,110.84,0
6952,2810,24,5,257.36,0.05
6953,2810,19,4,249.49,0.1
6954,2810,25,1,110.84,0.15
6955,2810,26,4,266.19,0
6956,2811,26,4,266.19,0
6957,2812,20,5,112.54,0.1
6958,2812,24,1,257.36,0
6959,2812,13,3,38.88,0.1
6960,2813,17,3,182.53,0.15
6961,2813,13,1,38.88,0.15
6962,2813,6,3,110.86,0.05
6963,2814,7,2,54.0,0
6964,2814,6,2,110.86,0.05
6965,2814,9,5,91.0,0
6966,2814,12,1,204.04,0
6967,2815,26,1,266.19,0.1
6968,2815,23,3,163.2,0.05
6969,2815,28,4,120.31,0.1
6970,2816,3,3,84.51,0.1
6971,2816,8,4,314.61,0
6972,2817,21,5,146.97,0
6973,2817,9,1,91.0,0
6974,2818,22,3,195.36,0
6975,2818,30,3,34.5,0.1
6976,2818,5,2,208.06,0.1
6977,2818,1,5,227.98,0.05
6978,2819,16,5,245.64,0.15
6979,2819,22,5,195.36,0
6980,2819,9,4,91.0,0
6981,2820,30,1,34.5,0.05
6982,2820,15,5,186.42,0
6983,2821,3,3,84.51,0.1
6984,2821,15,1,186.42,0
6985,2821,6,3,110.86,0
6986,2821,16,5,245.64,0
6987,2822,19,4,249.49,0
6988,2822,18,3,90.87,0
6989,2822,17,3,182.53,0.1
6990,2822,15,3,186.42,0.05
6991,2823,4,5,255.55,0
6992,2824,20,4,112.54,0
6993,2824,14,1,162.75,0.15
6994,2824,6,5,110.86,0
6995,2825,4,2,255.55,0
6996,2826,14,3,162.75,0.05
6997,2826,24,1,257.36,0
6998,2827,23,2,163.2,0
6999,2827,30,4,34.5,0
7000,2828,17,3,182.53,0
7001,2828,1,1,227.98,0.05
7002,2828,28,1,120.31,0
7003,2829,8,2,314.61,0.05
7004,2829,2,2,192.11,0.15
7005,2830,21,3,146.97,0.05
7006,2830,6,2,110.86,0
7007,2830,10,1,138.55,0
7008,2830,15,1,186.42,0
7009,2831,18,4,90.87,0.1
7010,2831,29,1,155.29,0.05
7011,2832,20,3,112.54,0.1
7012,2832,28,4,120.31,0.05
7013,2832,17,2,182.53,0
7014,2833,6,5,110.86,0.15
7015,2834,30,5,34.5,0.15
7016,2834,22,5,195.36,0.05
7017,2835,13,5,38.88,0.1
7018,2835,19,3,249.49,0
7019,2835,30,5,34.5,0.1
7020,2836,15,3,186.42,0
7021,2836,29,1,155.29,0
7022,2836,2,1,192.11,0.15
7023,2837,3,2,84.51,0
7024,2837,26,2,266.19,0
7025,2837,24,2,257.36,0.05
7026,2837,25,4,110.84,0.1
7027,2838,18,5,90.87,0.15
7028,2838,13,3,38.88,0
7029,2838,5,4,208.06,0
7030,2838,14,5,162.75,0.05
7031,2839,1,4,227.98,0.05
7032,2839,17,5,182.53,0
7033,2840,14,2,162.75,0.15
7034,2841,27,3,168.64,0.05
7035,2841,28,2,120.31,0
7036,2841,25,4,110.84,0
7037,2842,2,3,192.11,0
7038,2843,7,4,54.0,0
7039,2843,2,2,192.11,0
7040,2843,5,5,208.06,0
7041,2843,25,4,110.84,0
7042,2844,11,4,65.78,0.1
7043,2844,10,5,138.55,0.15
7044,2845,10,1,138.55,0
7045,2846,12,5,204.04,0.05
7046,2847,17,3,182.53,0.05
7047,2847,13,5,38.88,0
7048,2848,16,2,245.64,0.15
7049,2848,24,2,257.36,0.1
7050,2848,8,1,314.61,0.15
7051,2848,7,2,54.0,0
7052,2849,30,1,34.5,0.15
7053,2849,23,4,163.2,0
7054,2849,15,2,186.42,0.15
7055,2849,1,5,227.98,0
7056,2850,6,1,110.86,0.05
7057,2850,14,4,162.75,0
7058,2850,9,5,91.0,0.1
7059,2851,8,2,314.61,0.1
7060,2852,3,2,84.51,0.1
7061,2852,28,2,120.31,0
7062,2852,25,3,110.84,0.05
7063,2852,13,5,38.88,0.1
7064,2853,4,3,255.55,0
7065,2854,15,4,186.42,0.05
7066,2854,1,2,227.98,0.1
7067,2854,5,4,208.06,0
7068,2854,21,3,146.97,0.05
7069,2855,15,5,186.42,0.15
7070,2855,23,3,163.2,0
7071,2855,30,4,34.5,0
7072,2856,12,3,204.04,0
7073,2856,1,2,227.98,0.15
7074,2856,29,4,155.29,0
7075,2857,29,1,155.29,0.1
7076,2857,27,2,168.64,0.1
7077,2857,10,3,138.55,0
7078,2858,5,1,208.06,0.05
7079,2858,26,5,266.19,0.15
7080,2858,30,5,34.5,0
7081,2859,28,1,120.31,0.1
7082,2860,16,3,245.64,0
7083,2860,10,2,138.55,0
7084,2860,23,2,163.2,0
7085,2861,15,5,186.42,0.15
7086,2861,7,5,54.0,0
7087,2861,1,3,227.98,0
7088,2862,26,2,266.19,0.15
7089,2863,19,4,249.49,0
7090,2863,7,3,54.0,0.15
7091,2864,26,1,266.19,0.1
7092,2864,23,1,163.2,0
7093,2865,19,1,249.49,0
7094,2865,2,4,192.11,0.1
7095,2865,23,3,163.2,0
7096,2866,1,5,227.98,0
7097,2866,3,1,84.51,0
7098,2866,18,3,90.87,0.15
7099,2866,29,2,155.29,0
7100,2867,20,5,112.54,0.05
7101,2867,25,2,110.84,0.05
7102,2868,10,2,138.55,0
7103,2868,27,1,168.64,0
7104,2869,17,2,182.53,0
7105,2869,3,1,84.51,0
7106,2870,18,5,90.87,0.15
7107,2871,22,3,195.36,0
7108,2871,14,2,162.75,0
7109,2871,10,5,138.55,0
7110,2871,26,5,266.19,0.1
7111,2872,11,5,65.78,0.15
7112,2872,13,2,38.88,0
7113,2873,16,1,245.64,0.05
7114,2873,2,1,192.11,0
7115,2873,10,2,138.55,0.15
7116,2873,30,5,34.5,0.1
7117,2874,11,1,65.78,0
7118,2875,9,3,91.0,0.1
7119,2875,26,3,266.19,0.05
7120,2876,25,4,110.84,0.05
7121,2876,13,3,38.88,0.15
7122,2876,12,2,204.04,0
7123,2876,2,4,192.11,0
7124,2877,13,1,38.88,0
7125,2878,3,1,84.51,0
7126,2879,28,4,120.31,0.05
7127,2879,25,4,110.84,0
7128,2879,7,1,54.0,0
7129,2879,2,5,192.11,0.1
7130,2880,28,2,120.31,0
7131,2880,23,2,163.2,0.15
7132,2881,17,1,182.53,0.1
7133,2881,27,4,168.64,0
7134,2881,1,3,227.98,0.15
7135,2882,10,1,138.55,0.05
7136,2882,7,3,54.0,0.1
7137,2883,20,2,112.54,0
7138,2883,29,4,155.29,0
7139,2884,17,3,182.53,0.1
7140,2884,28,2,120.31,0.15
7141,2885,7,5,54.0,0
7142,2886,17,2,182.53,0.05
7143,2886,28,4,120.31,0.1
7144,2886,6,5,110.86,0
7145,2887,5,5,208.06,0
7146,2887,8,1,314.61,0
7147,2888,17,4,182.53,0
7148,2888,10,5,138.55,0.05
7149,2888,14,4,162.75,0.15
7150,2889,5,1,208.06,0.05
7151,2890,19,4,249.49,0.05
7152,2890,15,1,186.42,0
7153,2891,4,3,255.55,0
7154,2892,23,3,163.2,0.15
7155,2893,4,1,255.55,0
7156,2893,10,4,138.55,0
7157,2893,13,1,38.88,0.1
7158,2893,30,5,34.5,0
7159,2894,23,4,163.2,0
7160,2894,21,3,146.97,0
7161,2894,9,4,91.0,0.1
7162,2895,30,2,34.5,0.05
7163,2895,28,4,120.31,0
7164,2895,25,3,110.84,0
7165,2896,9,5,91.0,0
7166,2896,11,4,65.78,0.05
7167,2896,28,1,120.31,0
7168,2897,21,2,146.97,0
7169,2897,5,5,208.06,0.05
7170,2897,16,5,245.64,0.05
7171,2897,25,3,110.84,0.15
7172,2898,24,4,257.36,0.1
7173,2898,28,2,120.31,0.1
7174,2898,26,3,266.19,0.15
7175,2898,7,1,54.0,0.1
7176,2899,9,5,91.0,0.1
7177,2899,1,1,227.98,0.05
7178,2900,3,2,84.51,0.05
7179,2901,18,4,90.87,0.05
7180,2901,9,1,91.0,0
7181,2901,7,4,54.0,0
7182,2902,29,3,155.29,0
7183,2902,23,5,163.2,0
7184,2902,4,3,255.55,0
7185,2903,10,1,138.55,0.15
7186,2903,5,4,208.06,0.15
7187,2903,27,3,168.64,0.05
7188,2904,1,1,227.98,0.05
7189,2905,10,3,138.55,0.15
7190,2905,15,3,186.42,0.1
7191,2905,19,2,249.49,0
7192,2906,18,2,90.87,0.05
7193,2906,8,3,314.61,0.15
7194,2907,2,1,192.11,0.05
7195,2908,21,4,146.97,0
7196,2908,11,2,65.78,0
7197,2908,15,3,186.42,0.1
7198,2909,6,2,110.86,0
7199,2909,21,3,146.97,0
7200,2909,23,5,163.2,0
7201,2910,23,4,163.2,0.1
7202,2910,12,5,204.04,0
7203,2910,28,2,120.31,0
7204,2910,13,2,38.88,0.05
7205,2911,23,1,163.2,0
7206,2911,16,5,245.64,0.1
7207,2911,4,2,255.55,0.15
7208,2911,27,1,168.64,0.1
7209,2912,3,1,84.51,0.05
7210,2912,30,5,34.5,0
7211,2912,24,1,257.36,0.05
7212,2913,13,1,38.88,0
7213,2913,23,5,163.2,0.1
7214,2913,21,2,146.97,0
7215,2914,28,2,120.31,0.15
7216,2914,30,5,34.5,0.1
7217,2914,16,3,245.64,0.15
7218,2915,10,4,138.55,0.05
7219,2915,18,1,90.87,0
7220,2915,22,4,195.36,0.1
7221,2915,27,5,168.64,0
7222,2916,30,1,34.5,0.15
7223,2916,4,5,255.55,0
7224,2916,6,5,110.86,0
7225,2917,20,4,112.54,0.15
7226,2918,12,2,204.04,0.1
7227,2918,30,2,34.5,0.1
7228,2918,24,3,257.36,0.05
7229,2918,27,1,168.64,0.05
7230,2919,4,1,255.55,0
7231,2919,25,2,110.84,0.15
7232,2920,15,1,186.42,0
7233,2921,30,5,34.5,0
7234,2921,23,2,163.2,0
7235,2921,25,4,110.84,0.15
7236,2921,14,1,162.75,0.1
7237,2922,20,4,112.54,0.05
7238,2922,5,3,208.06,0.1
7239,2922,22,4,195.36,0.05
7240,2923,28,4,120.31,0
7241,2924,5,3,208.06,0.15
7242,2924,14,3,162.75,0
7243,2924,16,5,245.64,0.1
7244,2924,13,2,38.88,0.1
7245,2925,19,1,249.49,0
7246,2925,12,3,204.04,0
7247,2925,1,2,227.98,0
7248,2925,28,1,120.31,0
7249,2926,2,2,192.11,0.15
7250,2926,7,4,54.0,0.15
7251,2927,8,1,314.61,0.05
7252,2927,1,3,227.98,0
7253,2927,20,4,112.54,0
7254,2927,30,3,34.5,0
7255,2928,15,4,186.42,0
7256,2928,13,1,38.88,0
7257,2928,24,3,257.36,0.15
7258,2929,2,3,192.11,0
7259,2930,7,4,54.0,0.05
7260,2930,5,2,208.06,0
7261,2931,23,5,163.2,0
7262,2931,13,4,38.88,0
7263,2931,6,2,110.86,0.05
7264,2932,4,2,255.55,0
7265,2932,2,4,192.11,0.15
7266,2933,5,3,208.06,0
7267,2933,21,2,146.97,0.15
7268,2933,7,4,54.0,0
7269,2934,22,5,195.36,0.1
7270,2934,4,2,255.55,0.1
7271,2935,5,3,208.06,0.15
7272,2936,4,3,255.55,0.15
7273,2936,19,1,249.49,0.05
7274,2936,17,4,182.53,0.1
7275,2936,26,4,266.19,0.1
7276,2937,28,3,120.31,0
7277,2937,23,2,163.2,0
7278,2937,12,3,204.04,0.05
7279,2938,14,1,162.75,0
7280,2938,10,2,138.55,0.15
7281,2939,17,3,182.53,0.15
7282,2939,12,2,204.04,0.1
7283,2939,20,5,112.54,0
7284,2939,7,5,54.0,0
7285,2940,30,2,34.5,0.15
7286,2940,22,2,195.36,0
7287,2940,17,3,182.53,0
7288,2940,28,2,120.31,0
7289,2941,26,1,266.19,0.15
7290,2941,12,1,204.04,0
7291,2941,25,3,110.84,0
7292,2942,21,4,146.97,0.15
7293,2942,22,4,195.36,0
7294,2942,25,3,110.84,0.05
7295,2942,2,4,192.11,0.05
7296,2943,8,3,314.61,0.15
7297,2943,5,5,208.06,0
7298,2943,18,1,90.87,0
7299,2943,19,5,249.49,0
7300,2944,5,3,208.06,0
7301,2944,4,5,255.55,0.05
7302,2945,8,5,314.61,0
7303,2945,20,1,112.54,0
7304,2945,9,5,91.0,0.1
7305,2945,11,3,65.78,0
7306,2946,25,2,110.84,0
7307,2946,22,4,195.36,0
7308,2946,21,5,146.97,0.05
7309,2946,12,2,204.04,0
7310,2947,24,4,257.36,0
7311,2947,26,4,266.19,0.15
7312,2948,24,4,257.36,0
7313,2948,13,2,38.88,0
7314,2948,22,2,195.36,0
7315,2949,20,4,112.54,0.15
7316,2949,3,4,84.51,0
7317,2950,10,5,138.55,0.1
7318,2951,28,2,120.31,0.05
7319,2951,24,3,257.36,0
7320,2952,22,5,195.36,0
7321,2952,16,5,245.64,0
7322,2953,26,5,266.19,0.15
7323,2954,10,3,138.55,0.15
7324,2954,30,5,34.5,0
7325,2954,25,1,110.84,0
7326,2954,23,3,163.2,0.05
7327,2955,9,2,91.0,0.15
7328,2955,30,2,34.5,0.1
7329,2955,16,4,245.64,0.1
7330,2956,22,3,195.36,0.05
7331,2957,15,3,186.42,0.15
7332,2957,18,4,90.87,0.05
7333,2958,15,2,186.42,0
7334,2958,9,3,91.0,0
7335,2959,17,4,182.53,0
7336,2959,2,3,192.11,0
7337,2960,9,2,91.0,0
7338,2960,13,2,38.88,0
7339,2960,26,2,266.19,0
7340,2960,20,3,112.54,0.1
7341,2961,22,3,195.36,0.05
7342,2962,17,5,182.53,0
7343,2963,13,3,38.88,0.1
7344,2963,14,1,162.75,0
7345,2963,1,4,227.98,0.05
7346,2964,22,1,195.36,0.05
7347,2965,2,5,192.11,0.15
7348,2965,25,4,110.84,0.15
7349,2965,8,3,314.61,0
7350,2966,21,5,146.97,0.15
7351,2967,7,2,54.0,0.1
7352,2967,12,4,204.04,0.15
7353,2968,17,3,182.53,0.15
7354,2968,11,1,65.78,0
7355,2969,4,1,255.55,0
7356,2970,30,3,34.5,0.1
7357,2971,20,5,112.54,0
7358,2971,19,2,249.49,0.05
7359,2971,25,3,110.84,0
7360,2972,22,5,195.36,0
7361,2973,26,4,266.19,0
7362,2973,22,5,195.36,0
7363,2973,16,3,245.64,0.1
7364,2973,3,2,84.51,0.1
7365,2974,1,1,227.98,0.1
7366,2974,16,4,245.64,0
7367,2974,30,2,34.5,0.1
7368,2975,9,3,91.0,0
7369,2975,19,2,249.49,0
7370,2976,16,1,245.64,0.05
7371,2976,28,4,120.31,0
7372,2977,9,4,91.0,0
7373,2977,18,1,90.87,0.15
7374,2977,1,2,227.98,0.05
7375,2977,13,2,38.88,0.15
7376,2978,3,4,84.51,0.15
7377,2978,14,1,162.75,0
7378,2978,11,1,65.78,0
7379,2979,29,1,155.29,0.15
7380,2980,28,5,120.31,0.1
7381,2980,22,2,195.36,0
7382,2981,19,1,249.49,0.05
7383,2981,24,2,257.36,0
7384,2981,30,1,34.5,0
7385,2981,5,3,208.06,0.1
7386,2982,21,4,146.97,0.1
7387,2982,4,1,255.55,0
7388,2982,19,3,249.49,0
7389,2982,25,3,110.84,0
7390,2983,26,1,266.19,0.1
7391,2983,14,1,162.75,0.05
7392,2984,9,3,91.0,0.15
7393,2985,23,5,163.2,0.05
7394,2986,9,5,91.0,0
7395,2986,14,3,162.75,0
7396,2987,27,1,168.64,0.05
7397,2987,30,2,34.5,0.15
7398,2987,17,4,182.53,0
7399,2988,22,5,195.36,0
7400,2988,20,5,112.54,0.15
7401,2989,3,5,84.51,0.15
7402,2989,10,1,138.55,0
7403,2989,5,5,208.06,0
7404,2990,22,5,195.36,0
7405,2990,25,4,110.84,0.05
7406,2991,7,4,54.0,0
7407,2991,2,4,192.11,0
7408,2991,4,5,255.55,0.15
7409,2992,29,1,155.29,0
7410,2992,17,4,182.53,0
7411,2992,11,5,65.78,0.05
7412,2992,19,4,249.49,0
7413,2993,14,3,162.75,0.1
7414,2993,1,5,227.98,0
7415,2993,25,3,110.84,0.05
7416,2993,7,5,54.0,0.1
7417,2994,13,3,38.88,0.05
7418,2995,6,1,110.86,0
7419,2996,11,3,65.78,0
7420,2996,5,2,208.06,0
7421,2997,24,5,257.36,0
7422,2997,27,5,168.64,0.05
7423,2997,17,1,182.53,0.05
7424,2998,1,3,227.98,0.15
7425,2998,21,2,146.97,0
7426,2999,12,1,204.04,0
7427,2999,30,5,34.5,0.1
7428,2999,14,2,162.75,0
7429,3000,1,5,227.98,0
