order_id,customer_id,employee_id,order_date,ship_date,order_status,region
1,337,11,2023-06-20,2023-06-25,Returned,West
2,495,15,2023-04-19,2023-04-20,Completed,West
3,229,8,2024-02-05,2024-02-12,Completed,East
4,472,3,2023-04-29,2023-05-01,Returned,West
5,225,13,2023-11-23,2023-11-26,Completed,North
6,435,8,2024-10-25,2024-10-31,Completed,East
7,82,10,2024-07-27,2024-07-31,Completed,South
8,15,12,2024-09-20,2024-09-24,Completed,East
9,167,6,2024-04-13,2024-04-16,Completed,South
10,317,6,2024-11-20,2024-11-27,Returned,South
11,157,3,2023-07-07,2023-07-13,Completed,West
12,197,13,2023-07-10,2023-07-16,Completed,North
13,162,8,2024-09-26,2024-10-03,Completed,East
14,351,15,2024-03-01,2024-03-08,Returned,West
15,87,14,2024-08-02,2024-08-09,Returned,South
16,112,14,2023-04-15,2023-04-22,Returned,South
17,442,3,2024-03-25,2024-04-01,Completed,West
18,313,15,2023-06-19,,Cancelled,West
19,273,8,2024-09-03,,Cancelled,East
20,488,12,2024-11-26,2024-11-28,Completed,East
21,390,15,2024-05-16,2024-05-21,Completed,West
22,143,10,2024-04-10,2024-04-13,Completed,South
23,498,8,2024-10-12,2024-10-18,Returned,East
24,138,8,2023-10-18,2023-10-23,Completed,East
25,51,15,2023-01-17,2023-01-24,Completed,West
26,155,5,2023-10-08,2023-10-14,Completed,North
27,359,7,2024-03-15,2024-03-16,Returned,West
28,40,6,2024-08-30,2024-09-04,Completed,South
29,375,4,2023-04-16,2023-04-19,Completed,East
30,5,6,2024-03-26,2024-04-01,Completed,South
31,227,7,2023-03-30,2023-04-01,Completed,West
32,494,13,2023-11-19,2023-11-21,Completed,North
33,399,12,2023-01-28,2023-01-31,Returned,East
34,331,3,2023-09-03,2023-09-07,Completed,West
35,305,2,2024-06-24,2024-06-27,Completed,South
36,489,1,2023-01-18,,Cancelled,North
37,21,1,2024-02-12,,Cancelled,North
38,316,6,2023-10-12,2023-10-15,Completed,South
39,275,9,2024-02-05,,Cancelled,North
40,489,5,2023-03-01,2023-03-02,Completed,North
41,6,7,2024-05-23,2024-05-28,Completed,West
42,140,12,2023-03-07,2023-03-13,Completed,East
43,185,1,2024-05-26,,Cancelled,North
44,371,4,2023-08-22,2023-08-27,Returned,East
45,24,15,2024-01-08,2024-01-10,Completed,West
46,165,4,2024-03-02,2024-03-05,Returned,East
47,115,3,2024-02-15,2024-02-19,Completed,West
48,103,10,2024-07-31,2024-08-06,Completed,South
49,462,7,2023-06-04,2023-06-08,Completed,West
50,326,3,2023-12-10,2023-12-17,Completed,West
51,144,4,2023-02-14,2023-02-21,Completed,East
52,304,12,2023-03-05,2023-03-11,Completed,East
53,426,11,2023-11-22,2023-11-25,Completed,West
54,55,7,2024-04-05,2024-04-08,Completed,West
55,414,11,2024-12-22,2024-12-27,Returned,West
56,47,12,2023-09-12,2023-09-16,Completed,East
57,420,4,2023-02-01,2023-02-08,Completed,East
58,102,15,2024-01-17,2024-01-23,Returned,West
59,470,3,2023-01-23,2023-01-25,Completed,West
60,421,13,2024-05-23,2024-05-27,Completed,North
61,316,6,2024-10-24,2024-10-28,Completed,South
62,323,12,2023-01-20,2023-01-27,Completed,East
63,139,4,2023-01-27,2023-02-01,Completed,East
64,184,5,2023-06-13,2023-06-15,Completed,North
65,182,4,2023-06-30,2023-07-05,Completed,East
66,289,7,2024-07-30,2024-08-06,Completed,West
67,245,3,2023-12-06,,Cancelled,West
68,31,2,2023-06-01,,Cancelled,South
69,361,12,2024-02-10,,Cancelled,East
70,70,5,2024-03-23,2024-03-27,Returned,North
71,194,8,2024-12-06,2024-12-08,Completed,East
72,94,12,2023-11-22,,Cancelled,East
73,382,4,2023-09-01,2023-09-04,Completed,East
74,6,11,2023-08-03,2023-08-09,Completed,West
75,369,3,2023-02-19,2023-02-23,Completed,West
76,389,6,2023-06-16,2023-06-17,Completed,South
77,134,2,2023-03-17,2023-03-19,Completed,South
78,483,6,2024-09-13,2024-09-15,Completed,South
79,499,7,2024-02-24,2024-02-29,Returned,West
80,79,3,2024-01-05,2024-01-09,Completed,West
81,103,2,2023-01-27,2023-01-29,Completed,South
82,136,2,2024-10-19,,Cancelled,South
83,116,10,2024-07-31,2024-08-02,Completed,South
84,212,12,2023-08-21,,Cancelled,East
85,215,12,2024-12-04,2024-12-09,Completed,East
86,293,6,2023-05-04,2023-05-06,Completed,South
87,41,13,2023-07-26,2023-07-28,Returned,North
88,167,10,2024-06-16,2024-06-23,Completed,South
89,268,14,2023-04-26,2023-04-28,Completed,South
90,403,9,2024-07-02,2024-07-06,Completed,North
91,207,7,2024-09-25,,Cancelled,West
92,160,11,2024-05-18,2024-05-24,Returned,West
93,154,15,2023-11-25,2023-12-01,Completed,West
94,264,4,2023-03-09,2023-03-15,Completed,East
95,234,4,2024-01-05,2024-01-07,Returned,East
96,191,15,2024-08-31,2024-09-02,Completed,West
97,438,5,2023-08-15,2023-08-17,Returned,North
98,5,14,2023-05-16,2023-05-18,Returned,South
99,413,11,2024-12-30,2025-01-05,Returned,West
100,347,14,2024-08-21,2024-08-22,Completed,South
101,33,10,2023-10-11,2023-10-14,Returned,South
102,413,15,2024-11-07,2024-11-13,Completed,West
103,208,14,2023-02-06,,Cancelled,South
104,402,13,2024-11-18,2024-11-23,Completed,North
105,380,9,2024-07-26,2024-08-01,Completed,North
106,134,10,2024-04-19,2024-04-23,Completed,South
107,484,3,2024-04-28,2024-05-03,Completed,West
108,153,8,2023-02-25,2023-02-27,Completed,East
109,442,7,2023-03-24,2023-03-27,Completed,West
110,108,4,2024-08-13,2024-08-17,Completed,East
111,325,15,2024-02-18,2024-02-22,Completed,West
112,376,7,2023-08-20,2023-08-23,Returned,West
113,153,8,2024-04-11,2024-04-16,Returned,East
114,486,15,2023-01-20,2023-01-22,Completed,West
115,64,10,2024-12-29,2025-01-05,Returned,South
116,320,2,2024-08-31,2024-09-06,Completed,South
117,354,3,2024-03-02,2024-03-06,Completed,West
118,360,7,2023-07-30,2023-08-05,Returned,West
119,52,12,2024-06-16,2024-06-21,Completed,East
120,145,1,2023-04-19,2023-04-21,Completed,North
121,210,8,2023-06-14,2023-06-19,Completed,East
122,253,7,2023-04-03,,Cancelled,West
123,330,4,2024-04-12,2024-04-15,Completed,East
124,436,3,2023-01-10,2023-01-16,Completed,West
125,48,9,2023-12-17,2023-12-18,Completed,North
126,372,1,2023-06-13,2023-06-17,Completed,North
127,472,15,2023-04-26,2023-04-30,Completed,West
128,161,4,2024-12-22,2024-12-27,Returned,East
129,359,3,2024-03-19,2024-03-25,Returned,West
130,28,2,2024-10-20,2024-10-25,Completed,South
131,282,12,2024-01-23,2024-01-30,Completed,East
132,439,13,2024-04-02,2024-04-03,Completed,North
133,494,9,2024-06-04,,Cancelled,North
134,419,6,2024-04-10,2024-04-15,Completed,South
135,268,10,2024-12-19,2024-12-20,Completed,South
136,101,5,2023-05-04,2023-05-06,Completed,North
137,338,5,2024-05-25,2024-05-30,Completed,North
138,248,6,2024-12-09,,Cancelled,South
139,308,9,2024-05-31,2024-06-04,Completed,North
140,71,8,2024-09-08,2024-09-14,Returned,East
141,108,12,2023-10-25,2023-10-28,Returned,East
142,327,8,2024-12-28,2025-01-04,Completed,East
143,450,13,2023-01-14,,Cancelled,North
144,28,2,2023-07-24,2023-07-31,Completed,South
145,402,9,2023-07-28,,Cancelled,North
146,316,6,2024-10-24,,Cancelled,South
147,28,2,2023-09-15,2023-09-20,Completed,South
148,230,5,2024-11-30,2024-12-02,Completed,North
149,143,10,2023-05-14,2023-05-19,Completed,South
150,397,10,2024-05-17,,Cancelled,South
151,403,5,2024-03-01,,Cancelled,North
152,272,13,2024-07-28,2024-07-29,Returned,North
153,124,7,2023-02-10,2023-02-13,Returned,West
154,229,8,2023-02-14,2023-02-20,Completed,East
155,274,1,2024-10-03,2024-10-05,Completed,North
156,425,12,2024-03-21,2024-03-28,Returned,East
157,236,12,2023-12-06,2023-12-07,Completed,East
158,286,1,2024-08-11,2024-08-14,Completed,North
159,369,3,2024-08-22,2024-08-28,Completed,West
160,149,11,2024-09-13,2024-09-16,Completed,West
161,152,5,2023-11-02,2023-11-09,Returned,North
162,306,13,2024-07-04,,Cancelled,North
163,380,9,2023-08-05,2023-08-11,Completed,North
164,93,3,2024-07-16,2024-07-22,Completed,West
165,51,7,2024-08-17,2024-08-20,Completed,West
166,163,8,2024-04-06,2024-04-11,Completed,East
167,3,11,2023-09-10,2023-09-16,Completed,West
168,56,4,2024-10-23,,Cancelled,East
169,457,7,2023-09-27,2023-10-03,Returned,West
170,435,12,2024-10-08,2024-10-15,Completed,East
171,201,7,2024-08-26,2024-09-02,Returned,West
172,340,7,2024-09-20,2024-09-22,Returned,West
173,447,4,2024-05-10,2024-05-11,Completed,East
174,120,3,2024-11-15,2024-11-20,Completed,West
175,361,12,2024-10-10,2024-10-17,Completed,East
176,460,4,2024-06-13,2024-06-17,Completed,East
177,455,2,2024-05-28,2024-06-01,Completed,South
178,77,6,2023-06-11,2023-06-16,Completed,South
179,416,11,2023-04-27,2023-05-03,Completed,West
180,69,3,2024-08-09,2024-08-10,Completed,West
181,497,3,2024-11-08,2024-11-09,Completed,West
182,426,15,2024-09-07,2024-09-14,Completed,West
183,352,10,2024-04-09,,Cancelled,South
184,68,2,2023-01-17,2023-01-22,Completed,South
185,48,13,2024-11-06,2024-11-11,Completed,North
186,216,11,2023-02-14,2023-02-19,Returned,West
187,131,15,2023-08-27,2023-08-30,Completed,West
188,106,9,2024-02-23,2024-02-24,Completed,North
189,217,12,2024-01-10,,Cancelled,East
190,190,12,2024-07-22,2024-07-25,Completed,East
191,118,15,2024-12-17,2024-12-18,Completed,West
192,351,3,2023-06-14,2023-06-20,Completed,West
193,242,15,2023-04-01,2023-04-04,Completed,West
194,315,11,2024-12-29,,Cancelled,West
195,254,8,2023-01-11,2023-01-18,Completed,East
196,87,2,2024-01-04,2024-01-10,Completed,South
197,400,14,2023-12-28,2024-01-01,Returned,South
198,494,9,2023-08-20,,Cancelled,North
199,90,14,2024-06-02,2024-06-07,Completed,South
200,485,3,2024-06-09,2024-06-14,Completed,West
201,236,12,2023-01-29,2023-01-30,Completed,East
202,265,3,2024-12-18,2024-12-20,Completed,West
203,182,4,2024-08-10,2024-08-12,Completed,East
204,106,5,2023-07-27,2023-08-03,Completed,North
205,491,1,2024-05-08,2024-05-13,Completed,North
206,114,5,2023-02-25,,Cancelled,North
207,162,12,2023-01-09,2023-01-15,Completed,East
208,442,11,2023-07-11,,Cancelled,West
209,108,8,2024-12-18,2024-12-21,Completed,East
210,439,13,2023-07-20,2023-07-27,Completed,North
211,69,11,2024-05-13,2024-05-16,Completed,West
212,84,3,2023-08-09,2023-08-13,Completed,West
213,185,9,2024-07-27,,Cancelled,North
214,333,5,2023-10-19,2023-10-22,Completed,North
215,328,8,2024-03-07,2024-03-12,Returned,East
216,331,15,2023-10-05,2023-10-12,Completed,West
217,373,7,2024-11-08,2024-11-14,Completed,West
218,53,1,2023-03-07,2023-03-12,Completed,North
219,392,3,2023-04-17,2023-04-22,Completed,West
220,378,11,2024-03-29,2024-03-31,Returned,West
221,183,8,2024-05-02,2024-05-09,Completed,East
222,384,14,2024-06-20,2024-06-26,Returned,South
223,212,8,2023-06-09,2023-06-10,Completed,East
224,147,14,2024-07-01,2024-07-07,Completed,South
225,211,12,2024-03-23,2024-03-25,Completed,East
226,41,13,2024-10-02,2024-10-07,Completed,North
227,70,9,2023-04-24,2023-04-28,Returned,North
228,498,4,2023-10-16,2023-10-18,Completed,East
229,191,15,2024-12-14,2024-12-17,Completed,West
230,137,13,2023-03-15,,Cancelled,North
231,378,3,2023-07-23,2023-07-29,Completed,West
232,200,9,2023-11-27,2023-12-03,Completed,North
233,63,8,2024-05-07,2024-05-10,Returned,East
234,121,15,2023-11-29,2023-12-01,Completed,West
235,306,5,2024-01-16,2024-01-18,Completed,North
236,183,12,2023-06-07,2023-06-12,Returned,East
237,163,12,2024-10-22,2024-10-29,Completed,East
238,151,14,2023-07-14,,Cancelled,South
239,445,5,2023-03-12,,Cancelled,North
240,1,13,2023-07-09,2023-07-14,Completed,North
241,98,14,2024-07-18,2024-07-23,Completed,South
242,428,5,2023-07-02,2023-07-04,Completed,North
243,17,12,2024-10-19,2024-10-25,Completed,East
244,477,7,2024-11-02,2024-11-09,Completed,West
245,286,13,2024-01-13,2024-01-14,Returned,North
246,52,12,2023-08-25,,Cancelled,East
247,296,8,2024-11-21,2024-11-27,Completed,East
248,308,13,2023-12-27,2024-01-01,Completed,North
249,280,7,2024-01-20,,Cancelled,West
250,266,5,2023-11-06,2023-11-09,Completed,North
251,262,12,2024-08-07,,Cancelled,East
252,136,10,2024-08-19,2024-08-21,Completed,South
253,167,14,2023-06-27,2023-07-04,Completed,South
254,375,12,2024-01-26,2024-02-02,Completed,East
255,451,14,2024-03-02,2024-03-09,Completed,South
256,157,3,2023-11-23,,Cancelled,West
257,375,8,2024-04-01,,Cancelled,East
258,403,13,2023-06-01,2023-06-04,Completed,North
259,26,14,2023-09-26,2023-09-30,Completed,South
260,377,7,2023-09-06,2023-09-09,Completed,West
261,177,2,2023-11-09,2023-11-12,Completed,South
262,486,7,2023-10-22,2023-10-25,Completed,West
263,12,8,2023-08-03,2023-08-08,Returned,East
264,319,12,2023-05-25,2023-05-31,Returned,East
265,270,3,2023-09-19,2023-09-20,Completed,West
266,199,10,2024-11-09,2024-11-12,Returned,South
267,198,7,2024-01-25,,Cancelled,West
268,444,2,2023-07-10,2023-07-15,Completed,South
269,81,2,2023-12-22,2023-12-25,Returned,South
270,456,4,2024-07-22,2024-07-24,Completed,East
271,374,13,2024-06-17,2024-06-22,Returned,North
272,466,10,2024-04-04,,Cancelled,South
273,410,4,2023-05-22,2023-05-28,Completed,East
274,163,4,2024-07-24,,Cancelled,East
275,373,3,2023-11-23,2023-11-27,Completed,West
276,14,12,2024-09-23,2024-09-28,Completed,East
277,41,13,2023-05-18,,Cancelled,North
278,210,4,2023-10-04,2023-10-06,Completed,East
279,251,9,2024-04-13,2024-04-17,Completed,North
280,275,1,2024-06-17,2024-06-21,Completed,North
281,392,3,2023-07-14,2023-07-18,Completed,West
282,265,7,2024-04-19,2024-04-23,Returned,West
283,93,7,2024-02-07,2024-02-10,Completed,West
284,376,3,2023-04-04,2023-04-10,Completed,West
285,23,5,2023-12-10,,Cancelled,North
286,158,8,2024-04-01,2024-04-07,Completed,East
287,392,11,2023-01-13,2023-01-17,Completed,West
288,41,1,2023-09-08,,Cancelled,North
289,179,2,2023-05-29,2023-06-04,Completed,South
290,146,5,2024-04-11,2024-04-16,Returned,North
291,432,3,2023-10-27,2023-10-29,Completed,West
292,270,15,2024-06-21,2024-06-27,Completed,West
293,248,10,2024-03-13,,Cancelled,South
294,267,14,2024-05-19,2024-05-24,Completed,South
295,239,1,2023-08-01,,Cancelled,North
296,405,3,2023-11-12,2023-11-17,Completed,West
297,492,1,2023-06-29,2023-07-02,Completed,North
298,236,12,2023-12-10,2023-12-17,Completed,East
299,107,10,2023-12-29,2023-12-31,Completed,South
300,200,5,2024-09-01,2024-09-08,Completed,North
301,191,15,2023-11-06,2023-11-11,Completed,West
302,410,8,2024-05-27,2024-05-29,Completed,East
303,347,6,2023-07-30,2023-07-31,Returned,South
304,456,4,2023-04-16,,Cancelled,East
305,147,10,2024-06-29,2024-07-06,Completed,South
306,106,9,2024-07-16,2024-07-19,Completed,North
307,37,9,2024-09-19,2024-09-24,Completed,North
308,361,12,2024-08-29,2024-09-05,Returned,East
309,417,14,2023-04-10,2023-04-13,Completed,South
310,233,14,2023-01-31,2023-02-04,Completed,South
311,434,4,2023-10-17,2023-10-22,Completed,East
312,285,12,2023-03-14,2023-03-19,Completed,East
313,107,14,2024-03-21,,Cancelled,South
314,59,15,2023-11-30,,Cancelled,West
315,158,8,2023-03-13,,Cancelled,East
316,168,8,2024-10-22,2024-10-23,Returned,East
317,463,12,2023-01-01,2023-01-07,Completed,East
318,229,4,2023-07-30,2023-08-02,Returned,East
319,314,15,2023-05-11,2023-05-12,Completed,West
320,444,2,2023-08-29,2023-09-04,Completed,South
321,72,6,2024-07-22,2024-07-29,Completed,South
322,332,2,2023-05-28,2023-06-01,Returned,South
323,218,13,2024-01-29,2024-01-31,Completed,North
324,122,11,2024-02-25,,Cancelled,West
325,374,9,2024-04-21,,Cancelled,North
326,126,15,2024-10-07,2024-10-13,Returned,West
327,160,3,2023-12-18,,Cancelled,West
328,464,8,2024-08-10,2024-08-13,Returned,East
329,32,13,2024-08-15,2024-08-20,Completed,North
330,320,2,2023-10-21,2023-10-22,Completed,South
331,144,8,2023-09-21,2023-09-27,Completed,East
332,379,5,2024-11-05,2024-11-08,Completed,North
333,442,3,2023-12-18,2023-12-20,Completed,West
334,226,5,2023-08-04,,Cancelled,North
335,155,13,2024-06-29,2024-07-03,Completed,North
336,350,2,2023-04-10,,Cancelled,South
337,336,15,2024-04-17,2024-04-23,Returned,West
338,347,6,2023-11-17,,Cancelled,South
339,7,15,2023-04-11,,Cancelled,West
340,113,12,2023-10-18,2023-10-20,Completed,East
341,30,6,2024-09-05,2024-09-06,Returned,South
342,193,12,2024-10-25,,Cancelled,East
343,339,3,2024-10-16,2024-10-19,Completed,West
344,171,2,2023-09-22,2023-09-24,Completed,South
345,394,15,2023-08-12,,Cancelled,West
346,133,2,2023-02-05,2023-02-06,Completed,South
347,78,10,2024-02-05,,Cancelled,South
348,224,13,2023-03-13,,Cancelled,North
349,479,9,2023-12-08,2023-12-11,Returned,North
350,284,4,2024-01-29,2024-01-31,Returned,East
351,225,5,2023-05-24,2023-05-26,Completed,North
352,251,13,2023-03-06,,Cancelled,North
353,404,12,2023-02-13,2023-02-14,Completed,East
354,380,5,2023-03-15,2023-03-21,Completed,North
355,125,6,2023-01-15,2023-01-21,Completed,South
356,234,12,2023-06-24,,Cancelled,East
357,255,12,2024-09-22,2024-09-23,Completed,East
358,295,12,2023-05-21,2023-05-28,Completed,East
359,62,11,2023-05-25,2023-05-27,Completed,West
360,314,15,2023-06-11,2023-06-15,Completed,West
361,475,4,2024-12-24,2024-12-29,Returned,East
362,139,12,2024-04-06,2024-04-08,Completed,East
363,256,2,2024-10-04,2024-10-07,Completed,South
364,238,5,2023-10-11,2023-10-13,Completed,North
365,433,14,2024-05-24,2024-05-26,Completed,South
366,108,8,2023-09-15,2023-09-20,Completed,East
367,459,5,2024-03-31,,Cancelled,North
368,122,15,2023-07-24,2023-07-26,Completed,West
369,28,14,2023-05-29,2023-06-03,Completed,South
370,66,1,2024-12-09,,Cancelled,North
371,437,8,2024-04-14,2024-04-16,Completed,East
372,438,5,2023-03-30,2023-04-06,Completed,North
373,168,8,2024-08-16,2024-08-21,Completed,East
374,241,2,2024-03-11,,Cancelled,South
375,375,8,2023-08-12,2023-08-15,Completed,East
376,383,1,2024-04-10,2024-04-17,Completed,North
377,238,1,2024-10-04,2024-10-08,Completed,North
378,404,12,2023-03-24,,Cancelled,East
379,188,8,2024-09-25,2024-09-28,Completed,East
380,277,3,2024-10-26,2024-11-01,Completed,West
381,258,12,2024-03-09,2024-03-10,Completed,East
382,249,3,2024-04-26,2024-05-01,Returned,West
383,460,4,2023-10-23,2023-10-24,Completed,East
384,267,2,2023-10-28,2023-11-03,Completed,South
385,97,3,2023-01-23,2023-01-30,Completed,West
386,228,8,2023-11-08,,Cancelled,East
387,248,10,2023-10-23,2023-10-25,Completed,South
388,430,12,2024-12-10,2024-12-17,Returned,East
389,65,14,2023-09-24,2023-09-26,Completed,South
390,76,11,2024-04-04,,Cancelled,West
391,394,7,2024-04-14,2024-04-16,Completed,West
392,170,11,2024-04-30,2024-05-07,Completed,West
393,246,1,2023-05-23,2023-05-28,Returned,North
394,317,6,2024-04-01,2024-04-02,Completed,South
395,12,4,2024-07-05,2024-07-11,Completed,East
396,252,8,2024-09-09,,Cancelled,East
397,76,15,2024-01-14,2024-01-17,Completed,West
398,158,8,2024-07-28,2024-07-30,Completed,East
399,45,4,2023-08-01,2023-08-05,Completed,East
400,90,14,2024-12-28,,Cancelled,South
401,22,10,2024-08-22,2024-08-26,Completed,South
402,465,5,2023-01-30,2023-02-06,Completed,North
403,322,12,2024-05-02,2024-05-09,Returned,East
404,295,4,2023-09-23,2023-09-28,Completed,East
405,450,5,2024-01-01,2024-01-02,Completed,North
406,480,1,2024-06-10,2024-06-17,Completed,North
407,447,8,2024-12-02,2024-12-05,Completed,East
408,191,15,2024-02-26,2024-02-28,Completed,West
409,114,5,2024-07-26,,Cancelled,North
410,60,7,2023-01-18,2023-01-21,Completed,West
411,156,1,2023-05-02,2023-05-04,Completed,North
412,41,13,2024-12-08,2024-12-09,Completed,North
413,22,6,2023-04-21,2023-04-28,Completed,South
414,23,1,2023-11-05,2023-11-06,Returned,North
415,106,5,2023-07-09,2023-07-12,Returned,North
416,483,10,2024-08-16,2024-08-19,Completed,South
417,35,4,2024-08-15,2024-08-20,Completed,East
418,499,3,2023-08-08,,Cancelled,West
419,264,4,2024-02-22,2024-02-29,Completed,East
420,370,2,2023-03-26,2023-03-30,Completed,South
421,308,9,2024-12-04,2024-12-06,Completed,North
422,54,13,2024-03-24,,Cancelled,North
423,206,3,2023-06-22,2023-06-25,Completed,West
424,430,8,2024-05-26,2024-06-02,Completed,East
425,249,11,2023-05-31,2023-06-01,Completed,West
426,119,7,2023-01-31,2023-02-06,Completed,West
427,348,2,2023-07-03,2023-07-08,Completed,South
428,406,8,2023-07-26,2023-08-01,Completed,East
429,231,11,2024-01-21,2024-01-25,Completed,West
430,338,9,2024-12-24,2024-12-28,Completed,North
431,277,15,2024-05-02,,Cancelled,West
432,498,8,2024-09-23,2024-09-26,Returned,East
433,299,2,2024-10-02,2024-10-06,Completed,South
434,211,8,2023-02-27,2023-03-01,Returned,East
435,34,10,2023-04-28,2023-04-30,Completed,South
436,236,12,2024-03-08,,Cancelled,East
437,51,15,2023-04-13,2023-04-19,Returned,West
438,315,11,2024-01-08,2024-01-10,Completed,West
439,412,5,2024-10-01,2024-10-02,Returned,North
440,35,12,2024-06-27,2024-07-01,Completed,East
441,412,9,2024-03-19,2024-03-24,Returned,North
442,452,1,2024-10-04,2024-10-09,Returned,North
443,480,13,2024-08-02,2024-08-08,Returned,North
444,237,5,2023-09-04,2023-09-10,Completed,North
445,331,7,2023-09-20,2023-09-25,Returned,West
446,126,11,2024-04-20,2024-04-25,Completed,West
447,282,4,2024-10-21,2024-10-27,Completed,East
448,337,3,2024-02-11,2024-02-18,Returned,West
449,268,10,2024-05-23,2024-05-25,Completed,South
450,427,14,2023-08-30,2023-09-01,Completed,South
451,131,3,2024-05-17,,Cancelled,West
452,451,6,2024-01-07,2024-01-13,Completed,South
453,283,13,2023-11-13,2023-11-19,Returned,North
454,466,14,2023-09-19,2023-09-20,Completed,South
455,209,2,2023-10-08,2023-10-15,Completed,South
456,34,10,2024-03-06,,Cancelled,South
457,70,1,2024-02-15,2024-02-21,Completed,North
458,352,14,2023-11-24,2023-11-28,Completed,South
459,44,8,2024-01-12,2024-01-16,Completed,East
460,499,15,2023-07-23,2023-07-29,Completed,West
461,77,2,2024-01-12,2024-01-17,Completed,South
462,396,15,2024-11-20,2024-11-21,Completed,West
463,254,8,2023-05-14,2023-05-21,Completed,East
464,93,15,2023-05-30,2023-06-02,Completed,West
465,6,15,2023-05-17,2023-05-23,Completed,West
466,27,11,2023-08-29,2023-09-01,Completed,West
467,318,14,2023-11-06,2023-11-12,Completed,South
468,253,11,2024-04-24,2024-04-25,Completed,West
469,256,10,2024-01-05,2024-01-08,Completed,South
470,378,15,2023-06-04,,Cancelled,West
471,60,15,2023-02-11,2023-02-14,Completed,West
472,384,10,2024-07-30,2024-08-04,Returned,South
473,472,3,2023-09-10,2023-09-16,Completed,West
474,146,1,2024-02-08,2024-02-13,Completed,North
475,15,4,2024-04-16,2024-04-22,Returned,East
476,376,7,2023-08-05,2023-08-12,Completed,West
477,131,7,2023-09-03,2023-09-04,Completed,West
478,199,14,2023-10-19,2023-10-26,Returned,South
479,309,6,2024-01-03,2024-01-04,Returned,South
480,217,4,2024-03-08,2024-03-13,Completed,East
481,175,15,2024-11-23,2024-11-29,Completed,West
482,149,15,2024-03-23,2024-03-30,Completed,West
483,40,2,2024-06-09,2024-06-14,Completed,South
484,59,15,2023-07-03,2023-07-10,Completed,West
485,414,11,2023-12-16,2023-12-18,Completed,West
486,274,1,2023-01-06,2023-01-07,Completed,North
487,355,13,2024-11-04,2024-11-09,Returned,North
488,418,3,2024-12-13,2024-12-20,Completed,West
489,75,7,2024-03-22,2024-03-29,Returned,West
490,12,4,2023-06-20,2023-06-26,Completed,East
491,5,2,2024-10-07,2024-10-11,Returned,South
492,263,15,2023-08-26,2023-08-27,Returned,West
493,284,4,2023-10-02,2023-10-06,Returned,East
494,177,14,2023-08-26,,Cancelled,South
495,453,10,2024-12-29,2025-01-02,Completed,South
496,248,6,2023-06-27,2023-06-29,Completed,South
497,183,12,2023-06-12,2023-06-19,Completed,East
498,221,3,2024-09-24,2024-09-25,Completed,West
499,137,5,2024-12-07,,Cancelled,North
500,410,8,2023-04-24,2023-05-01,Completed,East
501,260,4,2023-06-21,2023-06-22,Returned,East
502,227,15,2023-04-12,2023-04-18,Completed,West
503,428,13,2023-12-16,2023-12-21,Completed,North
504,323,12,2023-09-09,2023-09-16,Completed,East
505,395,3,2024-06-13,2024-06-14,Completed,West
506,473,12,2023-06-04,,Cancelled,East
507,215,8,2024-11-28,2024-12-03,Returned,East
508,359,15,2024-04-01,2024-04-03,Returned,West
509,372,5,2024-06-16,,Cancelled,North
510,15,12,2024-08-29,2024-08-31,Completed,East
511,260,8,2023-05-07,2023-05-14,Completed,East
512,378,3,2024-04-09,2024-04-11,Completed,West
513,72,14,2024-06-16,2024-06-18,Returned,South
514,99,9,2024-04-10,2024-04-12,Completed,North
515,270,15,2024-08-25,,Cancelled,West
516,66,13,2024-12-29,2024-12-31,Completed,North
517,243,4,2023-06-10,,Cancelled,East
518,21,5,2023-05-01,2023-05-04,Completed,North
519,456,8,2023-08-09,2023-08-16,Completed,East
520,461,8,2024-01-22,2024-01-29,Completed,East
521,342,13,2023-06-02,2023-06-05,Returned,North
522,320,14,2024-02-01,2024-02-05,Completed,South
523,363,2,2024-08-08,2024-08-15,Returned,South
524,388,3,2024-08-06,,Cancelled,West
525,480,5,2023-01-20,2023-01-27,Completed,North
526,311,9,2024-02-16,,Cancelled,North
527,224,5,2024-02-29,2024-03-07,Completed,North
528,94,8,2023-04-02,2023-04-05,Completed,East
529,164,5,2024-02-27,2024-03-01,Completed,North
530,198,3,2023-10-03,2023-10-06,Completed,West
531,52,4,2024-07-22,2024-07-29,Returned,East
532,257,5,2023-05-26,2023-05-31,Completed,North
533,22,2,2024-04-20,,Cancelled,South
534,195,11,2024-10-09,2024-10-14,Completed,West
535,358,4,2023-05-24,2023-05-29,Returned,East
536,134,14,2023-10-07,2023-10-13,Completed,South
537,473,4,2024-09-15,2024-09-16,Completed,East
538,285,12,2024-12-21,2024-12-28,Completed,East
539,498,8,2024-09-07,2024-09-11,Completed,East
540,480,5,2024-03-31,2024-04-02,Completed,North
541,472,11,2023-07-16,2023-07-23,Completed,West
542,464,12,2024-12-24,,Cancelled,East
543,257,13,2023-06-24,,Cancelled,North
544,90,2,2024-08-25,2024-08-31,Completed,South
545,439,5,2024-06-19,2024-06-26,Returned,North
546,287,13,2023-01-03,2023-01-09,Completed,North
547,433,14,2023-10-08,2023-10-14,Completed,South
548,162,4,2024-02-06,2024-02-09,Completed,East
549,378,7,2024-12-07,2024-12-08,Completed,West
550,321,3,2023-01-29,2023-02-02,Completed,West
551,127,2,2024-04-29,2024-05-02,Completed,South
552,407,4,2023-03-16,,Cancelled,East
553,34,6,2023-03-05,2023-03-06,Completed,South
554,436,15,2024-02-16,2024-02-21,Completed,West
555,52,8,2024-10-28,2024-11-04,Returned,East
556,301,6,2023-04-21,2023-04-22,Completed,South
557,65,10,2023-12-30,2024-01-03,Completed,South
558,387,11,2023-11-15,,Cancelled,West
559,189,1,2024-06-14,,Cancelled,North
560,177,6,2023-07-25,2023-07-27,Returned,South
561,244,13,2024-09-06,2024-09-09,Returned,North
562,113,4,2024-10-16,2024-10-22,Completed,East
563,394,11,2024-01-20,2024-01-24,Completed,West
564,16,2,2023-05-26,2023-05-30,Completed,South
565,102,11,2023-06-28,2023-07-01,Completed,West
566,12,4,2023-09-26,2023-09-27,Completed,East
567,234,4,2024-01-14,2024-01-20,Completed,East
568,74,7,2023-07-14,2023-07-19,Completed,West
569,151,6,2023-12-02,2023-12-03,Completed,South
570,405,3,2023-06-21,,Cancelled,West
571,356,15,2024-05-21,2024-05-24,Completed,West
572,157,15,2024-01-22,,Cancelled,West
573,69,3,2023-10-30,2023-11-04,Completed,West
574,240,15,2024-02-23,2024-03-01,Completed,West
575,432,3,2023-10-11,2023-10-12,Completed,West
576,280,7,2023-12-08,2023-12-14,Completed,West
577,5,10,2023-10-16,2023-10-23,Completed,South
578,384,6,2024-04-30,2024-05-05,Completed,South
579,437,12,2023-01-31,2023-02-02,Completed,East
580,116,14,2024-03-11,2024-03-18,Returned,South
581,291,14,2024-01-26,2024-01-30,Completed,South
582,244,1,2023-12-03,,Cancelled,North
583,14,4,2023-07-23,2023-07-27,Completed,East
584,6,7,2023-12-01,2023-12-05,Completed,West
585,36,8,2023-07-31,2023-08-07,Completed,East
586,481,10,2024-08-24,2024-08-29,Completed,South
587,451,14,2024-04-16,2024-04-21,Completed,South
588,331,15,2023-12-22,2023-12-29,Returned,West
589,222,13,2024-01-29,2024-01-31,Returned,North
590,454,6,2023-10-08,2023-10-13,Returned,South
591,40,2,2024-05-31,2024-06-04,Completed,South
592,205,4,2024-02-11,2024-02-12,Completed,East
593,43,12,2024-11-03,2024-11-09,Completed,East
594,274,13,2023-06-22,2023-06-28,Completed,North
595,226,9,2023-07-02,2023-07-08,Completed,North
596,227,3,2024-10-12,,Cancelled,West
597,27,3,2023-02-19,2023-02-26,Completed,West
598,9,8,2023-01-29,2023-02-01,Completed,East
599,86,3,2024-03-01,,Cancelled,West
600,288,12,2023-07-14,,Cancelled,East
601,110,3,2024-01-01,2024-01-03,Completed,West
602,200,5,2024-04-14,2024-04-15,Completed,North
603,256,2,2024-12-30,,Cancelled,South
604,474,7,2023-12-07,2023-12-13,Completed,West
605,196,12,2024-10-17,2024-10-19,Returned,East
606,389,2,2023-11-13,2023-11-19,Completed,South
607,105,2,2023-09-01,2023-09-06,Returned,South
608,118,11,2023-12-17,2023-12-19,Completed,West
609,357,5,2024-09-14,2024-09-19,Completed,North
610,325,7,2023-07-29,2023-07-30,Completed,West
611,219,14,2023-11-15,2023-11-21,Completed,South
612,147,14,2024-10-12,2024-10-15,Completed,South
613,420,8,2023-01-21,2023-01-25,Completed,East
614,276,4,2024-07-20,2024-07-22,Returned,East
615,37,9,2023-05-20,2023-05-24,Returned,North
616,374,9,2024-05-18,2024-05-22,Completed,North
617,478,6,2023-07-18,2023-07-21,Completed,South
618,377,7,2023-09-06,2023-09-07,Completed,West
619,484,7,2023-09-18,2023-09-23,Completed,West
620,362,1,2024-06-14,2024-06-18,Completed,North
621,496,14,2024-08-23,2024-08-29,Completed,South
622,204,9,2023-01-07,2023-01-14,Completed,North
623,91,10,2023-07-10,2023-07-12,Returned,South
624,417,6,2023-07-10,2023-07-11,Completed,South
625,321,3,2024-10-13,2024-10-14,Completed,West
626,245,15,2024-11-19,2024-11-20,Completed,West
627,299,2,2023-04-10,2023-04-15,Completed,South
628,493,8,2024-05-12,2024-05-19,Completed,East
629,341,14,2024-01-23,,Cancelled,South
630,2,8,2024-12-16,2024-12-22,Completed,East
631,385,4,2024-01-13,2024-01-18,Completed,East
632,228,4,2024-09-13,2024-09-17,Completed,East
633,338,1,2024-01-30,2024-02-04,Completed,North
634,66,13,2023-03-31,2023-04-07,Completed,North
635,359,3,2023-04-19,2023-04-25,Completed,West
636,393,8,2023-08-14,2023-08-17,Returned,East
637,34,10,2024-01-22,2024-01-28,Returned,South
638,46,9,2024-08-29,2024-09-04,Completed,North
639,437,8,2024-01-25,,Cancelled,East
640,275,5,2024-02-02,2024-02-05,Completed,North
641,203,4,2024-07-05,2024-07-08,Completed,East
642,308,9,2023-05-30,2023-06-05,Returned,North
643,258,12,2023-05-07,2023-05-14,Completed,East
644,479,5,2024-12-18,2024-12-19,Returned,North
645,281,15,2023-12-12,2023-12-18,Completed,West
646,50,5,2023-11-28,,Cancelled,North
647,336,7,2024-08-14,2024-08-18,Completed,West
648,348,6,2024-01-21,2024-01-27,Completed,South
649,484,3,2023-05-01,,Cancelled,West
650,251,9,2024-12-05,,Cancelled,North
651,443,14,2023-10-09,2023-10-15,Returned,South
652,246,9,2024-12-11,2024-12-12,Returned,North
653,51,11,2023-03-07,2023-03-14,Returned,West
654,402,13,2023-03-07,,Cancelled,North
655,460,4,2023-07-05,,Cancelled,East
656,66,5,2024-10-30,2024-10-31,Completed,North
657,88,8,2024-11-04,2024-11-06,Completed,East
658,252,12,2023-11-17,,Cancelled,East
659,19,7,2023-05-26,2023-06-02,Completed,West
660,143,6,2024-09-29,2024-09-30,Completed,South
661,218,5,2024-07-02,2024-07-03,Completed,North
662,421,5,2023-11-20,2023-11-24,Completed,North
663,139,4,2024-06-28,2024-07-04,Completed,East
664,497,7,2024-01-23,2024-01-30,Completed,West
665,449,10,2024-08-25,2024-08-26,Completed,South
666,88,8,2024-02-03,2024-02-06,Completed,East
667,194,12,2023-10-01,2023-10-07,Completed,East
668,409,15,2024-05-29,2024-06-01,Completed,West
669,41,1,2023-09-03,2023-09-05,Completed,North
670,476,13,2023-01-11,2023-01-17,Completed,North
671,8,6,2023-01-08,2023-01-12,Returned,South
672,494,5,2024-11-21,,Cancelled,North
673,488,4,2024-03-08,2024-03-12,Completed,East
674,436,3,2023-10-25,2023-10-29,Completed,West
675,479,13,2024-09-24,2024-09-25,Completed,North
676,456,12,2023-07-10,2023-07-13,Completed,East
677,102,3,2024-06-25,,Cancelled,West
678,129,5,2024-04-26,2024-04-29,Completed,North
679,430,8,2023-06-15,2023-06-18,Completed,East
680,381,10,2023-02-02,2023-02-08,Completed,South
681,282,8,2024-11-29,2024-12-01,Returned,East
682,406,4,2023-05-10,2023-05-13,Completed,East
683,348,10,2024-03-15,,Cancelled,South
684,145,13,2023-03-26,2023-03-28,Completed,North
685,443,10,2024-12-18,2024-12-24,Completed,South
686,325,7,2023-08-23,2023-08-25,Completed,West
687,209,10,2024-12-17,2024-12-19,Returned,South
688,330,4,2023-11-08,2023-11-11,Completed,East
689,1,1,2024-11-07,2024-11-10,Returned,North
690,95,10,2024-05-18,2024-05-21,Completed,South
691,399,12,2024-06-25,,Cancelled,East
692,323,12,2024-09-08,2024-09-09,Completed,East
693,317,10,2023-11-05,2023-11-09,Returned,South
694,215,12,2024-12-29,2025-01-05,Completed,East
695,477,3,2023-06-20,,Cancelled,West
696,418,15,2024-05-21,2024-05-26,Returned,West
697,197,13,2024-02-15,,Cancelled,North
698,234,12,2024-12-25,2024-12-30,Returned,East
699,115,3,2024-06-30,2024-07-03,Completed,West
700,475,4,2023-10-04,2023-10-10,Completed,East
701,178,12,2024-09-11,2024-09-14,Completed,East
702,370,6,2024-02-23,,Cancelled,South
703,132,4,2024-07-04,2024-07-11,Returned,East
704,132,12,2024-10-11,,Cancelled,East
705,298,13,2023-06-09,2023-06-11,Completed,North
706,252,12,2023-07-04,2023-07-07,Returned,East
707,419,14,2024-12-04,,Cancelled,South
708,466,14,2023-04-13,2023-04-18,Returned,South
709,197,1,2023-04-23,2023-04-30,Completed,North
710,138,4,2024-10-04,,Cancelled,East
711,278,9,2024-12-25,2024-12-27,Completed,North
712,170,15,2023-06-08,2023-06-09,Completed,West
713,262,8,2023-05-26,2023-05-28,Completed,East
714,76,11,2024-11-02,2024-11-04,Completed,West
715,40,10,2023-05-02,2023-05-03,Completed,South
716,220,10,2024-09-06,2024-09-12,Completed,South
717,416,3,2023-01-03,2023-01-10,Completed,West
718,58,14,2023-10-13,2023-10-14,Completed,South
719,356,15,2024-09-08,2024-09-11,Returned,West
720,255,12,2024-06-30,2024-07-05,Completed,East
721,296,12,2023-08-13,2023-08-14,Returned,East
722,243,4,2023-04-23,2023-04-26,Completed,East
723,125,6,2023-08-18,2023-08-24,Completed,South
724,495,15,2024-01-16,2024-01-22,Completed,West
725,245,7,2023-01-31,2023-02-03,Completed,West
726,77,6,2024-04-26,2024-04-28,Returned,South
727,31,2,2024-09-10,2024-09-15,Completed,South
728,365,8,2024-08-08,,Cancelled,East
729,381,6,2024-02-15,,Cancelled,South
730,422,2,2024-12-10,2024-12-14,Completed,South
731,139,4,2023-04-17,2023-04-20,Completed,East
732,6,11,2023-07-12,,Cancelled,West
733,292,12,2023-02-15,,Cancelled,East
734,372,9,2023-05-13,2023-05-19,Returned,North
735,258,4,2024-05-29,2024-05-30,Completed,East
736,119,7,2024-11-28,2024-11-30,Returned,West
737,230,5,2023-12-14,2023-12-17,Completed,North
738,322,8,2023-04-10,2023-04-12,Completed,East
739,479,9,2023-06-15,2023-06-18,Completed,North
740,474,7,2023-05-07,,Cancelled,West
741,433,10,2024-01-18,2024-01-24,Completed,South
742,80,4,2023-10-25,2023-10-27,Completed,East
743,56,4,2023-07-04,2023-07-05,Returned,East
744,380,13,2023-04-28,2023-05-02,Completed,North
745,75,7,2023-11-24,,Cancelled,West
746,480,9,2024-03-16,2024-03-18,Completed,North
747,217,8,2023-09-16,2023-09-18,Returned,East
748,208,2,2023-11-02,2023-11-06,Returned,South
749,102,11,2024-03-05,2024-03-09,Completed,West
750,422,2,2024-07-28,,Cancelled,South
751,341,10,2023-01-15,2023-01-19,Completed,South
752,267,2,2024-04-06,2024-04-12,Completed,South
753,111,9,2023-08-03,2023-08-09,Completed,North
754,155,9,2024-05-29,2024-06-04,Completed,North
755,220,10,2023-07-01,,Cancelled,South
756,146,1,2023-03-31,2023-04-01,Completed,North
757,255,12,2024-09-30,,Cancelled,East
758,298,1,2024-11-14,2024-11-21,Completed,North
759,212,12,2024-12-21,2024-12-25,Returned,East
760,146,9,2024-11-05,2024-11-08,Completed,North
761,308,9,2023-12-10,2023-12-15,Completed,North
762,200,5,2024-02-17,2024-02-22,Completed,North
763,61,12,2024-08-13,2024-08-20,Completed,East
764,6,7,2023-01-29,,Cancelled,West
765,381,6,2024-04-09,2024-04-15,Returned,South
766,400,14,2023-09-24,2023-09-25,Returned,South
767,475,12,2023-05-06,2023-05-08,Completed,East
768,52,8,2023-01-23,2023-01-24,Completed,East
769,6,7,2024-11-06,,Cancelled,West
770,248,2,2023-06-12,,Cancelled,South
771,390,7,2023-08-10,2023-08-11,Completed,West
772,355,5,2023-10-02,2023-10-06,Completed,North
773,382,8,2024-03-22,,Cancelled,East
774,85,4,2024-05-14,2024-05-18,Completed,East
775,181,10,2024-10-09,2024-10-13,Completed,South
776,151,10,2024-02-12,2024-02-13,Completed,South
777,38,7,2024-11-03,2024-11-06,Completed,West
778,6,11,2023-08-07,2023-08-12,Completed,West
779,112,2,2024-07-28,2024-08-03,Completed,South
780,388,15,2023-11-22,2023-11-24,Completed,West
781,216,3,2023-05-08,2023-05-10,Completed,West
782,467,8,2023-10-19,2023-10-26,Completed,East
783,425,8,2023-11-05,2023-11-08,Completed,East
784,357,13,2024-05-20,2024-05-21,Returned,North
785,442,15,2023-08-20,2023-08-21,Completed,West
786,445,1,2023-09-23,2023-09-24,Completed,North
787,169,14,2023-10-04,2023-10-06,Returned,South
788,386,14,2024-10-14,2024-10-20,Completed,South
789,296,8,2024-11-08,2024-11-11,Completed,East
790,286,5,2024-11-06,2024-11-12,Returned,North
791,7,7,2024-04-24,2024-04-26,Completed,West
792,79,3,2023-05-14,2023-05-17,Completed,West
793,158,12,2024-10-25,2024-10-27,Completed,East
794,181,10,2023-05-02,,Cancelled,South
795,78,14,2024-05-29,2024-06-03,Completed,South
796,476,13,2023-07-18,2023-07-20,Completed,North
797,128,4,2023-08-13,2023-08-14,Completed,East
798,34,2,2023-10-10,2023-10-15,Completed,South
799,306,9,2023-01-04,2023-01-06,Completed,North
800,461,8,2023-05-26,2023-06-01,Completed,East
801,299,2,2024-05-15,2024-05-19,Completed,South
802,349,10,2023-08-22,,Cancelled,South
803,172,14,2024-05-17,2024-05-20,Returned,South
804,171,14,2023-04-26,2023-05-02,Completed,South
805,338,5,2024-01-01,2024-01-02,Completed,North
806,46,5,2024-01-22,2024-01-23,Returned,North
807,179,10,2024-02-05,,Cancelled,South
808,496,10,2023-10-23,2023-10-24,Completed,South
809,250,9,2023-03-08,2023-03-09,Completed,North
810,339,3,2023-02-21,2023-02-23,Completed,West
811,139,4,2023-07-21,2023-07-26,Completed,East
812,243,8,2023-09-12,2023-09-18,Returned,East
813,449,10,2024-08-15,2024-08-21,Completed,South
814,157,3,2023-11-01,,Cancelled,West
815,479,9,2024-04-24,2024-04-28,Completed,North
816,298,9,2023-05-11,,Cancelled,North
817,414,15,2023-02-25,2023-02-26,Completed,West
818,354,11,2023-03-04,2023-03-10,Completed,West
819,74,15,2023-05-20,2023-05-26,Completed,West
820,320,6,2023-04-28,2023-04-29,Completed,South
821,105,2,2024-04-30,2024-05-07,Completed,South
822,349,14,2024-11-04,,Cancelled,South
823,12,4,2023-05-26,2023-06-01,Returned,East
824,149,11,2024-11-14,2024-11-19,Completed,West
825,146,13,2023-05-04,,Cancelled,North
826,5,6,2024-01-02,,Cancelled,South
827,90,6,2023-12-27,2024-01-02,Returned,South
828,248,14,2024-04-28,,Cancelled,South
829,67,11,2024-08-25,,Cancelled,West
830,50,1,2024-05-26,2024-05-30,Returned,North
831,473,4,2023-03-05,,Cancelled,East
832,165,4,2024-12-16,2024-12-20,Completed,East
833,252,8,2024-11-26,2024-11-28,Completed,East
834,299,2,2024-10-06,2024-10-07,Returned,South
835,291,2,2023-12-15,2023-12-21,Completed,South
836,219,14,2023-03-14,,Cancelled,South
837,52,4,2024-05-25,2024-05-26,Completed,East
838,447,4,2023-10-22,2023-10-27,Completed,East
839,317,2,2024-07-13,2024-07-14,Returned,South
840,105,10,2024-11-10,2024-11-12,Completed,South
841,314,3,2024-07-18,2024-07-20,Completed,West
842,245,11,2023-08-22,2023-08-23,Completed,West
843,312,13,2024-11-29,2024-12-05,Returned,North
844,199,14,2024-12-13,2024-12-17,Completed,South
845,122,7,2023-04-05,,Cancelled,West
846,386,2,2023-01-16,2023-01-18,Returned,South
847,225,5,2023-10-17,2023-10-20,Completed,North
848,337,3,2024-11-03,2024-11-04,Completed,West
849,400,10,2024-10-31,2024-11-05,Completed,South
850,487,14,2023-10-14,2023-10-16,Completed,South
851,63,8,2023-05-26,2023-05-28,Completed,East
852,424,4,2023-03-03,2023-03-10,Completed,East
853,221,3,2024-11-07,2024-11-08,Completed,West
854,372,13,2024-03-13,2024-03-19,Returned,North
855,199,10,2024-07-01,2024-07-05,Completed,South
856,128,12,2023-10-30,2023-11-04,Completed,East
857,292,12,2023-11-25,2023-12-02,Completed,East
858,495,11,2024-05-06,2024-05-13,Returned,West
859,283,9,2023-03-07,2023-03-09,Completed,North
860,447,12,2024-11-02,2024-11-04,Completed,East
861,351,15,2024-08-16,2024-08-17,Completed,West
862,433,10,2024-07-07,2024-07-08,Returned,South
863,262,4,2023-08-31,2023-09-03,Completed,East
864,168,12,2024-01-04,2024-01-08,Completed,East
865,467,12,2023-01-27,2023-02-01,Completed,East
866,365,8,2023-08-09,2023-08-16,Completed,East
867,391,12,2023-03-22,2023-03-24,Completed,East
868,138,4,2024-08-12,2024-08-14,Completed,East
869,124,15,2024-02-24,2024-02-25,Completed,West
870,403,13,2023-08-24,,Cancelled,North
871,71,12,2023-09-24,2023-09-27,Completed,East
872,452,5,2023-07-04,2023-07-05,Completed,North
873,52,4,2023-02-04,2023-02-05,Completed,East
874,182,4,2024-02-16,2024-02-21,Returned,East
875,312,1,2023-02-16,2023-02-22,Completed,North
876,69,7,2024-08-26,,Cancelled,West
877,304,8,2024-11-21,2024-11-25,Returned,East
878,289,15,2023-10-20,2023-10-24,Completed,West
879,295,12,2023-11-18,2023-11-21,Completed,East
880,481,10,2024-09-12,2024-09-14,Completed,South
881,492,5,2023-01-07,2023-01-14,Completed,North
882,483,14,2024-03-31,,Cancelled,South
883,456,8,2024-05-20,2024-05-21,Completed,East
884,407,4,2023-03-18,2023-03-20,Completed,East
885,222,1,2024-12-23,,Cancelled,North
886,193,4,2024-11-20,2024-11-23,Completed,East
887,223,2,2024-05-17,,Cancelled,South
888,195,7,2024-10-15,2024-10-19,Completed,West
889,408,12,2024-02-06,,Cancelled,East
890,167,6,2024-11-09,2024-11-10,Completed,South
891,66,13,2024-05-15,,Cancelled,North
892,346,11,2024-02-26,2024-03-04,Completed,West
893,230,13,2023-08-15,,Cancelled,North
894,67,3,2023-01-22,2023-01-23,Completed,West
895,275,5,2023-06-10,,Cancelled,North
896,19,3,2024-06-23,2024-06-28,Completed,West
897,64,14,2024-11-02,2024-11-04,Completed,South
898,471,5,2023-04-08,2023-04-13,Returned,North
899,104,1,2023-09-28,2023-10-03,Returned,North
900,126,15,2023-01-18,2023-01-24,Completed,West
901,190,8,2024-07-30,2024-08-05,Completed,East
902,304,4,2023-03-27,2023-03-31,Completed,East
903,19,11,2024-12-06,,Cancelled,West
904,237,13,2024-06-10,,Cancelled,North
905,359,3,2024-01-20,2024-01-27,Completed,West
906,63,4,2023-07-22,2023-07-29,Completed,East
907,88,12,2024-06-21,2024-06-23,Completed,East
908,333,5,2023-05-25,2023-05-30,Completed,North
909,242,15,2023-08-04,2023-08-10,Completed,West
910,92,6,2024-04-26,2024-04-27,Completed,South
911,240,7,2023-03-10,2023-03-16,Completed,West
912,421,13,2024-08-21,2024-08-24,Returned,North
913,304,4,2023-04-16,2023-04-18,Returned,East
914,295,12,2024-09-11,2024-09-18,Completed,East
915,448,4,2023-11-28,2023-11-29,Completed,East
916,155,1,2023-09-04,,Cancelled,North
917,490,6,2024-10-10,2024-10-16,Completed,South
918,404,8,2024-12-02,2024-12-07,Completed,East
919,449,6,2024-01-27,2024-01-29,Completed,South
920,270,7,2023-01-06,,Cancelled,West
921,18,9,2024-10-19,2024-10-23,Completed,North
922,321,3,2024-08-08,2024-08-15,Completed,West
923,458,12,2023-06-06,2023-06-12,Returned,East
924,228,12,2024-12-28,2024-12-31,Completed,East
925,437,4,2024-11-01,,Cancelled,East
926,87,10,2024-06-12,2024-06-18,Completed,South
927,23,9,2024-09-15,2024-09-21,Completed,North
928,291,2,2024-08-02,2024-08-03,Completed,South
929,374,1,2023-07-10,2023-07-15,Completed,North
930,112,10,2024-04-16,2024-04-22,Completed,South
931,28,14,2024-12-23,2024-12-25,Completed,South
932,152,9,2024-12-15,2024-12-18,Completed,North
933,187,11,2024-10-19,,Cancelled,West
934,223,10,2024-10-23,2024-10-30,Returned,South
935,133,6,2024-04-23,2024-04-24,Completed,South
936,72,14,2024-08-23,2024-08-26,Completed,South
937,244,9,2023-12-11,2023-12-12,Returned,North
938,96,2,2024-03-25,,Cancelled,South
939,348,14,2023-11-04,2023-11-06,Completed,South
940,489,13,2024-08-30,2024-09-01,Completed,North
941,488,12,2023-05-23,2023-05-29,Completed,East
942,236,4,2024-11-05,2024-11-07,Completed,East
943,47,12,2023-09-08,2023-09-14,Completed,East
944,109,15,2024-11-15,2024-11-22,Completed,West
945,420,12,2024-03-10,,Cancelled,East
946,175,3,2024-09-17,,Cancelled,West
947,174,8,2024-10-31,2024-11-04,Completed,East
948,92,6,2024-02-12,2024-02-17,Returned,South
949,352,2,2024-11-02,2024-11-09,Completed,South
950,295,12,2024-01-29,2024-02-02,Returned,East
951,395,3,2023-11-07,2023-11-10,Completed,West
952,191,15,2024-12-30,2025-01-06,Completed,West
953,4,9,2024-12-25,,Cancelled,North
954,145,1,2023-05-05,2023-05-09,Completed,North
955,278,9,2023-07-03,2023-07-06,Completed,North
956,90,2,2024-07-01,2024-07-03,Completed,South
957,353,7,2024-06-20,,Cancelled,West
958,41,9,2024-10-14,2024-10-17,Returned,North
959,156,5,2024-12-11,2024-12-14,Completed,North
960,205,4,2024-11-25,2024-11-28,Completed,East
961,401,14,2024-11-03,2024-11-06,Completed,South
962,167,6,2023-03-07,,Cancelled,South
963,278,13,2024-05-02,,Cancelled,North
964,178,8,2023-06-05,2023-06-12,Completed,East
965,177,2,2023-08-01,2023-08-06,Returned,South
966,300,5,2024-10-01,2024-10-06,Completed,North
967,311,1,2023-04-10,2023-04-12,Completed,North
968,206,15,2023-12-27,2023-12-31,Completed,West
969,201,7,2024-02-18,2024-02-25,Completed,West
970,336,7,2024-11-30,2024-12-04,Completed,West
971,293,14,2023-01-24,2023-01-29,Completed,South
972,12,12,2024-09-07,2024-09-11,Returned,East
973,448,4,2023-06-29,2023-07-05,Completed,East
974,296,8,2024-04-15,2024-04-21,Completed,East
975,370,2,2023-01-08,2023-01-09,Returned,South
976,274,1,2024-03-25,2024-04-01,Completed,North
977,394,3,2024-01-08,2024-01-14,Completed,West
978,174,4,2023-09-06,2023-09-08,Completed,East
979,152,13,2023-12-05,2023-12-11,Completed,North
980,114,9,2024-07-31,2024-08-06,Completed,North
981,151,6,2024-12-12,2024-12-14,Completed,South
982,300,1,2023-09-23,2023-09-29,Completed,North
983,194,8,2024-10-25,2024-11-01,Completed,East
984,77,10,2024-09-15,2024-09-22,Returned,South
985,256,14,2024-08-06,2024-08-07,Returned,South
986,321,3,2023-12-04,,Cancelled,West
987,434,12,2024-07-04,2024-07-11,Completed,East
988,127,6,2023-09-20,2023-09-22,Returned,South
989,137,9,2023-04-04,2023-04-06,Returned,North
990,156,1,2023-08-01,2023-08-03,Completed,North
991,244,5,2023-04-13,,Cancelled,North
992,221,3,2024-03-29,2024-03-31,Returned,West
993,264,8,2024-10-22,2024-10-25,Completed,East
994,226,1,2023-07-06,2023-07-07,Completed,North
995,156,1,2024-03-29,2024-04-04,Completed,North
996,257,9,2023-11-24,,Cancelled,North
997,393,8,2023-06-25,2023-06-30,Completed,East
998,400,10,2023-08-23,2023-08-27,Completed,South
999,158,8,2024-07-30,2024-08-06,Completed,East
1000,339,11,2023-10-29,2023-10-30,Completed,West
1001,317,14,2023-10-08,2023-10-09,Completed,South
1002,488,4,2024-11-06,2024-11-12,Completed,East
1003,225,9,2023-04-24,2023-04-26,Completed,North
1004,448,4,2024-08-26,2024-08-31,Completed,East
1005,280,11,2024-07-24,,Cancelled,West
1006,453,6,2023-07-08,2023-07-12,Completed,South
1007,310,3,2023-05-24,2023-05-30,Completed,West
1008,17,12,2023-12-01,,Cancelled,East
1009,82,2,2024-08-10,2024-08-15,Completed,South
1010,456,12,2023-06-05,2023-06-08,Returned,East
1011,233,14,2023-01-22,2023-01-27,Completed,South
1012,78,10,2023-08-17,,Cancelled,South
1013,97,7,2023-07-31,2023-08-02,Completed,West
1014,484,3,2023-05-11,,Cancelled,West
1015,218,9,2023-08-27,2023-09-03,Completed,North
1016,438,5,2024-01-25,2024-01-29,Completed,North
1017,84,7,2023-05-04,2023-05-10,Completed,West
1018,131,3,2024-04-12,2024-04-13,Completed,West
1019,360,3,2024-10-28,2024-11-04,Returned,West
1020,266,5,2023-05-24,2023-05-28,Returned,North
1021,444,10,2024-01-16,,Cancelled,South
1022,105,10,2024-02-18,2024-02-21,Returned,South
1023,447,4,2024-02-22,2024-02-27,Completed,East
1024,34,2,2024-05-02,2024-05-06,Completed,South
1025,277,11,2024-09-20,2024-09-26,Returned,West
1026,426,7,2023-05-09,2023-05-14,Completed,West
1027,49,14,2023-10-17,,Cancelled,South
1028,95,10,2023-12-03,2023-12-07,Returned,South
1029,378,3,2024-01-30,2024-01-31,Returned,West
1030,83,13,2023-11-27,2023-12-02,Completed,North
1031,226,1,2023-10-14,2023-10-21,Returned,North
1032,50,9,2024-06-15,2024-06-16,Completed,North
1033,62,11,2023-05-10,2023-05-13,Completed,West
1034,102,11,2024-06-22,,Cancelled,West
1035,186,7,2024-12-11,,Cancelled,West
1036,325,7,2023-06-05,,Cancelled,West
1037,70,9,2023-01-01,2023-01-04,Completed,North
1038,74,15,2023-06-14,2023-06-18,Completed,West
1039,428,9,2023-03-14,2023-03-17,Completed,North
1040,78,6,2024-03-30,2024-04-05,Completed,South
1041,307,14,2023-08-26,2023-08-30,Returned,South
1042,487,2,2024-01-26,2024-01-27,Completed,South
1043,443,10,2023-09-05,2023-09-09,Returned,South
1044,429,11,2024-01-01,2024-01-02,Completed,West
1045,300,13,2023-08-15,,Cancelled,North
1046,196,4,2024-09-08,2024-09-13,Completed,East
1047,495,7,2024-01-05,,Cancelled,West
1048,417,14,2024-11-16,2024-11-18,Completed,South
1049,411,1,2024-04-12,2024-04-15,Completed,North
1050,108,12,2024-07-14,2024-07-17,Returned,East
1051,425,8,2023-04-14,2023-04-15,Returned,East
1052,459,9,2023-06-13,2023-06-16,Completed,North
1053,159,12,2024-12-18,2024-12-23,Returned,East
1054,365,12,2024-11-10,2024-11-17,Completed,East
1055,433,10,2024-09-20,,Cancelled,South
1056,423,2,2023-09-09,,Cancelled,South
1057,113,4,2023-08-20,2023-08-26,Completed,East
1058,248,14,2024-02-29,,Cancelled,South
1059,295,8,2023-09-25,2023-10-02,Returned,East
1060,40,6,2023-11-26,2023-11-28,Returned,South
1061,161,4,2024-09-10,2024-09-16,Completed,East
1062,317,14,2024-05-24,,Cancelled,South
1063,350,10,2023-03-08,2023-03-11,Returned,South
1064,111,13,2023-11-14,,Cancelled,North
1065,442,3,2024-09-16,2024-09-22,Completed,West
1066,83,5,2023-09-12,,Cancelled,North
1067,62,11,2023-04-02,2023-04-06,Completed,West
1068,363,14,2023-09-16,2023-09-17,Completed,South
1069,325,3,2023-12-14,2023-12-21,Completed,West
1070,451,2,2024-07-24,2024-07-30,Completed,South
1071,15,12,2024-07-30,2024-08-06,Completed,East
1072,318,14,2023-07-06,,Cancelled,South
1073,91,14,2024-12-24,2024-12-29,Completed,South
1074,455,2,2023-11-16,2023-11-17,Completed,South
1075,80,12,2023-12-12,2023-12-18,Completed,East
1076,97,15,2023-02-12,2023-02-13,Completed,West
1077,360,15,2024-07-13,2024-07-15,Returned,West
1078,43,8,2023-01-25,2023-01-26,Completed,East
1079,426,3,2023-07-12,2023-07-15,Completed,West
1080,495,11,2024-01-30,2024-02-02,Completed,West
1081,261,12,2023-07-02,,Cancelled,East
1082,164,1,2023-07-28,2023-07-30,Completed,North
1083,461,12,2023-04-30,2023-05-01,Completed,East
1084,191,15,2023-02-15,2023-02-17,Completed,West
1085,443,10,2023-07-29,2023-08-04,Returned,South
1086,130,3,2024-10-03,2024-10-07,Returned,West
1087,340,7,2023-03-14,2023-03-15,Returned,West
1088,94,12,2023-12-02,2023-12-08,Completed,East
1089,134,2,2023-05-03,2023-05-10,Completed,South
1090,19,15,2024-05-05,2024-05-06,Completed,West
1091,413,3,2023-09-05,2023-09-10,Completed,West
1092,394,7,2023-11-22,2023-11-27,Completed,West
1093,472,7,2023-12-25,2023-12-27,Completed,West
1094,485,11,2024-06-01,2024-06-03,Completed,West
1095,447,8,2023-03-13,2023-03-18,Completed,East
1096,266,1,2024-09-25,2024-09-27,Returned,North
1097,289,3,2024-02-01,,Cancelled,West
1098,19,3,2023-01-21,2023-01-28,Returned,West
1099,252,12,2023-09-14,2023-09-20,Completed,East
1100,132,4,2024-01-12,2024-01-13,Returned,East
1101,483,14,2024-03-07,2024-03-11,Completed,South
1102,365,4,2024-08-05,2024-08-12,Completed,East
1103,241,2,2024-07-09,2024-07-13,Returned,South
1104,283,5,2024-11-06,2024-11-11,Completed,North
1105,329,8,2024-08-11,2024-08-13,Completed,East
1106,50,1,2023-03-29,2023-03-30,Completed,North
1107,477,11,2023-07-27,2023-07-29,Returned,West
1108,299,14,2024-05-01,2024-05-07,Completed,South
1109,213,2,2024-06-29,,Cancelled,South
1110,70,13,2024-04-29,2024-05-03,Completed,North
1111,300,5,2024-04-03,2024-04-07,Completed,North
1112,347,14,2023-06-03,2023-06-10,Completed,South
1113,309,14,2023-01-17,,Cancelled,South
1114,27,7,2024-12-18,2024-12-21,Completed,West
1115,6,3,2023-11-06,2023-11-08,Completed,West
1116,363,10,2023-05-16,2023-05-22,Completed,South
1117,468,8,2024-06-05,2024-06-06,Completed,East
1118,192,2,2023-06-07,,Cancelled,South
1119,414,11,2024-09-24,2024-09-26,Completed,West
1120,47,12,2023-04-04,2023-04-08,Completed,East
1121,272,5,2024-05-02,2024-05-08,Completed,North
1122,41,5,2023-07-22,2023-07-24,Completed,North
1123,388,7,2023-06-16,2023-06-22,Completed,West
1124,124,3,2024-11-01,2024-11-04,Returned,West
1125,387,15,2023-03-23,2023-03-30,Returned,West
1126,135,11,2024-04-06,2024-04-12,Completed,West
1127,22,10,2024-02-24,2024-02-28,Completed,South
1128,378,15,2024-03-05,2024-03-12,Completed,West
1129,188,4,2024-03-20,2024-03-22,Returned,East
1130,242,7,2023-10-05,2023-10-07,Completed,West
1131,156,9,2023-08-22,2023-08-26,Completed,North
1132,149,7,2023-08-29,,Cancelled,West
1133,314,3,2024-09-05,2024-09-10,Completed,West
1134,229,8,2024-03-03,2024-03-05,Completed,East
1135,296,8,2024-12-16,2024-12-18,Completed,East
1136,251,13,2023-01-20,2023-01-25,Completed,North
1137,165,4,2024-06-25,2024-06-29,Completed,East
1138,127,6,2024-10-10,2024-10-13,Completed,South
1139,310,7,2024-10-23,2024-10-28,Completed,West
1140,454,6,2024-06-20,,Cancelled,South
1141,74,11,2023-01-26,2023-02-01,Completed,West
1142,56,8,2024-04-11,2024-04-13,Completed,East
1143,73,11,2024-01-20,,Cancelled,West
1144,166,15,2023-07-02,2023-07-07,Completed,West
1145,290,3,2024-06-07,2024-06-13,Completed,West
1146,268,6,2024-12-31,2025-01-01,Completed,South
1147,32,13,2024-10-19,2024-10-25,Completed,North
1148,60,11,2023-08-21,2023-08-22,Completed,West
1149,22,2,2023-08-13,2023-08-15,Completed,South
1150,262,8,2024-05-19,2024-05-25,Completed,East
1151,360,3,2024-08-18,2024-08-23,Completed,West
1152,382,12,2023-10-16,2023-10-21,Completed,East
1153,460,8,2024-02-07,2024-02-13,Completed,East
1154,199,2,2023-07-30,2023-08-06,Completed,South
1155,332,6,2024-08-03,2024-08-05,Completed,South
1156,425,4,2023-12-08,2023-12-12,Completed,East
1157,439,5,2023-03-21,,Cancelled,North
1158,318,2,2023-01-12,2023-01-13,Completed,South
1159,331,7,2024-03-09,2024-03-12,Returned,West
1160,12,8,2023-02-05,2023-02-08,Completed,East
1161,90,2,2023-04-26,2023-05-02,Completed,South
1162,139,4,2024-12-20,,Cancelled,East
1163,222,13,2024-02-27,2024-02-28,Completed,North
1164,364,10,2024-05-05,2024-05-12,Completed,South
1165,428,13,2024-07-26,2024-07-30,Returned,North
1166,307,10,2024-04-12,2024-04-17,Completed,South
1167,75,11,2024-10-16,2024-10-20,Completed,West
1168,76,15,2024-11-22,,Cancelled,West
1169,85,4,2023-12-18,,Cancelled,East
1170,72,6,2024-12-10,2024-12-11,Completed,South
1171,483,6,2023-08-21,2023-08-27,Returned,South
1172,296,8,2024-02-22,2024-02-29,Returned,East
1173,428,5,2023-01-01,,Cancelled,North
1174,356,11,2023-09-05,2023-09-08,Completed,West
1175,16,10,2023-05-04,2023-05-06,Completed,South
1176,487,2,2024-03-08,2024-03-14,Completed,South
1177,471,13,2024-10-12,,Cancelled,North
1178,256,10,2023-12-26,2023-12-29,Completed,South
1179,252,4,2024-01-25,2024-01-29,Completed,East
1180,48,1,2023-09-09,2023-09-16,Returned,North
1181,173,7,2024-09-10,2024-09-11,Completed,West
1182,351,7,2024-08-30,2024-09-06,Returned,West
1183,36,12,2023-07-05,2023-07-08,Completed,East
1184,151,6,2023-02-10,2023-02-15,Completed,South
1185,3,15,2024-10-31,2024-11-07,Completed,West
1186,486,3,2023-04-14,2023-04-16,Completed,West
1187,188,12,2024-03-16,2024-03-22,Completed,East
1188,360,15,2023-03-10,2023-03-11,Completed,West
1189,13,6,2023-03-30,,Cancelled,South
1190,286,9,2024-05-04,2024-05-11,Completed,North
1191,104,5,2023-11-04,2023-11-10,Completed,North
1192,156,5,2023-11-24,2023-12-01,Completed,North
1193,322,12,2023-03-14,2023-03-20,Completed,East
1194,38,7,2023-09-10,2023-09-17,Returned,West
1195,99,9,2024-02-05,2024-02-10,Completed,North
1196,456,8,2024-10-23,2024-10-25,Returned,East
1197,308,1,2024-03-03,2024-03-08,Completed,North
1198,21,9,2023-10-12,2023-10-15,Completed,North
1199,198,7,2024-04-25,2024-04-26,Completed,West
1200,161,8,2023-09-03,,Cancelled,East
1201,211,8,2023-09-28,,Cancelled,East
1202,165,4,2024-04-18,,Cancelled,East
1203,307,10,2023-07-07,2023-07-14,Returned,South
1204,37,9,2023-05-08,2023-05-15,Completed,North
1205,216,7,2023-09-30,2023-10-04,Completed,West
1206,22,2,2023-10-12,2023-10-17,Completed,South
1207,6,3,2023-12-12,,Cancelled,West
1208,476,9,2023-08-31,2023-09-01,Completed,North
1209,47,12,2024-09-20,2024-09-27,Completed,East
1210,55,3,2023-09-02,2023-09-05,Returned,West
1211,77,14,2024-09-21,2024-09-22,Completed,South
1212,256,14,2024-03-28,,Cancelled,South
1213,404,8,2023-08-01,2023-08-04,Completed,East
1214,352,6,2024-10-22,2024-10-23,Returned,South
1215,229,8,2023-04-02,2023-04-05,Completed,East
1216,331,7,2023-02-07,2023-02-10,Completed,West
1217,363,6,2023-04-05,,Cancelled,South
1218,478,10,2024-04-08,2024-04-11,Completed,South
1219,160,7,2024-06-17,2024-06-19,Completed,West
1220,336,7,2023-10-23,,Cancelled,West
1221,419,6,2024-06-30,2024-07-07,Completed,South
1222,393,8,2024-06-09,2024-06-14,Completed,East
1223,25,13,2023-06-09,2023-06-11,Completed,North
1224,128,4,2024-10-17,,Cancelled,East
1225,1,9,2024-04-16,,Cancelled,North
1226,403,13,2023-09-15,,Cancelled,North
1227,310,15,2024-01-27,2024-01-30,Completed,West
1228,443,6,2024-10-26,2024-10-30,Completed,South
1229,205,8,2024-12-30,2025-01-02,Completed,East
1230,460,12,2023-04-14,2023-04-17,Completed,East
1231,455,14,2023-03-21,,Cancelled,South
1232,170,7,2023-11-14,,Cancelled,West
1233,31,2,2024-06-05,2024-06-11,Completed,South
1234,146,9,2023-02-22,,Cancelled,North
1235,222,1,2024-11-13,,Cancelled,North
1236,339,15,2024-10-12,2024-10-14,Completed,West
1237,142,14,2023-08-14,2023-08-15,Completed,South
1238,281,11,2023-08-04,2023-08-05,Completed,West
1239,113,8,2023-06-19,2023-06-23,Returned,East
1240,316,10,2024-04-25,2024-04-30,Completed,South
1241,399,4,2023-08-20,2023-08-24,Completed,East
1242,422,6,2024-07-22,2024-07-29,Completed,South
1243,278,9,2024-02-27,2024-03-02,Returned,North
1244,208,14,2023-06-07,2023-06-11,Completed,South
1245,158,4,2024-05-13,2024-05-17,Completed,East
1246,412,5,2023-12-11,2023-12-16,Completed,North
1247,277,15,2024-05-19,2024-05-26,Completed,West
1248,150,11,2024-11-26,2024-12-03,Returned,West
1249,299,2,2023-02-10,,Cancelled,South
1250,460,8,2024-05-17,2024-05-20,Completed,East
1251,311,9,2023-06-11,2023-06-18,Returned,North
1252,353,11,2023-02-02,2023-02-09,Completed,West
1253,335,14,2024-03-04,2024-03-11,Completed,South
1254,41,1,2024-08-24,2024-08-26,Completed,North
1255,371,4,2023-10-17,2023-10-23,Completed,East
1256,301,10,2024-12-27,2024-12-31,Completed,South
1257,99,9,2023-03-09,2023-03-10,Completed,North
1258,69,11,2024-12-25,2024-12-31,Completed,West
1259,250,9,2023-06-01,2023-06-03,Completed,North
1260,93,15,2023-02-09,2023-02-15,Completed,West
1261,396,7,2023-08-05,2023-08-08,Completed,West
1262,395,3,2024-04-10,2024-04-15,Returned,West
1263,322,4,2024-04-30,2024-05-04,Completed,East
1264,154,3,2023-08-23,2023-08-28,Returned,West
1265,204,1,2024-03-16,2024-03-17,Completed,North
1266,340,3,2024-05-23,,Cancelled,West
1267,474,15,2024-07-28,2024-07-31,Returned,West
1268,169,6,2024-05-06,2024-05-07,Completed,South
1269,132,8,2023-06-15,2023-06-17,Completed,East
1270,281,3,2023-03-20,2023-03-27,Completed,West
1271,34,10,2023-07-03,2023-07-10,Completed,South
1272,403,1,2023-12-31,2024-01-03,Completed,North
1273,10,3,2023-03-06,2023-03-08,Completed,West
1274,175,15,2024-03-18,2024-03-25,Completed,West
1275,395,15,2024-02-01,2024-02-07,Completed,West
1276,9,12,2024-01-17,2024-01-20,Returned,East
1277,304,4,2024-04-29,2024-05-04,Completed,East
1278,421,13,2023-10-28,2023-11-04,Completed,North
1279,494,5,2024-12-13,2024-12-20,Completed,North
1280,154,15,2023-01-24,2023-01-27,Completed,West
1281,59,3,2023-09-28,2023-10-01,Completed,West
1282,299,2,2023-08-26,2023-08-29,Completed,South
1283,465,9,2023-04-13,2023-04-20,Completed,North
1284,337,11,2023-10-03,2023-10-04,Returned,West
1285,22,14,2024-01-05,2024-01-10,Completed,South
1286,482,6,2023-03-25,2023-03-27,Completed,South
1287,416,3,2024-04-26,2024-05-02,Completed,West
1288,349,10,2024-08-13,2024-08-20,Returned,South
1289,314,15,2023-07-17,,Cancelled,West
1290,316,2,2024-12-24,2024-12-27,Completed,South
1291,298,1,2024-11-18,2024-11-20,Completed,North
1292,24,3,2024-12-01,2024-12-03,Completed,West
1293,57,1,2024-02-28,2024-03-02,Completed,North
1294,167,14,2024-01-23,2024-01-28,Returned,South
1295,440,6,2024-05-16,2024-05-19,Completed,South
1296,212,4,2023-10-22,2023-10-25,Completed,East
1297,179,10,2024-10-21,2024-10-25,Completed,South
1298,83,13,2023-08-14,2023-08-16,Completed,North
1299,249,15,2023-08-13,,Cancelled,West
1300,51,11,2024-11-05,,Cancelled,West
1301,415,4,2024-11-15,,Cancelled,East
1302,168,12,2024-07-21,2024-07-26,Completed,East
1303,357,9,2024-08-23,2024-08-29,Completed,North
1304,167,2,2023-12-11,2023-12-15,Completed,South
1305,9,12,2023-03-20,2023-03-25,Completed,East
1306,274,1,2023-04-16,2023-04-21,Returned,North
1307,210,4,2023-10-15,2023-10-20,Returned,East
1308,323,4,2023-02-15,2023-02-21,Completed,East
1309,46,5,2024-08-12,2024-08-13,Completed,North
1310,342,9,2023-07-17,2023-07-24,Completed,North
1311,424,4,2023-07-22,2023-07-25,Completed,East
1312,222,5,2024-12-05,2024-12-12,Completed,North
1313,273,4,2024-12-01,2024-12-02,Completed,East
1314,38,7,2024-03-01,2024-03-05,Completed,West
1315,285,12,2024-06-27,,Cancelled,East
1316,89,14,2023-10-13,2023-10-16,Completed,South
1317,193,12,2024-04-21,2024-04-28,Completed,East
1318,118,3,2024-07-27,2024-07-31,Completed,West
1319,124,3,2024-06-04,,Cancelled,West
1320,43,8,2024-06-21,,Cancelled,East
1321,282,4,2023-07-02,2023-07-06,Completed,East
1322,217,12,2024-10-11,,Cancelled,East
1323,85,12,2023-10-10,2023-10-11,Completed,East
1324,397,2,2023-02-01,2023-02-04,Completed,South
1325,98,14,2023-04-11,2023-04-18,Completed,South
1326,345,2,2024-05-31,2024-06-03,Returned,South
1327,245,11,2024-05-17,,Cancelled,West
1328,257,1,2023-11-18,2023-11-22,Completed,North
1329,14,4,2024-09-05,2024-09-06,Completed,East
1330,265,11,2024-06-26,2024-06-30,Completed,West
1331,159,4,2024-08-13,2024-08-19,Completed,East
1332,241,2,2024-02-21,2024-02-23,Completed,South
1333,32,9,2023-02-18,2023-02-25,Completed,North
1334,486,15,2024-05-25,2024-05-30,Completed,West
1335,138,4,2023-06-08,2023-06-09,Returned,East
1336,88,12,2024-08-08,2024-08-14,Returned,East
1337,370,14,2023-08-08,2023-08-11,Completed,South
1338,182,8,2023-10-25,2023-10-27,Completed,East
1339,12,12,2023-03-28,2023-04-01,Completed,East
1340,396,7,2023-04-22,2023-04-24,Completed,West
1341,313,3,2024-11-20,2024-11-23,Returned,West
1342,123,6,2023-08-10,2023-08-17,Completed,South
1343,373,7,2023-05-25,2023-05-26,Completed,West
1344,270,15,2023-05-07,,Cancelled,West
1345,304,4,2024-10-08,2024-10-10,Returned,East
1346,471,13,2023-12-02,2023-12-03,Completed,North
1347,416,3,2024-08-23,2024-08-26,Completed,West
1348,360,15,2023-09-28,2023-10-01,Returned,West
1349,452,5,2024-02-06,2024-02-11,Completed,North
1350,328,12,2023-10-21,2023-10-26,Completed,East
1351,100,4,2023-06-11,2023-06-16,Completed,East
1352,215,4,2023-04-05,2023-04-06,Completed,East
1353,122,15,2024-02-09,2024-02-13,Completed,West
1354,383,5,2024-03-12,2024-03-13,Completed,North
1355,204,1,2023-01-28,2023-01-30,Completed,North
1356,261,12,2023-07-07,2023-07-12,Completed,East
1357,391,12,2024-10-21,2024-10-26,Completed,East
1358,124,11,2024-07-21,2024-07-28,Completed,West
1359,109,7,2024-10-22,2024-10-27,Completed,West
1360,190,8,2024-12-08,2024-12-09,Returned,East
1361,298,1,2023-10-24,2023-10-29,Completed,North
1362,207,15,2024-10-01,,Cancelled,West
1363,75,11,2024-08-16,2024-08-22,Completed,West
1364,396,11,2024-08-06,,Cancelled,West
1365,151,6,2024-03-16,2024-03-21,Completed,South
1366,12,12,2024-04-29,2024-05-03,Completed,East
1367,329,8,2023-06-28,2023-06-30,Returned,East
1368,333,5,2024-06-16,2024-06-22,Completed,North
1369,460,8,2024-02-22,2024-02-23,Returned,East
1370,16,6,2024-02-20,,Cancelled,South
1371,294,14,2023-12-19,2023-12-25,Completed,South
1372,288,8,2024-03-12,2024-03-18,Completed,East
1373,473,4,2023-09-15,2023-09-22,Completed,East
1374,461,4,2023-01-31,2023-02-04,Completed,East
1375,465,13,2023-03-06,2023-03-07,Completed,North
1376,29,11,2023-03-24,2023-03-30,Completed,West
1377,233,14,2023-07-01,2023-07-06,Returned,South
1378,74,3,2024-01-13,2024-01-19,Completed,West
1379,84,3,2024-04-04,2024-04-10,Completed,West
1380,447,8,2024-10-02,2024-10-06,Completed,East
1381,478,2,2023-09-27,2023-10-01,Completed,South
1382,477,7,2023-07-27,2023-07-31,Completed,West
1383,238,1,2023-07-29,2023-08-04,Completed,North
1384,1,13,2023-04-26,2023-05-03,Completed,North
1385,63,4,2023-08-12,2023-08-13,Completed,East
1386,73,15,2023-10-29,,Cancelled,West
1387,142,10,2023-02-24,2023-02-28,Completed,South
1388,56,4,2024-04-19,2024-04-26,Returned,East
1389,424,4,2023-04-15,2023-04-17,Returned,East
1390,352,14,2023-08-28,2023-09-04,Completed,South
1391,91,10,2024-02-23,2024-02-26,Completed,South
1392,403,13,2024-02-17,2024-02-18,Returned,North
1393,193,12,2023-05-28,2023-06-03,Completed,East
1394,202,11,2023-01-16,2023-01-21,Completed,West
1395,293,6,2023-12-02,,Cancelled,South
1396,312,9,2024-07-13,2024-07-15,Completed,North
1397,355,5,2024-11-09,,Cancelled,North
1398,284,12,2023-03-09,2023-03-10,Returned,East
1399,183,4,2023-08-29,,Cancelled,East
1400,400,2,2024-09-20,2024-09-26,Completed,South
1401,433,6,2023-05-13,2023-05-18,Completed,South
1402,349,2,2024-02-13,2024-02-15,Returned,South
1403,196,12,2024-09-26,2024-10-02,Completed,East
1404,138,8,2023-07-06,,Cancelled,East
1405,488,4,2024-11-30,,Cancelled,East
1406,208,6,2023-09-24,2023-09-30,Completed,South
1407,86,7,2024-02-18,,Cancelled,West
1408,401,10,2023-04-15,2023-04-22,Completed,South
1409,188,4,2024-10-23,2024-10-28,Completed,East
1410,148,8,2023-08-18,2023-08-20,Completed,East
1411,248,6,2023-02-18,2023-02-23,Completed,South
1412,46,9,2023-10-28,2023-10-29,Completed,North
1413,419,14,2024-05-02,2024-05-09,Returned,South
1414,436,11,2023-02-16,2023-02-21,Completed,West
1415,234,8,2024-09-22,,Cancelled,East
1416,243,12,2023-03-03,,Cancelled,East
1417,121,11,2024-02-16,2024-02-18,Completed,West
1418,213,14,2024-07-05,2024-07-08,Completed,South
1419,458,12,2023-10-14,,Cancelled,East
1420,66,9,2024-09-21,2024-09-22,Completed,North
1421,332,6,2023-03-16,2023-03-18,Completed,South
1422,36,4,2023-01-06,2023-01-09,Completed,East
1423,436,15,2024-01-31,,Cancelled,West
1424,212,4,2023-01-07,2023-01-10,Completed,East
1425,112,6,2024-12-25,,Cancelled,South
1426,429,3,2023-05-10,2023-05-15,Completed,West
1427,48,1,2024-01-22,2024-01-23,Returned,North
1428,135,15,2023-06-13,2023-06-19,Completed,West
1429,403,5,2023-12-25,2023-12-29,Completed,North
1430,80,12,2023-02-03,2023-02-05,Completed,East
1431,461,12,2024-07-21,2024-07-27,Completed,East
1432,445,5,2024-03-26,2024-04-01,Completed,North
1433,490,2,2023-11-30,2023-12-02,Completed,South
1434,490,2,2024-03-13,2024-03-19,Completed,South
1435,284,12,2023-05-28,2023-05-30,Completed,East
1436,482,10,2023-10-01,2023-10-02,Completed,South
1437,171,10,2023-09-17,,Cancelled,South
1438,90,14,2023-03-13,2023-03-14,Completed,South
1439,252,12,2023-12-01,2023-12-06,Completed,East
1440,374,1,2024-07-15,2024-07-17,Completed,North
1441,390,15,2024-09-13,2024-09-17,Returned,West
1442,474,3,2023-02-11,2023-02-12,Completed,West
1443,57,13,2023-03-10,2023-03-17,Completed,North
1444,330,12,2023-06-21,2023-06-26,Returned,East
1445,30,6,2023-01-06,,Cancelled,South
1446,325,7,2023-06-05,2023-06-07,Completed,West
1447,72,2,2023-04-28,,Cancelled,South
1448,207,3,2023-05-13,2023-05-14,Completed,West
1449,70,9,2024-11-08,2024-11-13,Returned,North
1450,107,2,2024-11-07,2024-11-11,Completed,South
1451,12,12,2024-11-30,2024-12-06,Completed,East
1452,77,10,2024-01-20,2024-01-21,Completed,South
1453,415,12,2024-11-01,2024-11-08,Completed,East
1454,399,12,2024-08-20,2024-08-27,Completed,East
1455,497,15,2023-05-02,2023-05-05,Completed,West
1456,188,8,2023-11-11,2023-11-13,Completed,East
1457,399,4,2023-01-27,2023-01-31,Completed,East
1458,315,7,2024-05-05,2024-05-10,Completed,West
1459,12,8,2023-08-22,2023-08-24,Completed,East
1460,324,12,2023-01-08,2023-01-14,Completed,East
1461,469,12,2024-04-07,2024-04-11,Completed,East
1462,432,7,2023-09-10,2023-09-14,Completed,West
1463,223,2,2023-04-24,2023-04-29,Completed,South
1464,63,4,2023-08-01,2023-08-08,Completed,East
1465,279,2,2024-06-13,2024-06-20,Completed,South
1466,44,4,2024-06-04,2024-06-08,Completed,East
1467,252,8,2023-07-24,2023-07-26,Completed,East
1468,9,12,2024-03-21,2024-03-24,Completed,East
1469,62,3,2023-12-08,2023-12-14,Completed,West
1470,456,8,2024-03-23,2024-03-24,Completed,East
1471,137,13,2024-02-29,2024-03-01,Completed,North
1472,249,15,2023-05-08,2023-05-09,Completed,West
1473,121,3,2024-07-30,2024-08-06,Returned,West
1474,131,3,2024-08-26,2024-09-01,Completed,West
1475,225,1,2024-02-29,2024-03-05,Completed,North
1476,488,4,2024-05-11,2024-05-16,Completed,East
1477,303,9,2024-08-19,,Cancelled,North
1478,35,12,2023-09-28,2023-10-02,Completed,East
1479,420,12,2023-06-25,2023-06-26,Completed,East
1480,351,15,2023-05-31,2023-06-01,Completed,West
1481,476,13,2023-09-24,2023-09-29,Completed,North
1482,263,7,2024-08-07,2024-08-12,Completed,West
1483,24,15,2024-04-30,2024-05-04,Completed,West
1484,195,3,2023-11-03,,Cancelled,West
1485,344,8,2024-07-27,,Cancelled,East
1486,326,3,2023-10-01,2023-10-06,Completed,West
1487,219,2,2024-05-21,,Cancelled,South
1488,115,11,2024-01-22,2024-01-23,Completed,West
1489,328,8,2024-09-16,2024-09-20,Completed,East
1490,232,12,2023-11-16,2023-11-17,Completed,East
1491,209,10,2024-07-09,,Cancelled,South
1492,205,12,2024-12-14,,Cancelled,East
1493,246,5,2024-06-23,2024-06-28,Completed,North
1494,427,2,2023-04-02,2023-04-03,Completed,South
1495,339,7,2023-07-29,2023-08-02,Returned,West
1496,369,15,2023-01-01,2023-01-03,Completed,West
1497,49,14,2023-12-07,2023-12-08,Returned,South
1498,135,3,2024-09-23,2024-09-27,Completed,West
1499,214,8,2023-03-06,2023-03-13,Completed,East
1500,22,2,2024-02-15,2024-02-22,Completed,South
1501,265,3,2023-08-20,2023-08-25,Completed,West
1502,316,6,2024-12-16,,Cancelled,South
1503,175,11,2023-11-18,2023-11-19,Returned,West
1504,370,6,2023-03-01,2023-03-08,Returned,South
1505,217,12,2023-03-05,2023-03-12,Completed,East
1506,191,3,2024-01-24,2024-01-25,Completed,West
1507,334,11,2023-05-20,2023-05-25,Completed,West
1508,223,14,2024-05-24,2024-05-25,Completed,South
1509,251,13,2023-12-15,,Cancelled,North
1510,394,11,2023-08-15,2023-08-22,Completed,West
1511,439,9,2023-09-22,2023-09-26,Completed,North
1512,149,3,2023-04-22,2023-04-28,Completed,West
1513,90,6,2023-10-29,2023-11-05,Completed,South
1514,15,4,2023-03-22,2023-03-25,Completed,East
1515,418,11,2024-06-30,,Cancelled,West
1516,365,8,2024-07-26,2024-07-28,Completed,East
1517,452,9,2024-03-30,2024-04-06,Completed,North
1518,76,3,2023-06-18,2023-06-20,Completed,West
1519,302,15,2024-06-29,2024-07-03,Completed,West
1520,64,6,2024-05-30,2024-06-02,Completed,South
1521,189,9,2024-10-29,2024-11-01,Completed,North
1522,79,15,2023-10-20,,Cancelled,West
1523,329,12,2023-06-20,2023-06-22,Completed,East
1524,195,7,2023-03-16,2023-03-19,Completed,West
1525,411,1,2024-09-13,2024-09-15,Completed,North
1526,326,7,2023-02-03,2023-02-08,Completed,West
1527,320,6,2023-12-05,2023-12-08,Completed,South
1528,36,12,2024-02-10,2024-02-14,Completed,East
1529,470,11,2023-09-25,2023-09-29,Completed,West
1530,420,12,2024-01-06,2024-01-07,Returned,East
1531,76,15,2024-05-29,,Cancelled,West
1532,271,12,2023-06-08,2023-06-13,Returned,East
1533,297,5,2024-05-05,2024-05-08,Completed,North
1534,130,7,2023-10-02,2023-10-04,Completed,West
1535,291,2,2023-06-04,2023-06-10,Completed,South
1536,296,12,2023-08-06,2023-08-08,Completed,East
1537,95,6,2023-06-29,2023-06-30,Completed,South
1538,237,13,2024-01-24,2024-01-25,Completed,North
1539,445,13,2024-01-31,2024-02-01,Completed,North
1540,191,15,2023-04-06,2023-04-07,Completed,West
1541,484,3,2024-08-26,,Cancelled,West
1542,216,7,2023-07-19,2023-07-22,Completed,West
1543,2,8,2023-10-13,2023-10-19,Completed,East
1544,138,4,2023-03-17,2023-03-23,Completed,East
1545,278,9,2023-04-13,2023-04-18,Completed,North
1546,390,7,2024-03-16,2024-03-21,Completed,West
1547,291,14,2023-06-13,2023-06-18,Completed,South
1548,242,15,2024-09-21,2024-09-24,Completed,West
1549,93,11,2024-04-09,2024-04-14,Completed,West
1550,392,11,2024-04-10,2024-04-15,Returned,West
1551,390,11,2023-05-23,2023-05-30,Completed,West
1552,152,13,2024-09-08,2024-09-15,Completed,North
1553,409,7,2023-10-15,2023-10-20,Completed,West
1554,231,3,2024-12-25,2024-12-31,Completed,West
1555,249,3,2023-11-23,2023-11-30,Completed,West
1556,255,4,2024-12-28,,Cancelled,East
1557,324,8,2023-08-13,2023-08-16,Returned,East
1558,313,11,2023-10-14,2023-10-15,Completed,West
1559,485,7,2023-06-14,2023-06-17,Returned,West
1560,403,9,2024-07-29,2024-08-04,Returned,North
1561,191,3,2024-09-17,2024-09-24,Completed,West
1562,186,7,2024-03-27,2024-04-03,Completed,West
1563,304,8,2024-11-27,2024-11-28,Completed,East
1564,151,6,2024-10-23,2024-10-30,Completed,South
1565,212,12,2023-04-01,,Cancelled,East
1566,462,3,2023-02-06,2023-02-09,Completed,West
1567,340,15,2023-08-16,2023-08-18,Returned,West
1568,498,12,2024-01-04,2024-01-07,Completed,East
1569,208,10,2024-07-12,2024-07-13,Completed,South
1570,156,5,2023-11-22,2023-11-26,Completed,North
1571,418,15,2023-10-11,2023-10-12,Returned,West
1572,374,1,2024-08-31,2024-09-05,Completed,North
1573,15,12,2024-09-06,2024-09-08,Completed,East
1574,399,12,2024-02-02,2024-02-07,Completed,East
1575,361,8,2024-11-29,2024-11-30,Completed,East
1576,471,5,2023-11-19,2023-11-25,Completed,North
1577,458,4,2024-11-13,2024-11-15,Completed,East
1578,164,1,2023-12-12,2023-12-19,Completed,North
1579,226,9,2023-02-02,2023-02-05,Completed,North
1580,392,15,2024-12-22,2024-12-29,Completed,West
1581,381,10,2024-10-21,2024-10-23,Completed,South
1582,148,12,2024-09-28,2024-10-01,Completed,East
1583,2,8,2023-12-23,2023-12-24,Completed,East
1584,37,9,2024-10-03,,Cancelled,North
1585,316,6,2024-07-12,2024-07-15,Completed,South
1586,186,15,2023-03-14,2023-03-15,Completed,West
1587,199,14,2024-05-03,2024-05-04,Completed,South
1588,456,4,2024-11-09,2024-11-14,Completed,East
1589,235,15,2023-06-10,2023-06-13,Completed,West
1590,179,2,2023-03-16,2023-03-18,Completed,South
1591,299,2,2024-10-04,2024-10-10,Completed,South
1592,36,4,2023-02-02,,Cancelled,East
1593,24,11,2023-09-08,2023-09-14,Completed,West
1594,316,2,2023-10-16,2023-10-19,Returned,South
1595,304,12,2024-08-30,2024-09-02,Completed,East
1596,412,5,2023-01-09,2023-01-11,Returned,North
1597,59,3,2023-12-19,2023-12-21,Completed,West
1598,359,7,2023-04-12,2023-04-19,Returned,West
1599,466,14,2023-01-05,2023-01-08,Returned,South
1600,258,8,2023-08-05,,Cancelled,East
1601,499,15,2023-06-21,2023-06-27,Returned,West
1602,23,1,2023-12-14,2023-12-18,Completed,North
1603,466,14,2023-06-26,,Cancelled,South
1604,370,14,2023-06-16,2023-06-17,Completed,South
1605,321,7,2023-05-19,2023-05-21,Returned,West
1606,143,14,2023-10-13,2023-10-15,Returned,South
1607,216,11,2024-08-14,,Cancelled,West
1608,19,7,2023-02-21,2023-02-27,Completed,West
1609,184,5,2024-12-13,2024-12-15,Completed,North
1610,209,10,2024-02-10,2024-02-11,Completed,South
1611,479,13,2024-04-12,2024-04-15,Completed,North
1612,46,13,2024-11-30,2024-12-06,Returned,North
1613,443,2,2023-06-12,,Cancelled,South
1614,278,9,2023-03-10,,Cancelled,North
1615,188,8,2024-07-24,2024-07-31,Completed,East
1616,263,15,2024-01-06,2024-01-07,Completed,West
1617,101,9,2024-09-11,2024-09-17,Completed,North
1618,310,15,2023-06-21,2023-06-23,Completed,West
1619,46,9,2023-05-31,2023-06-02,Completed,North
1620,348,2,2024-06-30,2024-07-04,Returned,South
1621,76,7,2023-11-15,2023-11-16,Returned,West
1622,342,1,2024-01-09,,Cancelled,North
1623,41,9,2024-11-15,,Cancelled,North
1624,138,8,2023-12-05,2023-12-09,Completed,East
1625,289,15,2023-10-05,2023-10-09,Completed,West
1626,275,1,2024-08-09,2024-08-16,Completed,North
1627,403,9,2024-08-12,2024-08-16,Completed,North
1628,123,10,2024-08-25,2024-08-28,Completed,South
1629,279,6,2023-09-11,2023-09-15,Completed,South
1630,110,3,2024-04-08,,Cancelled,West
1631,482,10,2023-06-21,2023-06-22,Completed,South
1632,48,9,2023-11-22,2023-11-24,Completed,North
1633,433,14,2023-02-19,2023-02-23,Completed,South
1634,408,8,2023-06-01,2023-06-05,Completed,East
1635,58,10,2023-03-05,2023-03-12,Returned,South
1636,417,14,2024-07-03,2024-07-04,Completed,South
1637,92,6,2023-03-09,2023-03-11,Completed,South
1638,117,3,2023-08-11,2023-08-16,Completed,West
1639,102,3,2023-07-22,2023-07-27,Completed,West
1640,331,7,2024-08-12,2024-08-18,Returned,West
1641,78,14,2023-08-21,2023-08-26,Returned,South
1642,148,8,2024-04-30,2024-05-06,Returned,East
1643,219,2,2024-06-03,2024-06-04,Completed,South
1644,404,4,2024-06-01,2024-06-08,Completed,East
1645,80,8,2023-04-13,2023-04-19,Completed,East
1646,46,13,2024-11-13,2024-11-17,Returned,North
1647,68,6,2023-08-03,2023-08-09,Completed,South
1648,150,11,2023-06-07,2023-06-12,Completed,West
1649,30,14,2023-07-07,,Cancelled,South
1650,35,12,2023-04-28,,Cancelled,East
1651,407,8,2023-10-10,2023-10-17,Completed,East
1652,396,3,2024-10-30,,Cancelled,West
1653,30,10,2024-11-10,2024-11-12,Completed,South
1654,292,4,2023-06-28,2023-07-04,Returned,East
1655,369,11,2023-03-15,2023-03-20,Completed,West
1656,109,11,2024-04-06,,Cancelled,West
1657,342,1,2023-03-14,,Cancelled,North
1658,221,15,2024-04-18,,Cancelled,West
1659,41,5,2023-05-16,2023-05-22,Completed,North
1660,279,14,2023-12-27,2024-01-03,Completed,South
1661,60,3,2024-10-07,2024-10-10,Completed,West
1662,75,3,2023-06-12,2023-06-17,Completed,West
1663,249,15,2023-10-06,2023-10-11,Completed,West
1664,203,8,2023-11-13,,Cancelled,East
1665,456,8,2024-03-12,2024-03-13,Returned,East
1666,113,8,2023-07-23,2023-07-28,Completed,East
1667,184,5,2024-08-05,2024-08-09,Returned,North
1668,239,1,2023-07-03,2023-07-06,Completed,North
1669,237,13,2024-11-21,2024-11-25,Completed,North
1670,431,9,2024-09-18,2024-09-21,Completed,North
1671,364,10,2023-03-16,2023-03-21,Completed,South
1672,302,7,2024-09-14,2024-09-21,Completed,West
1673,9,12,2024-11-23,2024-11-29,Returned,East
1674,216,7,2024-09-11,2024-09-15,Returned,West
1675,440,10,2023-04-13,2023-04-15,Completed,South
1676,67,3,2024-12-08,2024-12-09,Completed,West
1677,173,15,2024-08-22,2024-08-29,Completed,West
1678,291,14,2023-11-08,2023-11-09,Completed,South
1679,73,11,2023-04-20,2023-04-27,Completed,West
1680,440,14,2023-12-31,,Cancelled,South
1681,484,3,2023-09-25,2023-09-28,Returned,West
1682,115,11,2023-02-19,2023-02-22,Completed,West
1683,440,6,2023-07-19,2023-07-23,Completed,South
1684,340,15,2024-08-16,2024-08-21,Completed,West
1685,386,2,2023-06-06,2023-06-07,Returned,South
1686,80,4,2024-07-03,2024-07-04,Completed,East
1687,201,11,2023-07-05,2023-07-12,Completed,West
1688,320,6,2023-01-10,2023-01-11,Completed,South
1689,450,1,2023-08-24,2023-08-26,Completed,North
1690,355,1,2024-11-17,2024-11-24,Completed,North
1691,128,12,2023-02-28,2023-03-03,Completed,East
1692,88,4,2023-01-30,2023-02-02,Completed,East
1693,485,3,2023-04-04,2023-04-10,Completed,West
1694,30,14,2024-02-28,2024-03-05,Completed,South
1695,403,5,2023-09-28,2023-10-02,Completed,North
1696,76,11,2024-06-01,2024-06-03,Completed,West
1697,202,11,2024-12-30,2025-01-04,Completed,West
1698,294,2,2023-07-10,2023-07-12,Completed,South
1699,272,13,2024-06-09,2024-06-11,Completed,North
1700,150,3,2024-10-06,2024-10-11,Completed,West
1701,356,11,2023-07-02,,Cancelled,West
1702,464,8,2024-02-02,2024-02-05,Returned,East
1703,185,9,2023-06-03,2023-06-04,Completed,North
1704,277,7,2023-07-27,2023-07-30,Completed,West
1705,307,10,2023-01-13,2023-01-17,Completed,South
1706,441,11,2024-09-20,2024-09-24,Returned,West
1707,360,7,2024-02-11,2024-02-17,Completed,West
1708,120,11,2023-07-09,2023-07-13,Completed,West
1709,278,1,2023-05-26,,Cancelled,North
1710,304,8,2023-04-30,2023-05-03,Completed,East
1711,343,6,2024-10-23,2024-10-25,Completed,South
1712,133,2,2024-10-23,2024-10-28,Returned,South
1713,294,6,2024-12-22,2024-12-23,Completed,South
1714,487,6,2023-03-20,2023-03-26,Completed,South
1715,279,14,2024-07-02,2024-07-06,Completed,South
1716,276,4,2024-02-03,2024-02-06,Completed,East
1717,292,12,2024-05-24,2024-05-30,Completed,East
1718,160,3,2024-09-02,2024-09-08,Completed,West
1719,367,15,2023-05-29,2023-05-30,Completed,West
1720,146,5,2024-09-18,2024-09-23,Completed,North
1721,470,3,2023-04-03,2023-04-10,Completed,West
1722,334,7,2024-06-10,2024-06-12,Returned,West
1723,30,6,2024-03-18,2024-03-22,Completed,South
1724,2,4,2023-01-06,2023-01-08,Completed,East
1725,447,4,2023-01-04,2023-01-10,Completed,East
1726,126,7,2024-07-17,2024-07-18,Returned,West
1727,32,1,2024-04-06,2024-04-11,Completed,North
1728,458,8,2024-11-20,2024-11-22,Completed,East
1729,233,2,2023-09-11,2023-09-16,Completed,South
1730,103,6,2024-09-15,2024-09-16,Completed,South
1731,439,1,2024-06-25,2024-06-28,Completed,North
1732,198,3,2024-10-28,2024-11-01,Completed,West
1733,417,10,2023-09-11,2023-09-16,Completed,South
1734,471,1,2023-12-27,,Cancelled,North
1735,421,5,2024-12-19,2024-12-23,Completed,North
1736,425,4,2023-05-22,2023-05-26,Completed,East
1737,176,11,2023-08-17,,Cancelled,West
1738,12,8,2023-10-02,2023-10-06,Returned,East
1739,33,14,2024-08-10,,Cancelled,South
1740,352,10,2024-02-20,2024-02-21,Completed,South
1741,237,5,2023-10-23,2023-10-28,Completed,North
1742,398,2,2023-09-29,2023-10-02,Completed,South
1743,340,15,2023-01-11,2023-01-13,Completed,West
1744,205,4,2024-04-14,2024-04-18,Completed,East
1745,267,2,2023-08-15,2023-08-20,Completed,South
1746,342,5,2024-09-25,,Cancelled,North
1747,404,8,2023-01-14,2023-01-15,Completed,East
1748,207,3,2024-08-29,,Cancelled,West
1749,393,12,2023-07-16,2023-07-21,Completed,East
1750,61,12,2024-04-28,2024-05-02,Completed,East
1751,385,4,2024-03-13,2024-03-19,Completed,East
1752,471,9,2023-11-07,2023-11-09,Completed,North
1753,341,10,2024-03-08,,Cancelled,South
1754,313,15,2024-05-04,2024-05-07,Completed,West
1755,407,4,2023-09-22,2023-09-25,Completed,East
1756,168,4,2023-04-09,2023-04-14,Completed,East
1757,171,10,2023-08-12,2023-08-14,Completed,South
1758,66,5,2023-04-04,2023-04-10,Completed,North
1759,329,12,2023-09-10,,Cancelled,East
1760,343,10,2023-06-24,2023-07-01,Returned,South
1761,251,9,2024-09-21,2024-09-25,Completed,North
1762,271,12,2023-02-18,2023-02-21,Completed,East
1763,158,8,2024-04-27,2024-05-04,Completed,East
1764,427,14,2023-05-02,2023-05-07,Completed,South
1765,19,11,2023-08-25,2023-08-30,Completed,West
1766,272,5,2024-03-07,2024-03-14,Completed,North
1767,423,6,2024-03-13,2024-03-18,Completed,South
1768,5,10,2024-07-22,2024-07-24,Completed,South
1769,168,12,2023-08-06,2023-08-12,Completed,East
1770,290,3,2023-12-31,2024-01-06,Completed,West
1771,304,8,2024-08-25,2024-08-28,Completed,East
1772,295,8,2024-01-21,2024-01-28,Returned,East
1773,25,9,2024-05-06,2024-05-11,Completed,North
1774,363,10,2023-06-17,2023-06-23,Completed,South
1775,340,11,2023-10-22,2023-10-28,Completed,West
1776,235,11,2024-03-24,2024-03-29,Completed,West
1777,485,3,2024-08-29,2024-08-31,Completed,West
1778,339,3,2023-05-21,2023-05-26,Completed,West
1779,475,8,2024-08-17,,Cancelled,East
1780,268,14,2024-06-19,2024-06-20,Completed,South
1781,175,15,2024-07-03,2024-07-10,Completed,West
1782,252,12,2023-03-23,2023-03-26,Completed,East
1783,408,12,2024-11-03,2024-11-08,Returned,East
1784,190,8,2023-06-01,,Cancelled,East
1785,385,4,2024-04-20,2024-04-21,Returned,East
1786,404,12,2023-03-23,2023-03-25,Completed,East
1787,444,10,2023-12-24,2023-12-26,Completed,South
1788,32,5,2023-11-03,2023-11-09,Completed,North
1789,469,8,2023-03-22,2023-03-28,Completed,East
1790,409,3,2024-12-22,2024-12-28,Completed,West
1791,341,6,2023-03-30,2023-04-02,Returned,South
1792,149,7,2024-02-07,2024-02-12,Returned,West
1793,467,4,2024-04-27,2024-04-29,Completed,East
1794,91,2,2024-01-22,2024-01-25,Completed,South
1795,18,1,2024-09-30,2024-10-04,Returned,North
1796,500,10,2023-05-08,2023-05-10,Completed,South
1797,5,10,2023-05-27,2023-05-31,Completed,South
1798,133,10,2024-04-09,2024-04-14,Completed,South
1799,295,4,2024-03-04,2024-03-08,Completed,East
1800,259,11,2024-09-20,,Cancelled,West
1801,434,8,2023-05-07,2023-05-10,Completed,East
1802,404,4,2024-01-28,2024-02-04,Completed,East
1803,303,1,2024-06-03,2024-06-05,Completed,North
1804,8,10,2023-04-07,2023-04-13,Completed,South
1805,468,4,2023-12-24,2023-12-29,Completed,East
1806,336,7,2023-08-27,2023-09-01,Completed,West
1807,237,5,2023-01-08,2023-01-15,Completed,North
1808,290,7,2023-06-13,2023-06-16,Completed,West
1809,366,10,2023-04-12,2023-04-14,Returned,South
1810,374,13,2023-06-04,2023-06-08,Returned,North
1811,254,8,2023-05-28,2023-05-31,Completed,East
1812,215,4,2023-04-21,,Cancelled,East
1813,196,12,2024-03-17,2024-03-23,Completed,East
1814,17,12,2023-12-10,2023-12-14,Completed,East
1815,239,13,2024-09-11,2024-09-12,Completed,North
1816,70,9,2024-07-30,2024-07-31,Completed,North
1817,277,15,2024-08-02,2024-08-08,Completed,West
1818,397,10,2024-02-22,2024-02-26,Completed,South
1819,414,3,2024-04-30,2024-05-04,Completed,West
1820,95,10,2023-05-28,2023-06-03,Completed,South
1821,140,8,2024-04-01,2024-04-03,Completed,East
1822,210,4,2024-10-29,2024-11-03,Completed,East
1823,277,11,2023-04-25,2023-04-26,Completed,West
1824,473,4,2023-06-24,2023-06-29,Completed,East
1825,346,15,2023-05-10,2023-05-14,Completed,West
1826,119,15,2024-11-04,,Cancelled,West
1827,17,8,2023-10-26,,Cancelled,East
1828,293,6,2024-02-07,,Cancelled,South
1829,138,12,2024-03-23,2024-03-27,Completed,East
1830,115,15,2023-11-23,2023-11-27,Completed,West
1831,103,14,2024-12-03,2024-12-05,Returned,South
1832,450,5,2023-08-12,2023-08-13,Completed,North
1833,193,4,2023-10-26,2023-11-01,Returned,East
1834,63,8,2023-05-02,2023-05-09,Completed,East
1835,197,5,2023-08-29,2023-09-04,Completed,North
1836,199,2,2024-07-08,2024-07-11,Returned,South
1837,21,1,2023-01-24,,Cancelled,North
1838,268,2,2023-11-22,2023-11-28,Completed,South
1839,97,11,2024-11-11,2024-11-12,Completed,West
1840,165,8,2024-08-11,,Cancelled,East
1841,28,2,2023-03-01,,Cancelled,South
1842,353,7,2023-05-22,2023-05-24,Returned,West
1843,455,2,2024-05-23,2024-05-29,Completed,South
1844,487,6,2023-12-19,2023-12-20,Completed,South
1845,318,2,2024-07-27,2024-08-01,Completed,South
1846,290,3,2023-10-21,2023-10-28,Returned,West
1847,28,2,2023-05-11,,Cancelled,South
1848,371,12,2023-06-29,2023-07-01,Completed,East
1849,385,8,2023-08-18,2023-08-25,Returned,East
1850,113,12,2023-11-04,2023-11-11,Completed,East
1851,171,6,2023-01-08,2023-01-12,Completed,South
1852,180,13,2023-03-27,2023-03-31,Completed,North
1853,343,6,2024-02-08,2024-02-09,Completed,South
1854,451,14,2024-02-23,,Cancelled,South
1855,31,6,2024-01-06,2024-01-07,Completed,South
1856,161,8,2023-08-03,2023-08-04,Completed,East
1857,173,15,2023-09-16,,Cancelled,West
1858,330,4,2023-05-07,2023-05-13,Completed,East
1859,158,4,2023-12-12,2023-12-17,Returned,East
1860,301,14,2024-07-03,2024-07-07,Completed,South
1861,160,7,2024-11-03,2024-11-06,Returned,West
1862,442,3,2023-05-02,2023-05-06,Returned,West
1863,487,14,2023-01-05,2023-01-09,Completed,South
1864,104,5,2023-03-05,2023-03-07,Returned,North
1865,424,12,2024-09-29,,Cancelled,East
1866,17,4,2023-08-03,2023-08-07,Completed,East
1867,255,12,2023-04-12,,Cancelled,East
1868,367,3,2024-06-03,2024-06-04,Completed,West
1869,106,13,2023-12-15,2023-12-18,Completed,North
1870,271,12,2024-03-30,,Cancelled,East
1871,307,2,2023-08-21,2023-08-22,Completed,South
1872,306,13,2023-09-15,2023-09-19,Completed,North
1873,174,4,2023-02-11,2023-02-15,Completed,East
1874,409,11,2024-07-14,2024-07-20,Completed,West
1875,445,9,2023-07-18,2023-07-20,Completed,North
1876,133,14,2024-11-13,2024-11-14,Completed,South
1877,357,5,2023-04-02,2023-04-03,Completed,North
1878,422,6,2024-02-02,2024-02-03,Completed,South
1879,384,2,2024-09-26,,Cancelled,South
1880,34,6,2023-01-25,2023-01-28,Completed,South
1881,415,4,2023-01-16,2023-01-23,Completed,East
1882,244,9,2024-07-17,2024-07-23,Completed,North
1883,282,4,2023-04-06,2023-04-09,Completed,East
1884,467,8,2024-03-06,2024-03-13,Completed,East
1885,242,7,2024-07-19,2024-07-22,Completed,West
1886,464,8,2024-05-19,2024-05-26,Completed,East
1887,191,15,2024-06-02,2024-06-05,Completed,West
1888,376,15,2023-01-20,2023-01-23,Completed,West
1889,19,11,2023-03-08,2023-03-09,Completed,West
1890,424,12,2024-04-19,2024-04-22,Completed,East
1891,163,8,2023-08-22,,Cancelled,East
1892,152,1,2023-11-05,,Cancelled,North
1893,171,10,2024-02-08,2024-02-13,Returned,South
1894,70,1,2024-04-01,2024-04-05,Returned,North
1895,107,14,2024-05-02,2024-05-08,Completed,South
1896,370,14,2024-09-13,2024-09-17,Completed,South
1897,471,13,2024-08-28,2024-08-30,Returned,North
1898,4,9,2023-01-27,2023-02-01,Returned,North
1899,306,13,2024-03-15,2024-03-22,Completed,North
1900,336,11,2024-02-26,2024-02-27,Completed,West
1901,301,2,2023-09-05,,Cancelled,South
1902,374,5,2023-07-04,2023-07-10,Completed,North
1903,390,3,2024-04-20,2024-04-26,Completed,West
1904,191,3,2023-10-23,2023-10-30,Completed,West
1905,439,5,2023-07-11,2023-07-13,Completed,North
1906,32,13,2024-07-13,2024-07-20,Completed,North
1907,472,7,2023-03-24,2023-03-26,Completed,West
1908,428,13,2023-07-07,2023-07-10,Completed,North
1909,3,7,2024-07-30,2024-08-05,Completed,West
1910,358,12,2023-08-13,2023-08-18,Returned,East
1911,441,3,2023-06-13,,Cancelled,West
1912,179,2,2023-11-02,,Cancelled,South
1913,284,12,2023-11-08,2023-11-10,Completed,East
1914,155,1,2024-03-04,2024-03-08,Returned,North
1915,367,3,2024-08-01,2024-08-06,Completed,West
1916,463,8,2023-11-03,2023-11-08,Completed,East
1917,294,2,2024-08-21,2024-08-23,Completed,South
1918,491,5,2023-09-08,2023-09-09,Completed,North
1919,413,11,2023-12-19,2023-12-20,Completed,West
1920,438,13,2024-08-17,,Cancelled,North
1921,436,7,2024-02-08,2024-02-13,Completed,West
1922,65,10,2023-10-04,2023-10-06,Completed,South
1923,202,11,2024-09-18,,Cancelled,West
1924,102,3,2024-05-07,2024-05-10,Completed,West
1925,48,5,2024-04-03,2024-04-08,Completed,North
1926,203,8,2023-03-19,2023-03-21,Returned,East
1927,370,14,2023-05-12,2023-05-19,Completed,South
1928,460,4,2024-12-19,2024-12-24,Completed,East
1929,162,4,2023-10-04,2023-10-06,Completed,East
1930,182,4,2023-11-22,2023-11-25,Completed,East
1931,54,9,2023-09-01,2023-09-08,Returned,North
1932,470,15,2024-10-15,2024-10-18,Completed,West
1933,420,8,2024-10-05,2024-10-08,Returned,East
1934,475,4,2023-11-06,,Cancelled,East
1935,286,13,2023-12-29,2024-01-01,Completed,North
1936,367,11,2024-03-19,2024-03-20,Completed,West
1937,278,5,2023-11-25,2023-11-29,Returned,North
1938,300,5,2024-01-07,2024-01-09,Completed,North
1939,94,8,2023-01-09,2023-01-14,Completed,East
1940,89,14,2023-07-13,,Cancelled,South
1941,45,8,2024-08-06,,Cancelled,East
1942,88,12,2024-03-30,2024-04-01,Completed,East
1943,245,11,2024-10-24,2024-10-25,Completed,West
1944,113,4,2024-01-15,2024-01-20,Completed,East
1945,487,6,2024-01-27,2024-02-02,Completed,South
1946,74,15,2024-05-12,2024-05-13,Returned,West
1947,145,5,2024-12-26,,Cancelled,North
1948,47,8,2024-03-11,2024-03-13,Returned,East
1949,7,11,2023-10-17,2023-10-18,Returned,West
1950,92,14,2024-04-26,2024-04-30,Returned,South
1951,93,3,2023-10-12,2023-10-19,Completed,West
1952,52,12,2024-07-17,2024-07-18,Completed,East
1953,316,6,2023-06-26,2023-07-02,Completed,South
1954,228,8,2023-10-01,2023-10-02,Completed,East
1955,292,4,2023-06-19,2023-06-26,Completed,East
1956,22,10,2024-12-05,2024-12-07,Completed,South
1957,305,10,2023-08-21,,Cancelled,South
1958,372,9,2023-08-29,2023-09-05,Completed,North
1959,400,6,2024-05-03,,Cancelled,South
1960,157,15,2024-10-25,2024-10-29,Returned,West
1961,259,11,2023-10-10,2023-10-14,Completed,West
1962,278,13,2024-10-29,2024-11-02,Completed,North
1963,474,3,2024-01-12,2024-01-15,Returned,West
1964,383,1,2023-03-03,2023-03-07,Completed,North
1965,431,13,2023-01-21,2023-01-23,Completed,North
1966,127,14,2023-10-01,2023-10-06,Completed,South
1967,109,3,2024-02-19,2024-02-25,Completed,West
1968,377,7,2024-03-06,2024-03-13,Completed,West
1969,169,6,2024-05-29,2024-06-04,Completed,South
1970,294,14,2023-07-29,2023-08-04,Completed,South
1971,13,10,2024-10-14,2024-10-21,Completed,South
1972,71,4,2023-05-01,2023-05-05,Returned,East
1973,392,3,2024-07-12,2024-07-18,Completed,West
1974,99,5,2024-06-05,,Cancelled,North
1975,477,7,2024-05-17,2024-05-22,Completed,West
1976,47,8,2023-01-07,,Cancelled,East
1977,357,5,2023-03-31,2023-04-07,Returned,North
1978,145,9,2024-08-02,,Cancelled,North
1979,189,9,2024-09-13,,Cancelled,North
1980,403,5,2023-02-25,2023-02-27,Returned,North
1981,213,14,2024-05-29,2024-06-02,Completed,South
1982,436,11,2024-08-17,2024-08-23,Returned,West
1983,103,14,2023-02-17,2023-02-21,Completed,South
1984,212,12,2023-11-02,2023-11-06,Completed,East
1985,323,12,2023-02-02,,Cancelled,East
1986,77,6,2024-09-07,2024-09-12,Completed,South
1987,386,2,2024-11-07,2024-11-11,Completed,South
1988,329,12,2024-04-23,2024-04-26,Returned,East
1989,2,8,2024-08-29,2024-08-30,Returned,East
1990,69,3,2023-09-03,,Cancelled,West
1991,388,7,2024-03-07,2024-03-13,Completed,West
1992,268,14,2023-01-07,2023-01-09,Completed,South
1993,477,7,2023-11-02,2023-11-08,Completed,West
1994,187,7,2023-01-10,2023-01-15,Completed,West
1995,68,10,2023-09-06,2023-09-09,Completed,South
1996,114,13,2023-09-19,,Cancelled,North
1997,405,11,2023-10-13,2023-10-14,Returned,West
1998,61,8,2024-08-06,2024-08-10,Completed,East
1999,78,6,2023-05-11,2023-05-15,Completed,South
2000,310,15,2023-10-18,,Cancelled,West
2001,159,12,2024-05-11,2024-05-13,Returned,East
2002,199,6,2023-06-19,2023-06-24,Completed,South
2003,486,15,2023-07-01,2023-07-04,Completed,West
2004,111,9,2024-07-20,2024-07-24,Returned,North
2005,63,4,2023-09-18,,Cancelled,East
2006,168,4,2024-09-09,,Cancelled,East
2007,6,3,2023-01-05,2023-01-08,Completed,West
2008,380,5,2023-02-04,2023-02-10,Completed,North
2009,9,4,2024-06-12,,Cancelled,East
2010,330,8,2024-11-18,2024-11-21,Completed,East
2011,318,6,2023-02-26,,Cancelled,South
2012,219,14,2024-09-15,2024-09-20,Completed,South
2013,439,9,2024-02-16,,Cancelled,North
2014,322,4,2024-04-04,,Cancelled,East
2015,159,4,2023-11-11,2023-11-14,Completed,East
2016,116,2,2024-11-03,2024-11-07,Completed,South
2017,329,4,2023-03-17,2023-03-20,Completed,East
2018,388,7,2023-02-16,2023-02-22,Completed,West
2019,248,6,2023-08-04,2023-08-05,Completed,South
2020,434,8,2023-10-21,,Cancelled,East
2021,221,3,2024-03-30,2024-04-04,Returned,West
2022,399,12,2023-03-15,2023-03-21,Completed,East
2023,46,13,2024-12-12,2024-12-18,Completed,North
2024,181,14,2023-07-17,2023-07-18,Completed,South
2025,1,9,2023-12-21,,Cancelled,North
2026,459,13,2023-09-24,2023-09-30,Completed,North
2027,146,1,2024-08-24,2024-08-31,Completed,North
2028,458,8,2023-05-01,,Cancelled,East
2029,412,1,2024-11-28,2024-12-03,Completed,North
2030,486,11,2024-10-05,2024-10-11,Returned,West
2031,277,3,2023-06-05,2023-06-08,Completed,West
2032,355,13,2024-12-27,,Cancelled,North
2033,103,2,2023-07-14,,Cancelled,South
2034,495,15,2023-02-13,,Cancelled,West
2035,277,11,2023-08-16,2023-08-17,Completed,West
2036,50,9,2024-07-04,2024-07-09,Completed,North
2037,305,14,2023-02-03,2023-02-07,Completed,South
2038,348,2,2024-05-02,2024-05-05,Completed,South
2039,459,5,2023-03-23,2023-03-30,Completed,North
2040,38,11,2023-09-07,,Cancelled,West
2041,128,8,2024-12-20,,Cancelled,East
2042,192,14,2024-07-22,2024-07-23,Completed,South
2043,476,1,2024-02-07,2024-02-08,Completed,North
2044,325,15,2023-09-30,2023-10-05,Completed,West
2045,23,1,2023-06-18,2023-06-25,Completed,North
2046,312,9,2023-12-14,2023-12-20,Completed,North
2047,306,9,2023-08-25,2023-08-30,Completed,North
2048,23,5,2024-04-19,2024-04-26,Completed,North
2049,286,9,2024-12-11,2024-12-14,Completed,North
2050,288,4,2024-07-15,,Cancelled,East
2051,407,12,2024-01-15,2024-01-16,Completed,East
2052,159,12,2024-03-09,2024-03-13,Completed,East
2053,79,15,2024-02-20,2024-02-22,Completed,West
2054,14,4,2024-01-19,2024-01-25,Completed,East
2055,348,2,2024-03-09,2024-03-16,Completed,South
2056,178,12,2024-03-26,,Cancelled,East
2057,131,11,2023-03-18,2023-03-20,Completed,West
2058,50,9,2024-12-12,2024-12-17,Completed,North
2059,294,2,2024-10-20,,Cancelled,South
2060,121,7,2023-11-27,2023-12-02,Returned,West
2061,396,7,2023-09-06,2023-09-12,Returned,West
2062,96,6,2023-01-27,,Cancelled,South
2063,246,5,2024-11-29,2024-12-01,Completed,North
2064,317,6,2023-09-22,2023-09-26,Completed,South
2065,352,6,2023-01-23,,Cancelled,South
2066,217,12,2023-07-13,2023-07-20,Completed,East
2067,254,12,2023-03-14,,Cancelled,East
2068,420,8,2023-03-28,2023-04-04,Completed,East
2069,354,3,2023-07-26,,Cancelled,West
2070,126,7,2024-11-20,2024-11-22,Completed,West
2071,213,2,2024-02-12,2024-02-15,Completed,South
2072,172,10,2023-06-23,,Cancelled,South
2073,153,12,2023-02-24,2023-02-28,Completed,East
2074,233,14,2023-05-22,2023-05-27,Completed,South
2075,8,2,2023-09-08,2023-09-12,Returned,South
2076,485,15,2023-03-14,2023-03-19,Completed,West
2077,249,11,2024-09-04,2024-09-07,Completed,West
2078,422,14,2024-03-22,2024-03-24,Completed,South
2079,52,4,2023-04-14,2023-04-20,Completed,East
2080,316,10,2024-07-29,2024-07-31,Completed,South
2081,466,6,2024-08-28,,Cancelled,South
2082,259,15,2023-03-07,,Cancelled,West
2083,280,15,2023-03-01,2023-03-07,Completed,West
2084,371,8,2024-08-12,2024-08-15,Returned,East
2085,220,14,2024-09-30,2024-10-05,Completed,South
2086,26,2,2024-08-10,2024-08-14,Completed,South
2087,4,1,2024-03-04,2024-03-07,Completed,North
2088,475,12,2024-02-13,2024-02-16,Completed,East
2089,3,3,2023-02-23,2023-02-28,Completed,West
2090,196,8,2023-09-19,2023-09-20,Completed,East
2091,395,15,2023-10-31,2023-11-02,Completed,West
2092,263,7,2023-11-22,2023-11-29,Completed,West
2093,11,7,2024-02-23,2024-02-24,Completed,West
2094,89,2,2024-12-11,2024-12-17,Completed,South
2095,274,5,2023-02-01,,Cancelled,North
2096,327,4,2024-09-13,2024-09-18,Completed,East
2097,57,5,2024-01-07,2024-01-12,Completed,North
2098,385,12,2024-05-18,2024-05-23,Completed,East
2099,328,12,2023-08-17,,Cancelled,East
2100,222,1,2023-06-22,2023-06-27,Returned,North
2101,500,6,2023-12-07,,Cancelled,South
2102,117,3,2024-07-31,2024-08-04,Returned,West
2103,263,15,2023-10-01,2023-10-06,Returned,West
2104,164,13,2024-12-14,,Cancelled,North
2105,378,11,2024-07-15,2024-07-21,Completed,West
2106,99,1,2024-01-29,2024-01-31,Completed,North
2107,473,4,2024-04-24,,Cancelled,East
2108,289,11,2024-02-29,,Cancelled,West
2109,121,7,2024-04-16,2024-04-18,Returned,West
2110,485,3,2023-06-05,2023-06-07,Completed,West
2111,327,8,2023-02-26,2023-03-03,Returned,East
2112,255,8,2023-11-18,2023-11-23,Completed,East
2113,320,2,2024-04-08,2024-04-10,Returned,South
2114,190,12,2024-09-15,2024-09-21,Returned,East
2115,269,4,2023-06-09,2023-06-15,Completed,East
2116,324,8,2023-04-01,,Cancelled,East
2117,405,15,2024-11-02,2024-11-07,Completed,West
2118,469,8,2024-02-02,2024-02-09,Returned,East
2119,233,6,2023-08-13,2023-08-20,Completed,South
2120,458,4,2023-08-18,2023-08-24,Completed,East
2121,168,8,2024-06-07,,Cancelled,East
2122,121,3,2023-06-24,2023-06-26,Returned,West
2123,324,4,2024-11-28,2024-12-02,Completed,East
2124,48,13,2024-09-24,,Cancelled,North
2125,189,5,2023-04-18,2023-04-21,Completed,North
2126,334,3,2023-06-06,2023-06-12,Completed,West
2127,385,8,2024-06-30,,Cancelled,East
2128,328,8,2024-04-06,,Cancelled,East
2129,150,11,2024-02-26,2024-03-02,Completed,West
2130,222,5,2023-05-18,,Cancelled,North
2131,484,15,2024-01-10,2024-01-16,Completed,West
2132,54,13,2024-07-26,2024-07-28,Returned,North
2133,170,11,2024-12-23,2024-12-26,Returned,West
2134,193,12,2024-01-17,2024-01-22,Completed,East
2135,485,15,2023-08-01,2023-08-04,Completed,West
2136,333,1,2024-10-04,2024-10-07,Completed,North
2137,2,8,2023-01-14,2023-01-16,Completed,East
2138,290,3,2024-10-23,2024-10-24,Completed,West
2139,358,4,2024-12-23,,Cancelled,East
2140,415,12,2023-05-09,,Cancelled,East
2141,372,13,2024-12-25,2024-12-26,Completed,North
2142,383,13,2024-03-01,2024-03-05,Completed,North
2143,383,13,2023-09-04,2023-09-06,Completed,North
2144,349,6,2023-10-03,,Cancelled,South
2145,225,13,2024-07-21,2024-07-25,Completed,North
2146,156,9,2024-02-18,2024-02-21,Completed,North
2147,436,15,2024-01-05,2024-01-08,Completed,West
2148,197,5,2024-05-16,2024-05-20,Completed,North
2149,325,11,2023-12-31,,Cancelled,West
2150,436,11,2023-04-05,2023-04-10,Completed,West
2151,166,3,2023-07-03,2023-07-10,Returned,West
2152,205,8,2023-05-25,2023-05-30,Completed,East
2153,34,10,2024-01-05,2024-01-09,Completed,South
2154,298,5,2023-06-02,2023-06-03,Completed,North
2155,270,15,2024-08-26,2024-08-28,Completed,West
2156,8,10,2023-10-20,2023-10-24,Completed,South
2157,371,12,2024-07-02,2024-07-04,Completed,East
2158,44,8,2023-04-05,2023-04-08,Completed,East
2159,54,1,2024-05-12,,Cancelled,North
2160,24,15,2024-10-08,,Cancelled,West
2161,429,3,2023-05-27,2023-06-03,Completed,West
2162,362,5,2023-01-13,2023-01-14,Completed,North
2163,95,14,2023-12-10,2023-12-16,Returned,South
2164,149,7,2023-01-28,2023-02-01,Completed,West
2165,218,5,2023-07-30,2023-08-04,Returned,North
2166,164,5,2024-08-24,2024-08-26,Completed,North
2167,492,1,2023-03-19,2023-03-26,Completed,North
2168,52,4,2023-08-22,2023-08-24,Returned,East
2169,172,14,2024-11-26,2024-11-29,Completed,South
2170,396,11,2024-09-16,2024-09-20,Completed,West
2171,263,15,2024-03-15,2024-03-18,Completed,West
2172,385,8,2024-10-13,2024-10-17,Returned,East
2173,319,8,2023-08-26,2023-08-30,Completed,East
2174,492,13,2024-01-15,2024-01-20,Completed,North
2175,492,5,2024-01-14,2024-01-21,Completed,North
2176,154,3,2023-09-30,2023-10-07,Completed,West
2177,399,8,2024-02-08,2024-02-14,Completed,East
2178,391,12,2024-08-13,,Cancelled,East
2179,153,4,2023-12-13,2023-12-14,Completed,East
2180,166,11,2023-08-06,2023-08-09,Returned,West
2181,276,4,2023-10-31,,Cancelled,East
2182,485,3,2023-04-14,2023-04-21,Completed,West
2183,255,4,2024-04-30,2024-05-04,Completed,East
2184,483,2,2023-10-08,,Cancelled,South
2185,68,2,2023-10-20,2023-10-27,Completed,South
2186,166,11,2023-05-28,2023-06-02,Returned,West
2187,470,7,2024-09-04,2024-09-08,Completed,West
2188,111,13,2024-08-09,2024-08-14,Completed,North
2189,329,8,2024-12-20,2024-12-26,Completed,East
2190,350,6,2023-08-12,2023-08-14,Completed,South
2191,56,4,2023-12-25,,Cancelled,East
2192,127,10,2024-08-22,2024-08-29,Completed,South
2193,140,8,2023-08-09,2023-08-15,Completed,East
2194,280,11,2023-04-01,2023-04-02,Returned,West
2195,308,5,2023-02-08,2023-02-11,Completed,North
2196,500,10,2024-08-15,2024-08-21,Returned,South
2197,435,8,2024-11-02,2024-11-03,Completed,East
2198,469,12,2023-02-03,2023-02-04,Returned,East
2199,63,4,2023-09-22,,Cancelled,East
2200,218,1,2024-12-13,2024-12-18,Completed,North
2201,106,13,2023-03-02,2023-03-05,Completed,North
2202,350,10,2023-01-17,2023-01-20,Completed,South
2203,236,12,2023-11-03,2023-11-05,Completed,East
2204,151,14,2023-07-12,,Cancelled,South
2205,20,14,2023-11-05,,Cancelled,South
2206,401,10,2023-06-23,2023-06-29,Completed,South
2207,122,3,2023-12-10,2023-12-13,Completed,West
2208,222,5,2024-02-02,2024-02-06,Completed,North
2209,160,3,2023-01-03,2023-01-09,Completed,West
2210,361,12,2023-10-10,,Cancelled,East
2211,16,10,2023-04-19,,Cancelled,South
2212,454,6,2023-07-08,2023-07-14,Completed,South
2213,207,7,2024-10-31,2024-11-04,Completed,West
2214,151,10,2023-04-24,2023-04-25,Completed,South
2215,2,12,2024-02-26,2024-03-02,Completed,East
2216,249,7,2024-07-03,2024-07-04,Completed,West
2217,283,5,2023-07-05,2023-07-10,Completed,North
2218,444,6,2024-06-22,2024-06-25,Completed,South
2219,411,1,2023-08-22,2023-08-29,Completed,North
2220,178,12,2023-01-31,2023-02-02,Completed,East
2221,406,8,2023-10-24,2023-10-30,Completed,East
2222,475,12,2023-01-18,2023-01-19,Completed,East
2223,447,4,2024-06-06,2024-06-12,Completed,East
2224,19,7,2023-03-29,2023-04-03,Returned,West
2225,329,12,2023-01-26,2023-01-28,Returned,East
2226,477,7,2024-02-17,,Cancelled,West
2227,166,11,2024-05-19,2024-05-24,Completed,West
2228,309,14,2024-08-03,2024-08-04,Returned,South
2229,35,12,2023-02-19,2023-02-22,Completed,East
2230,213,2,2023-08-17,2023-08-23,Completed,South
2231,30,6,2024-01-02,2024-01-08,Completed,South
2232,246,13,2024-09-22,,Cancelled,North
2233,236,8,2023-07-04,2023-07-11,Completed,East
2234,95,6,2023-05-25,2023-05-27,Completed,South
2235,233,6,2023-11-12,2023-11-18,Completed,South
2236,162,8,2023-10-16,,Cancelled,East
2237,289,15,2023-01-16,2023-01-19,Completed,West
2238,337,7,2024-09-27,2024-10-03,Completed,West
2239,269,8,2023-08-20,2023-08-23,Completed,East
2240,223,14,2023-07-08,2023-07-13,Returned,South
2241,249,11,2023-06-10,,Cancelled,West
2242,238,5,2023-05-03,2023-05-09,Completed,North
2243,244,1,2024-02-10,2024-02-12,Completed,North
2244,155,9,2023-01-08,2023-01-10,Completed,North
2245,300,1,2023-04-19,,Cancelled,North
2246,251,13,2023-03-28,,Cancelled,North
2247,12,4,2024-12-26,,Cancelled,East
2248,253,3,2024-06-10,2024-06-13,Returned,West
2249,147,10,2023-08-11,2023-08-17,Completed,South
2250,146,9,2024-01-21,2024-01-25,Completed,North
2251,101,1,2023-03-24,2023-03-28,Returned,North
2252,402,5,2024-07-21,2024-07-28,Completed,North
2253,80,4,2023-09-09,2023-09-15,Completed,East
2254,281,15,2023-01-25,2023-01-31,Completed,West
2255,300,5,2023-03-15,2023-03-19,Completed,North
2256,434,4,2024-09-12,2024-09-14,Completed,East
2257,126,15,2023-12-11,2023-12-16,Completed,West
2258,224,9,2024-09-05,2024-09-11,Returned,North
2259,411,13,2024-02-27,2024-03-03,Completed,North
2260,471,5,2023-02-12,2023-02-13,Completed,North
2261,150,7,2024-03-17,2024-03-24,Completed,West
2262,94,8,2023-11-20,2023-11-22,Completed,East
2263,477,15,2024-09-20,2024-09-24,Completed,West
2264,148,12,2024-01-12,2024-01-13,Completed,East
2265,215,8,2024-01-28,,Cancelled,East
2266,253,7,2024-09-03,2024-09-09,Completed,West
2267,38,7,2024-08-12,2024-08-15,Completed,West
2268,439,1,2023-10-21,2023-10-25,Completed,North
2269,118,7,2023-04-06,2023-04-10,Completed,West
2270,29,11,2023-11-21,2023-11-27,Completed,West
2271,72,14,2023-07-25,2023-07-26,Completed,South
2272,421,1,2024-11-23,,Cancelled,North
2273,386,6,2024-03-09,2024-03-15,Completed,South
2274,5,10,2024-10-17,2024-10-20,Returned,South
2275,144,12,2023-02-23,2023-03-02,Completed,East
2276,477,7,2024-01-19,2024-01-26,Completed,West
2277,150,15,2023-04-23,2023-04-26,Completed,West
2278,488,12,2024-06-05,,Cancelled,East
2279,35,4,2023-10-16,2023-10-19,Completed,East
2280,39,12,2023-08-07,2023-08-09,Completed,East
2281,112,14,2023-11-14,2023-11-17,Completed,South
2282,477,11,2024-01-26,2024-01-30,Completed,West
2283,135,3,2023-04-04,,Cancelled,West
2284,53,13,2024-09-12,,Cancelled,North
2285,188,12,2024-02-03,2024-02-10,Completed,East
2286,212,4,2024-05-02,2024-05-08,Completed,East
2287,330,12,2023-03-10,,Cancelled,East
2288,127,6,2023-10-17,2023-10-21,Completed,South
2289,417,10,2024-03-11,2024-03-16,Completed,South
2290,92,14,2024-01-29,2024-02-03,Completed,South
2291,364,2,2023-06-18,2023-06-20,Completed,South
2292,275,13,2023-05-09,2023-05-16,Returned,North
2293,285,12,2023-06-20,2023-06-27,Completed,East
2294,376,15,2024-10-30,,Cancelled,West
2295,367,11,2023-05-25,2023-05-28,Completed,West
2296,49,14,2023-05-04,2023-05-09,Returned,South
2297,21,13,2024-06-20,2024-06-22,Completed,North
2298,484,7,2024-11-21,2024-11-27,Completed,West
2299,39,8,2023-09-07,,Cancelled,East
2300,355,9,2024-05-04,2024-05-06,Returned,North
2301,360,3,2023-02-14,2023-02-18,Completed,West
2302,206,11,2024-07-27,,Cancelled,West
2303,443,6,2023-08-14,2023-08-17,Completed,South
2304,146,13,2024-04-28,,Cancelled,North
2305,125,14,2024-10-10,2024-10-17,Completed,South
2306,72,14,2024-03-09,2024-03-11,Completed,South
2307,462,7,2024-05-25,2024-05-27,Returned,West
2308,341,2,2023-03-30,2023-04-05,Completed,South
2309,450,1,2024-02-15,2024-02-17,Returned,North
2310,164,13,2024-11-02,2024-11-06,Completed,North
2311,20,2,2024-06-22,,Cancelled,South
2312,2,8,2024-06-28,2024-06-30,Completed,East
2313,451,6,2024-10-01,2024-10-02,Returned,South
2314,228,8,2024-03-10,2024-03-12,Completed,East
2315,35,8,2024-08-08,2024-08-15,Completed,East
2316,179,6,2024-11-21,2024-11-23,Returned,South
2317,255,4,2024-09-11,2024-09-16,Completed,East
2318,120,15,2024-02-22,2024-02-29,Returned,West
2319,444,2,2024-06-05,2024-06-09,Completed,South
2320,464,12,2024-11-13,2024-11-14,Completed,East
2321,83,13,2024-02-16,2024-02-21,Completed,North
2322,426,3,2024-08-06,2024-08-12,Returned,West
2323,87,6,2024-07-17,2024-07-22,Returned,South
2324,299,6,2023-11-22,,Cancelled,South
2325,319,8,2024-05-06,2024-05-08,Completed,East
2326,273,4,2023-11-21,2023-11-22,Completed,East
2327,97,3,2023-05-23,,Cancelled,West
2328,59,11,2024-06-22,2024-06-23,Completed,West
2329,3,7,2023-09-26,2023-10-01,Completed,West
2330,238,1,2024-10-03,2024-10-09,Completed,North
2331,101,1,2023-05-07,2023-05-13,Completed,North
2332,428,1,2024-05-20,2024-05-22,Completed,North
2333,77,6,2023-06-15,2023-06-22,Completed,South
2334,197,5,2023-02-12,2023-02-19,Completed,North
2335,413,15,2024-01-08,2024-01-12,Completed,West
2336,201,11,2024-02-22,2024-02-29,Returned,West
2337,131,11,2023-03-09,2023-03-13,Completed,West
2338,288,12,2023-08-23,2023-08-26,Returned,East
2339,79,3,2024-11-09,2024-11-13,Completed,West
2340,210,12,2024-07-28,2024-08-03,Completed,East
2341,13,10,2023-11-23,2023-11-26,Completed,South
2342,138,8,2024-04-19,2024-04-25,Completed,East
2343,144,4,2024-09-09,2024-09-14,Completed,East
2344,117,15,2023-05-26,,Cancelled,West
2345,33,14,2023-05-22,2023-05-27,Completed,South
2346,337,7,2024-07-29,2024-08-01,Completed,West
2347,136,6,2023-08-18,2023-08-23,Completed,South
2348,15,8,2023-06-20,2023-06-23,Completed,East
2349,431,13,2023-07-07,2023-07-10,Returned,North
2350,187,15,2023-08-17,,Cancelled,West
2351,489,1,2023-09-23,2023-09-30,Returned,North
2352,462,11,2023-12-19,2023-12-22,Completed,West
2353,96,2,2024-03-01,2024-03-03,Completed,South
2354,342,9,2024-05-02,2024-05-06,Completed,North
2355,15,12,2023-09-21,,Cancelled,East
2356,82,2,2024-08-26,,Cancelled,South
2357,43,12,2024-03-17,2024-03-18,Completed,East
2358,382,8,2023-03-02,2023-03-05,Completed,East
2359,316,6,2023-05-09,2023-05-15,Returned,South
2360,491,1,2023-11-12,,Cancelled,North
2361,312,5,2024-02-15,2024-02-18,Completed,North
2362,90,6,2023-04-20,2023-04-23,Completed,South
2363,95,2,2023-04-23,2023-04-26,Returned,South
2364,436,7,2024-10-24,2024-10-26,Completed,West
2365,348,2,2023-11-25,2023-11-29,Completed,South
2366,65,14,2023-12-14,2023-12-18,Completed,South
2367,351,3,2023-02-24,2023-03-01,Returned,West
2368,403,9,2024-03-29,2024-04-04,Completed,North
2369,1,13,2024-10-20,2024-10-23,Completed,North
2370,131,11,2023-11-22,2023-11-23,Completed,West
2371,287,13,2024-07-22,,Cancelled,North
2372,482,10,2024-10-15,2024-10-16,Completed,South
2373,25,5,2024-10-26,2024-10-29,Completed,North
2374,209,14,2024-11-26,2024-11-29,Completed,South
2375,404,8,2024-07-08,,Cancelled,East
2376,426,7,2024-04-02,2024-04-03,Completed,West
2377,125,6,2023-10-15,2023-10-16,Completed,South
2378,77,2,2023-04-11,2023-04-16,Completed,South
2379,379,5,2024-12-02,2024-12-03,Returned,North
2380,342,1,2024-10-26,2024-10-30,Returned,North
2381,262,12,2024-12-24,2024-12-30,Completed,East
2382,495,15,2023-01-10,2023-01-11,Completed,West
2383,235,3,2024-06-25,2024-06-26,Completed,West
2384,319,8,2024-10-20,2024-10-23,Completed,East
2385,174,8,2023-04-28,,Cancelled,East
2386,229,12,2024-12-01,2024-12-07,Completed,East
2387,473,8,2024-07-10,2024-07-11,Completed,East
2388,383,9,2023-02-17,2023-02-23,Completed,North
2389,155,9,2024-02-05,2024-02-07,Completed,North
2390,153,4,2024-10-03,2024-10-04,Returned,East
2391,216,7,2024-03-01,2024-03-05,Completed,West
2392,161,8,2024-07-05,,Cancelled,East
2393,143,6,2024-05-13,2024-05-18,Returned,South
2394,296,4,2023-05-29,2023-06-03,Returned,East
2395,479,1,2024-01-28,2024-02-02,Completed,North
2396,381,6,2024-08-15,2024-08-16,Completed,South
2397,229,12,2024-08-20,2024-08-26,Completed,East
2398,347,14,2024-06-22,,Cancelled,South
2399,30,10,2023-06-15,2023-06-16,Completed,South
2400,318,2,2023-01-10,2023-01-11,Completed,South
2401,306,13,2024-01-11,2024-01-15,Completed,North
2402,157,15,2023-08-12,2023-08-17,Completed,West
2403,270,3,2024-02-06,,Cancelled,West
2404,40,14,2024-05-20,2024-05-22,Completed,South
2405,472,3,2023-09-05,2023-09-09,Completed,West
2406,345,6,2024-09-07,2024-09-13,Completed,South
2407,349,2,2023-06-06,2023-06-13,Completed,South
2408,415,8,2023-03-13,,Cancelled,East
2409,445,13,2023-07-03,2023-07-10,Completed,North
2410,278,13,2023-08-27,,Cancelled,North
2411,49,10,2024-02-03,2024-02-10,Completed,South
2412,459,13,2024-09-04,2024-09-09,Completed,North
2413,238,5,2024-10-06,2024-10-12,Completed,North
2414,444,6,2024-12-20,2024-12-24,Completed,South
2415,450,5,2023-08-09,,Cancelled,North
2416,151,2,2024-12-24,2024-12-27,Completed,South
2417,353,7,2023-03-04,2023-03-10,Completed,West
2418,462,3,2023-04-07,,Cancelled,West
2419,138,4,2023-10-31,,Cancelled,East
2420,358,12,2023-11-12,2023-11-16,Completed,East
2421,214,8,2023-01-09,,Cancelled,East
2422,34,6,2024-04-23,2024-04-26,Completed,South
2423,261,4,2024-01-30,2024-02-05,Completed,East
2424,197,9,2024-09-23,2024-09-25,Completed,North
2425,365,8,2024-03-19,,Cancelled,East
2426,48,1,2024-10-02,,Cancelled,North
2427,65,10,2024-10-31,2024-11-07,Returned,South
2428,382,4,2023-10-04,2023-10-06,Completed,East
2429,488,4,2023-09-21,2023-09-25,Completed,East
2430,223,10,2023-10-22,2023-10-25,Completed,South
2431,284,8,2023-12-18,2023-12-22,Completed,East
2432,463,12,2024-09-28,2024-10-03,Completed,East
2433,146,9,2023-08-03,2023-08-08,Completed,North
2434,169,2,2023-09-22,2023-09-23,Completed,South
2435,70,13,2023-08-06,2023-08-09,Completed,North
2436,9,8,2024-12-18,2024-12-22,Completed,East
2437,27,3,2023-09-25,,Cancelled,West
2438,246,9,2024-03-04,2024-03-10,Completed,North
2439,50,13,2024-05-18,2024-05-21,Returned,North
2440,313,15,2024-08-12,,Cancelled,West
2441,210,12,2024-08-13,2024-08-17,Completed,East
2442,426,7,2023-12-06,2023-12-07,Completed,West
2443,252,8,2023-06-26,2023-07-03,Completed,East
2444,126,15,2024-07-26,2024-08-01,Completed,West
2445,296,8,2024-09-07,2024-09-08,Completed,East
2446,76,15,2024-04-15,2024-04-20,Completed,West
2447,217,4,2023-09-17,2023-09-23,Completed,East
2448,379,5,2023-08-27,2023-09-01,Completed,North
2449,114,9,2024-03-26,2024-03-30,Returned,North
2450,452,5,2023-05-08,2023-05-11,Completed,North
2451,199,6,2024-02-06,2024-02-11,Completed,South
2452,402,13,2024-01-19,,Cancelled,North
2453,301,10,2023-07-14,2023-07-20,Completed,South
2454,145,1,2023-09-29,2023-09-30,Completed,North
2455,163,8,2023-08-01,2023-08-08,Returned,East
2456,368,1,2024-08-07,2024-08-13,Completed,North
2457,204,9,2024-06-02,2024-06-04,Completed,North
2458,126,11,2023-07-04,2023-07-11,Completed,West
2459,15,12,2023-03-22,2023-03-23,Completed,East
2460,40,2,2024-09-06,2024-09-13,Returned,South
2461,206,15,2023-03-20,2023-03-26,Completed,West
2462,1,9,2024-04-17,2024-04-22,Returned,North
2463,69,11,2024-02-18,2024-02-23,Completed,West
2464,120,7,2023-01-04,2023-01-06,Returned,West
2465,430,8,2024-11-27,2024-12-02,Completed,East
2466,193,4,2023-11-12,2023-11-15,Completed,East
2467,234,8,2023-11-06,2023-11-07,Completed,East
2468,477,7,2023-08-20,,Cancelled,West
2469,49,6,2023-04-03,2023-04-06,Completed,South
2470,73,11,2024-06-10,2024-06-12,Completed,West
2471,480,9,2024-10-15,2024-10-21,Completed,North
2472,168,8,2024-09-29,,Cancelled,East
2473,156,1,2023-06-24,,Cancelled,North
2474,106,1,2024-08-24,2024-08-27,Completed,North
2475,29,7,2024-06-29,2024-07-06,Completed,West
2476,53,9,2024-08-11,2024-08-17,Completed,North
2477,33,10,2023-06-08,2023-06-10,Completed,South
2478,452,9,2024-01-07,2024-01-14,Completed,North
2479,20,6,2023-03-02,2023-03-05,Completed,South
2480,46,1,2023-02-18,,Cancelled,North
2481,454,10,2023-05-03,,Cancelled,South
2482,440,10,2023-12-16,2023-12-17,Completed,South
2483,195,3,2023-01-18,2023-01-25,Completed,West
2484,275,5,2024-03-03,,Cancelled,North
2485,476,13,2023-06-24,2023-07-01,Returned,North
2486,294,2,2023-01-04,2023-01-07,Completed,South
2487,283,13,2023-02-20,2023-02-22,Returned,North
2488,287,9,2024-09-22,2024-09-28,Completed,North
2489,75,11,2023-04-01,2023-04-04,Completed,West
2490,12,12,2023-05-31,2023-06-05,Returned,East
2491,401,10,2023-11-04,2023-11-07,Completed,South
2492,300,9,2024-03-22,2024-03-28,Completed,North
2493,264,12,2024-05-18,,Cancelled,East
2494,338,1,2024-03-02,2024-03-04,Returned,North
2495,445,5,2024-07-23,2024-07-24,Completed,North
2496,8,6,2024-06-05,2024-06-07,Completed,South
2497,87,10,2023-11-12,2023-11-17,Completed,South
2498,375,4,2024-01-06,2024-01-09,Completed,East
2499,170,7,2023-05-10,2023-05-16,Returned,West
2500,195,7,2024-08-30,2024-09-02,Completed,West
2501,275,1,2023-04-24,,Cancelled,North
2502,460,12,2024-06-10,2024-06-14,Completed,East
2503,486,15,2023-10-13,2023-10-20,Completed,West
2504,244,9,2023-05-31,2023-06-02,Completed,North
2505,322,4,2024-05-30,2024-06-04,Returned,East
2506,455,6,2024-03-14,2024-03-17,Completed,South
2507,317,14,2024-03-10,2024-03-13,Completed,South
2508,393,8,2024-10-18,2024-10-21,Completed,East
2509,272,13,2023-09-01,2023-09-02,Returned,North
2510,378,7,2023-03-04,2023-03-08,Completed,West
2511,244,5,2023-06-26,2023-06-28,Completed,North
2512,396,7,2024-05-06,2024-05-10,Completed,West
2513,224,1,2023-03-26,2023-04-02,Returned,North
2514,101,9,2024-07-20,2024-07-21,Completed,North
2515,249,3,2023-12-21,2023-12-24,Completed,West
2516,315,15,2024-05-11,2024-05-17,Completed,West
2517,294,2,2023-04-20,,Cancelled,South
2518,321,7,2024-05-28,2024-06-03,Completed,West
2519,497,11,2024-10-26,2024-10-28,Returned,West
2520,282,4,2023-04-02,2023-04-06,Completed,East
2521,245,11,2023-10-23,2023-10-27,Returned,West
2522,398,2,2024-05-07,2024-05-08,Completed,South
2523,234,8,2024-01-19,2024-01-20,Completed,East
2524,310,7,2023-12-14,2023-12-20,Completed,West
2525,278,5,2024-06-16,2024-06-23,Returned,North
2526,140,8,2024-03-31,2024-04-03,Completed,East
2527,333,5,2024-10-15,2024-10-17,Completed,North
2528,137,1,2024-05-13,2024-05-19,Completed,North
2529,304,8,2024-04-22,2024-04-23,Completed,East
2530,330,8,2024-04-18,2024-04-25,Completed,East
2531,37,9,2024-12-11,,Cancelled,North
2532,332,14,2023-11-13,2023-11-17,Completed,South
2533,122,7,2024-07-03,2024-07-06,Completed,West
2534,427,14,2024-01-06,,Cancelled,South
2535,23,5,2024-06-27,2024-07-03,Completed,North
2536,86,7,2023-08-07,2023-08-13,Returned,West
2537,500,14,2024-10-10,2024-10-11,Returned,South
2538,179,10,2024-08-08,2024-08-09,Completed,South
2539,63,8,2023-01-27,2023-02-01,Completed,East
2540,19,15,2024-04-16,,Cancelled,West
2541,161,12,2023-04-11,2023-04-17,Completed,East
2542,282,12,2024-03-10,2024-03-14,Completed,East
2543,451,10,2024-12-21,,Cancelled,South
2544,411,9,2023-04-20,2023-04-25,Completed,North
2545,25,13,2023-11-14,2023-11-18,Completed,North
2546,396,15,2024-03-28,2024-04-03,Completed,West
2547,397,14,2024-01-09,,Cancelled,South
2548,93,15,2023-08-31,2023-09-04,Returned,West
2549,481,2,2023-04-01,2023-04-07,Completed,South
2550,337,7,2023-11-27,2023-12-04,Completed,West
2551,202,11,2024-04-07,2024-04-13,Completed,West
2552,147,2,2023-04-23,,Cancelled,South
2553,436,11,2023-03-29,2023-04-02,Completed,West
2554,354,7,2024-03-31,2024-04-04,Returned,West
2555,69,7,2023-01-29,2023-02-01,Completed,West
2556,57,5,2024-03-29,2024-04-03,Completed,North
2557,247,13,2023-10-26,2023-10-30,Completed,North
2558,216,15,2024-03-21,2024-03-26,Completed,West
2559,2,8,2024-03-07,2024-03-11,Returned,East
2560,491,1,2024-05-25,2024-05-26,Completed,North
2561,257,13,2024-08-11,2024-08-12,Completed,North
2562,169,14,2023-09-20,,Cancelled,South
2563,350,2,2024-02-01,2024-02-08,Completed,South
2564,8,6,2023-11-02,2023-11-05,Completed,South
2565,350,2,2023-05-07,,Cancelled,South
2566,294,2,2023-07-12,2023-07-17,Completed,South
2567,90,2,2023-12-07,2023-12-08,Completed,South
2568,488,4,2024-02-16,2024-02-18,Completed,East
2569,363,14,2024-01-11,2024-01-16,Completed,South
2570,102,11,2024-07-12,2024-07-19,Completed,West
2571,230,5,2023-12-01,2023-12-05,Completed,North
2572,14,4,2023-03-25,2023-03-26,Completed,East
2573,97,3,2024-08-08,2024-08-11,Completed,West
2574,359,3,2023-07-16,2023-07-19,Completed,West
2575,169,2,2024-02-06,2024-02-11,Completed,South
2576,123,14,2024-01-30,,Cancelled,South
2577,5,14,2023-10-14,2023-10-17,Completed,South
2578,328,8,2023-08-31,2023-09-02,Completed,East
2579,468,8,2023-09-28,2023-09-29,Completed,East
2580,460,12,2023-02-14,,Cancelled,East
2581,11,11,2023-10-24,2023-10-28,Completed,West
2582,457,11,2024-08-16,2024-08-19,Returned,West
2583,345,10,2024-03-04,2024-03-08,Completed,South
2584,350,6,2023-10-31,,Cancelled,South
2585,490,14,2024-06-25,2024-07-01,Completed,South
2586,68,14,2024-07-15,2024-07-16,Completed,South
2587,115,15,2024-04-24,,Cancelled,West
2588,485,15,2023-09-02,2023-09-03,Completed,West
2589,407,4,2024-02-21,,Cancelled,East
2590,483,6,2023-02-23,2023-02-25,Completed,South
2591,290,11,2024-12-25,2024-12-31,Completed,West
2592,336,7,2023-07-15,2023-07-19,Completed,West
2593,428,1,2023-02-03,2023-02-10,Completed,North
2594,126,3,2023-04-30,,Cancelled,West
2595,180,9,2023-05-27,,Cancelled,North
2596,211,8,2023-05-16,2023-05-19,Completed,East
2597,282,12,2024-10-14,2024-10-19,Completed,East
2598,470,15,2023-02-05,2023-02-10,Completed,West
2599,416,15,2024-08-02,,Cancelled,West
2600,409,15,2023-06-27,,Cancelled,West
2601,159,8,2023-04-28,2023-04-29,Completed,East
2602,4,13,2023-01-05,2023-01-08,Completed,North
2603,270,15,2023-11-16,2023-11-22,Completed,West
2604,349,6,2024-12-21,2024-12-28,Returned,South
2605,153,8,2023-10-06,2023-10-10,Completed,East
2606,213,6,2024-04-22,2024-04-28,Completed,South
2607,88,8,2024-11-28,2024-12-03,Returned,East
2608,377,7,2023-07-26,2023-07-31,Completed,West
2609,363,2,2024-03-12,2024-03-19,Completed,South
2610,229,12,2023-06-07,2023-06-09,Completed,East
2611,49,10,2023-02-15,2023-02-16,Returned,South
2612,24,3,2024-07-29,2024-08-03,Completed,West
2613,332,6,2024-05-03,,Cancelled,South
2614,416,3,2023-03-21,2023-03-28,Completed,West
2615,85,4,2024-04-22,2024-04-29,Completed,East
2616,82,14,2023-05-14,2023-05-19,Completed,South
2617,355,1,2023-07-02,2023-07-08,Completed,North
2618,326,11,2023-07-22,2023-07-25,Returned,West
2619,244,1,2023-12-12,2023-12-19,Completed,North
2620,139,12,2024-10-24,2024-10-30,Completed,East
2621,26,10,2023-01-10,,Cancelled,South
2622,117,15,2024-03-01,2024-03-04,Completed,West
2623,305,6,2023-02-03,2023-02-07,Completed,South
2624,499,3,2023-04-13,2023-04-16,Returned,West
2625,95,6,2024-02-10,2024-02-11,Completed,South
2626,137,5,2024-09-17,2024-09-19,Completed,North
2627,276,12,2023-09-06,2023-09-13,Returned,East
2628,128,12,2023-01-21,2023-01-23,Completed,East
2629,104,5,2024-09-11,,Cancelled,North
2630,498,12,2023-02-26,2023-03-01,Completed,East
2631,362,9,2023-11-22,2023-11-28,Completed,North
2632,329,4,2023-05-08,2023-05-13,Completed,East
2633,319,4,2023-11-10,2023-11-16,Completed,East
2634,286,5,2023-12-09,2023-12-11,Completed,North
2635,11,15,2023-08-27,2023-08-30,Completed,West
2636,217,8,2023-04-14,2023-04-16,Completed,East
2637,366,14,2023-06-11,2023-06-13,Completed,South
2638,65,6,2023-05-16,2023-05-17,Completed,South
2639,485,11,2023-11-29,,Cancelled,West
2640,37,1,2024-08-30,,Cancelled,North
2641,120,3,2024-05-12,,Cancelled,West
2642,422,10,2023-01-22,2023-01-28,Completed,South
2643,316,14,2023-04-23,2023-04-29,Completed,South
2644,333,5,2023-10-12,2023-10-14,Completed,North
2645,382,8,2023-05-18,2023-05-24,Completed,East
2646,224,1,2023-11-17,2023-11-20,Completed,North
2647,415,8,2024-11-14,2024-11-18,Returned,East
2648,382,12,2023-02-08,2023-02-09,Completed,East
2649,376,3,2023-02-21,2023-02-23,Returned,West
2650,51,7,2023-02-09,2023-02-16,Completed,West
2651,181,2,2024-06-24,2024-06-27,Returned,South
2652,389,6,2024-01-25,2024-01-27,Completed,South
2653,366,14,2023-06-10,2023-06-16,Completed,South
2654,80,12,2023-07-17,2023-07-19,Completed,East
2655,114,1,2024-02-14,,Cancelled,North
2656,146,5,2024-02-26,2024-02-27,Completed,North
2657,371,8,2024-04-05,2024-04-06,Completed,East
2658,24,11,2024-11-15,,Cancelled,West
2659,336,15,2023-08-03,,Cancelled,West
2660,428,9,2024-03-14,2024-03-21,Completed,North
2661,407,4,2023-01-19,2023-01-21,Returned,East
2662,286,13,2023-04-21,,Cancelled,North
2663,247,5,2023-01-13,2023-01-15,Completed,North
2664,30,10,2023-10-30,,Cancelled,South
2665,289,7,2024-08-04,2024-08-08,Completed,West
2666,128,12,2023-08-14,2023-08-15,Returned,East
2667,150,7,2023-11-17,2023-11-22,Completed,West
2668,290,15,2023-11-18,2023-11-22,Completed,West
2669,173,7,2024-04-08,2024-04-14,Completed,West
2670,381,14,2024-04-07,2024-04-09,Completed,South
2671,436,7,2024-06-03,2024-06-06,Completed,West
2672,23,1,2023-07-04,2023-07-09,Completed,North
2673,326,3,2024-08-20,,Cancelled,West
2674,156,9,2023-06-09,2023-06-11,Completed,North
2675,279,14,2023-07-15,2023-07-16,Returned,South
2676,188,4,2023-08-20,2023-08-27,Completed,East
2677,357,5,2024-01-25,2024-01-29,Returned,North
2678,310,7,2024-11-16,,Cancelled,West
2679,65,10,2024-01-23,2024-01-29,Returned,South
2680,343,6,2023-10-24,2023-10-25,Completed,South
2681,265,3,2023-04-24,,Cancelled,West
2682,472,3,2024-12-15,2024-12-17,Returned,West
2683,2,8,2023-11-16,2023-11-17,Completed,East
2684,339,15,2024-06-23,2024-06-24,Completed,West
2685,415,8,2024-02-04,2024-02-07,Completed,East
2686,114,5,2024-04-05,2024-04-08,Completed,North
2687,37,1,2024-01-30,2024-02-01,Completed,North
2688,360,3,2023-12-23,2023-12-27,Completed,West
2689,309,14,2024-10-21,2024-10-24,Completed,South
2690,226,9,2024-06-17,2024-06-21,Completed,North
2691,265,3,2024-04-23,2024-04-29,Completed,West
2692,409,15,2023-01-05,2023-01-09,Completed,West
2693,228,12,2023-04-16,2023-04-17,Completed,East
2694,138,8,2023-10-28,2023-11-04,Completed,East
2695,341,10,2024-11-10,,Cancelled,South
2696,373,7,2024-01-04,2024-01-05,Completed,West
2697,409,7,2024-01-29,2024-02-02,Returned,West
2698,54,13,2023-08-10,,Cancelled,North
2699,406,12,2024-07-27,2024-08-03,Completed,East
2700,48,9,2024-12-19,2024-12-21,Completed,North
2701,221,3,2024-01-10,2024-01-15,Completed,West
2702,237,5,2023-05-02,2023-05-03,Returned,North
2703,206,7,2024-08-29,,Cancelled,West
2704,339,7,2024-05-01,2024-05-08,Returned,West
2705,204,5,2024-01-06,2024-01-08,Completed,North
2706,474,7,2024-02-03,2024-02-04,Completed,West
2707,342,1,2023-03-27,2023-03-31,Completed,North
2708,236,4,2024-07-29,2024-08-05,Completed,East
2709,25,5,2024-11-01,2024-11-06,Completed,North
2710,245,7,2023-07-21,2023-07-23,Returned,West
2711,135,3,2024-05-20,2024-05-24,Returned,West
2712,311,5,2023-05-10,2023-05-17,Completed,North
2713,270,15,2023-10-22,2023-10-26,Completed,West
2714,123,14,2024-06-02,2024-06-05,Completed,South
2715,141,1,2023-09-07,2023-09-09,Completed,North
2716,117,7,2023-12-18,2023-12-25,Completed,West
2717,195,7,2024-04-17,,Cancelled,West
2718,213,10,2023-09-22,2023-09-28,Completed,South
2719,447,4,2023-03-18,2023-03-25,Completed,East
2720,363,2,2023-11-25,,Cancelled,South
2721,456,4,2024-05-08,,Cancelled,East
2722,489,5,2024-04-24,2024-04-25,Completed,North
2723,153,4,2024-07-02,2024-07-04,Completed,East
2724,234,12,2023-07-20,,Cancelled,East
2725,369,15,2023-10-03,2023-10-04,Returned,West
2726,111,13,2024-04-11,2024-04-13,Completed,North
2727,374,5,2023-07-30,2023-07-31,Completed,North
2728,204,5,2023-02-02,2023-02-07,Returned,North
2729,262,8,2023-08-17,2023-08-24,Completed,East
2730,367,7,2023-03-27,2023-04-02,Completed,West
2731,4,1,2024-09-23,2024-09-30,Completed,North
2732,279,14,2023-09-17,2023-09-18,Returned,South
2733,320,10,2023-12-28,2023-12-29,Completed,South
2734,17,12,2023-04-28,,Cancelled,East
2735,107,2,2023-01-14,2023-01-18,Completed,South
2736,124,11,2023-02-09,2023-02-15,Completed,West
2737,73,11,2023-07-22,2023-07-25,Completed,West
2738,16,2,2024-03-01,2024-03-05,Returned,South
2739,242,11,2023-01-10,2023-01-12,Completed,West
2740,466,10,2023-03-07,2023-03-11,Completed,South
2741,298,13,2023-01-05,2023-01-11,Completed,North
2742,336,3,2024-05-16,2024-05-19,Completed,West
2743,67,11,2023-04-09,2023-04-12,Completed,West
2744,313,15,2024-09-22,,Cancelled,West
2745,126,7,2023-05-17,2023-05-24,Returned,West
2746,99,13,2024-10-25,2024-10-31,Completed,North
2747,208,6,2023-12-15,2023-12-22,Returned,South
2748,469,8,2023-06-12,2023-06-15,Completed,East
2749,228,8,2024-06-28,,Cancelled,East
2750,466,10,2024-06-30,,Cancelled,South
2751,61,12,2024-03-18,2024-03-25,Completed,East
2752,394,11,2024-11-07,2024-11-10,Returned,West
2753,165,8,2024-05-22,,Cancelled,East
2754,304,12,2023-08-17,2023-08-23,Completed,East
2755,54,1,2024-02-03,2024-02-08,Completed,North
2756,60,7,2023-07-26,2023-08-01,Completed,West
2757,296,12,2024-08-23,,Cancelled,East
2758,380,1,2023-09-10,2023-09-17,Returned,North
2759,468,4,2023-08-05,,Cancelled,East
2760,263,3,2024-07-13,2024-07-20,Completed,West
2761,365,12,2023-01-09,2023-01-10,Returned,East
2762,351,11,2023-11-14,2023-11-15,Completed,West
2763,464,4,2024-03-12,2024-03-16,Completed,East
2764,201,3,2023-09-23,2023-09-26,Completed,West
2765,28,14,2024-09-12,2024-09-19,Returned,South
2766,409,3,2024-01-23,2024-01-28,Completed,West
2767,344,4,2024-12-04,2024-12-08,Completed,East
2768,112,14,2024-08-20,2024-08-22,Completed,South
2769,121,7,2024-02-23,,Cancelled,West
2770,477,15,2023-11-19,2023-11-21,Completed,West
2771,354,3,2023-07-12,2023-07-14,Completed,West
2772,406,12,2023-12-04,2023-12-09,Completed,East
2773,232,4,2023-06-02,2023-06-03,Completed,East
2774,410,8,2023-04-24,2023-04-25,Completed,East
2775,347,2,2024-03-04,2024-03-05,Completed,South
2776,198,11,2023-10-18,2023-10-23,Completed,West
2777,171,2,2023-05-10,2023-05-12,Completed,South
2778,119,7,2024-05-14,2024-05-21,Completed,West
2779,422,14,2023-02-06,2023-02-11,Completed,South
2780,370,6,2024-03-10,,Cancelled,South
2781,32,13,2024-01-19,2024-01-25,Completed,North
2782,396,3,2024-03-18,2024-03-22,Returned,West
2783,348,2,2023-06-26,2023-06-27,Completed,South
2784,17,8,2024-03-22,,Cancelled,East
2785,419,6,2024-08-25,2024-08-31,Returned,South
2786,296,8,2024-10-26,,Cancelled,East
2787,44,4,2023-06-27,2023-06-28,Completed,East
2788,453,6,2024-06-07,2024-06-13,Completed,South
2789,377,15,2023-06-20,,Cancelled,West
2790,339,3,2023-03-23,2023-03-27,Completed,West
2791,213,14,2024-01-10,,Cancelled,South
2792,420,12,2023-01-20,2023-01-24,Returned,East
2793,232,12,2024-04-21,2024-04-24,Returned,East
2794,246,13,2024-04-14,2024-04-18,Completed,North
2795,257,13,2023-06-06,,Cancelled,North
2796,352,2,2024-12-25,2025-01-01,Returned,South
2797,18,9,2024-02-01,2024-02-07,Returned,North
2798,326,3,2023-05-28,2023-06-02,Completed,West
2799,351,11,2023-09-01,2023-09-07,Completed,West
2800,285,12,2023-09-25,,Cancelled,East
2801,477,3,2024-04-27,2024-05-03,Completed,West
2802,486,3,2024-04-27,2024-04-28,Completed,West
2803,359,7,2024-10-25,2024-10-29,Completed,West
2804,499,3,2023-04-04,2023-04-11,Completed,West
2805,418,3,2024-05-23,,Cancelled,West
2806,148,12,2024-04-29,2024-05-05,Completed,East
2807,7,7,2024-09-26,2024-09-29,Completed,West
2808,232,12,2023-11-13,2023-11-20,Completed,East
2809,133,6,2023-02-27,2023-02-28,Completed,South
2810,235,7,2024-03-30,2024-04-06,Completed,West
2811,429,11,2023-12-18,2023-12-25,Completed,West
2812,307,2,2024-01-07,,Cancelled,South
2813,314,3,2024-06-11,2024-06-13,Completed,West
2814,131,11,2023-12-05,2023-12-10,Completed,West
2815,47,12,2023-02-28,2023-03-05,Returned,East
2816,313,11,2024-09-02,2024-09-09,Completed,West
2817,257,5,2023-02-23,2023-02-27,Returned,North
2818,76,15,2023-09-29,2023-10-02,Completed,West
2819,472,3,2024-09-16,2024-09-17,Completed,West
2820,198,3,2023-10-29,2023-11-03,Completed,West
2821,350,14,2023-07-04,2023-07-07,Completed,South
2822,217,8,2024-03-14,,Cancelled,East
2823,389,10,2023-03-12,2023-03-15,Completed,South
2824,370,6,2024-03-01,2024-03-07,Completed,South
2825,129,13,2023-09-13,,Cancelled,North
2826,431,9,2023-10-29,2023-11-03,Completed,North
2827,185,13,2024-07-21,2024-07-23,Completed,North
2828,337,15,2023-12-10,,Cancelled,West
2829,362,5,2024-04-05,2024-04-08,Returned,North
2830,367,15,2023-03-11,,Cancelled,West
2831,279,2,2024-05-18,,Cancelled,South
2832,214,4,2023-11-23,2023-11-26,Returned,East
2833,222,9,2024-12-26,2024-12-27,Completed,North
2834,268,6,2023-12-13,2023-12-14,Completed,South
2835,222,1,2023-11-20,,Cancelled,North
2836,456,4,2024-12-10,,Cancelled,East
2837,113,12,2023-06-21,,Cancelled,East
2838,224,9,2023-05-10,2023-05-17,Completed,North
2839,379,13,2023-01-30,2023-02-01,Returned,North
2840,426,11,2024-03-24,2024-03-30,Completed,West
2841,275,5,2023-08-16,2023-08-22,Completed,North
2842,99,5,2024-04-08,2024-04-14,Completed,North
2843,110,11,2024-06-27,2024-07-03,Completed,West
2844,160,7,2023-09-18,2023-09-25,Completed,West
2845,405,7,2024-08-15,2024-08-19,Completed,West
2846,213,14,2024-07-25,,Cancelled,South
2847,327,8,2024-02-14,2024-02-18,Returned,East
2848,153,8,2024-06-11,2024-06-14,Returned,East
2849,279,10,2023-12-27,,Cancelled,South
2850,482,10,2024-08-19,,Cancelled,South
2851,166,7,2023-03-02,2023-03-04,Completed,West
2852,262,4,2024-12-11,2024-12-13,Completed,East
2853,28,10,2024-07-15,2024-07-16,Completed,South
2854,106,13,2023-10-14,2023-10-17,Completed,North
2855,188,12,2024-03-17,2024-03-22,Returned,East
2856,291,10,2024-09-18,,Cancelled,South
2857,289,3,2024-03-29,2024-04-01,Completed,West
2858,354,11,2023-05-15,2023-05-22,Returned,West
2859,397,2,2024-02-08,2024-02-11,Returned,South
2860,323,12,2023-07-09,2023-07-12,Completed,East
2861,405,7,2024-04-29,2024-05-03,Returned,West
2862,97,11,2024-11-30,2024-12-02,Completed,West
2863,146,9,2023-01-10,2023-01-16,Returned,North
2864,428,1,2024-08-12,2024-08-13,Completed,North
2865,368,5,2023-12-29,2024-01-03,Completed,North
2866,70,5,2023-06-07,2023-06-10,Completed,North
2867,411,9,2024-04-29,2024-05-01,Completed,North
2868,219,14,2023-03-31,2023-04-04,Completed,South
2869,14,4,2024-09-26,2024-10-02,Completed,East
2870,304,8,2024-07-27,2024-07-29,Completed,East
2871,271,12,2023-03-13,,Cancelled,East
2872,19,7,2023-03-13,2023-03-15,Returned,West
2873,227,7,2023-08-28,2023-09-04,Completed,West
2874,48,1,2024-06-02,2024-06-05,Completed,North
2875,123,6,2023-06-12,2023-06-19,Completed,South
2876,15,8,2023-03-20,2023-03-25,Completed,East
2877,116,2,2024-01-22,2024-01-24,Returned,South
2878,340,15,2024-10-19,,Cancelled,West
2879,395,15,2023-02-01,2023-02-08,Completed,West
2880,144,8,2024-09-03,2024-09-07,Completed,East
2881,237,1,2023-01-30,2023-01-31,Completed,North
2882,25,13,2023-07-22,2023-07-24,Completed,North
2883,399,8,2023-10-28,2023-11-03,Completed,East
2884,308,1,2024-08-14,2024-08-16,Completed,North
2885,192,10,2023-10-08,2023-10-11,Completed,South
2886,458,12,2024-03-06,2024-03-08,Completed,East
2887,281,15,2023-07-20,2023-07-25,Completed,West
2888,356,7,2024-02-26,2024-03-01,Completed,West
2889,137,1,2024-02-07,2024-02-11,Completed,North
2890,117,3,2024-04-13,2024-04-16,Completed,West
2891,134,10,2024-06-09,2024-06-10,Completed,South
2892,410,4,2024-01-14,2024-01-16,Completed,East
2893,110,15,2023-03-12,2023-03-16,Completed,West
2894,205,12,2023-01-23,2023-01-26,Completed,East
2895,497,7,2024-01-24,,Cancelled,West
2896,102,11,2024-11-23,2024-11-29,Completed,West
2897,119,3,2023-03-30,2023-04-04,Completed,West
2898,65,2,2024-10-29,2024-11-05,Returned,South
2899,167,14,2023-01-22,,Cancelled,South
2900,350,10,2023-02-03,,Cancelled,South
2901,412,9,2023-01-20,2023-01-23,Completed,North
2902,415,8,2024-08-07,2024-08-13,Completed,East
2903,314,15,2024-03-14,,Cancelled,West
2904,67,15,2023-12-18,2023-12-23,Completed,West
2905,496,2,2024-10-25,2024-10-27,Completed,South
2906,161,12,2023-05-01,2023-05-07,Completed,East
2907,264,12,2024-05-13,2024-05-14,Returned,East
2908,7,15,2024-07-23,2024-07-25,Completed,West
2909,155,9,2023-04-03,2023-04-10,Returned,North
2910,328,4,2024-05-09,2024-05-15,Completed,East
2911,454,10,2024-01-23,2024-01-29,Completed,South
2912,444,14,2023-02-08,2023-02-13,Returned,South
2913,62,3,2023-11-04,2023-11-07,Completed,West
2914,389,14,2024-01-07,2024-01-09,Completed,South
2915,95,6,2024-05-23,2024-05-29,Returned,South
2916,324,4,2023-12-15,2023-12-17,Completed,East
2917,387,7,2024-02-20,2024-02-25,Completed,West
2918,208,14,2023-01-20,2023-01-25,Completed,South
2919,158,8,2024-11-15,,Cancelled,East
2920,382,8,2023-01-10,2023-01-15,Returned,East
2921,250,1,2024-06-24,2024-06-29,Returned,North
2922,494,5,2023-10-07,,Cancelled,North
2923,479,5,2024-09-22,2024-09-25,Completed,North
2924,345,10,2023-12-15,2023-12-18,Completed,South
2925,53,13,2024-08-23,2024-08-27,Completed,North
2926,224,5,2024-02-11,,Cancelled,North
2927,488,8,2023-12-20,2023-12-23,Completed,East
2928,222,9,2023-05-31,2023-06-02,Returned,North
2929,286,5,2024-05-08,2024-05-13,Returned,North
2930,205,12,2024-02-22,,Cancelled,East
2931,133,6,2023-06-03,,Cancelled,South
2932,346,7,2023-07-10,2023-07-17,Completed,West
2933,358,12,2023-02-24,2023-03-01,Completed,East
2934,137,5,2023-07-15,2023-07-22,Completed,North
2935,144,8,2024-02-13,2024-02-20,Returned,East
2936,250,1,2023-10-03,2023-10-05,Completed,North
2937,9,12,2024-10-04,2024-10-07,Completed,East
2938,341,6,2024-04-19,,Cancelled,South
2939,75,15,2023-07-22,2023-07-27,Returned,West
2940,114,13,2024-09-20,,Cancelled,North
2941,49,10,2024-08-18,2024-08-22,Returned,South
2942,203,8,2024-03-20,2024-03-26,Returned,East
2943,48,9,2024-08-04,,Cancelled,North
2944,95,10,2023-05-31,2023-06-04,Completed,South
2945,124,15,2023-10-30,2023-11-04,Completed,West
2946,404,12,2023-10-20,2023-10-23,Completed,East
2947,28,6,2023-04-04,2023-04-10,Completed,South
2948,193,4,2024-11-30,2024-12-02,Returned,East
2949,471,13,2023-10-02,,Cancelled,North
2950,409,3,2024-08-17,2024-08-18,Completed,West
2951,221,15,2023-01-24,2023-01-28,Returned,West
2952,474,15,2024-07-25,,Cancelled,West
2953,323,8,2023-04-04,2023-04-08,Completed,East
2954,12,12,2023-07-22,2023-07-23,Completed,East
2955,418,7,2023-10-06,2023-10-10,Completed,West
2956,452,1,2024-12-29,2024-12-31,Completed,North
2957,224,9,2023-03-31,,Cancelled,North
2958,47,12,2024-06-25,,Cancelled,East
2959,311,13,2024-06-04,2024-06-09,Completed,North
2960,77,6,2023-02-16,,Cancelled,South
2961,208,10,2023-07-01,2023-07-03,Completed,South
2962,17,4,2024-05-31,2024-06-01,Completed,East
2963,108,8,2023-11-14,2023-11-19,Completed,East
2964,133,14,2023-10-10,2023-10-14,Completed,South
2965,42,4,2023-07-01,2023-07-08,Completed,East
2966,283,13,2024-12-28,,Cancelled,North
2967,23,1,2023-11-06,2023-11-09,Completed,North
2968,367,15,2023-01-02,2023-01-09,Completed,West
2969,86,11,2024-05-08,2024-05-15,Completed,West
2970,95,10,2023-12-29,2023-12-30,Completed,South
2971,29,15,2024-10-31,2024-11-05,Completed,West
2972,450,9,2023-12-11,2023-12-16,Completed,North
2973,427,14,2024-06-29,2024-06-30,Completed,South
2974,436,7,2024-12-25,2025-01-01,Completed,West
2975,113,4,2023-05-24,2023-05-31,Completed,East
2976,289,11,2023-02-12,2023-02-13,Returned,West
2977,268,10,2024-01-30,2024-02-05,Completed,South
2978,17,12,2023-08-24,2023-08-28,Completed,East
2979,284,8,2023-02-19,2023-02-20,Returned,East
2980,374,5,2024-11-15,2024-11-21,Returned,North
2981,31,6,2023-11-29,2023-12-04,Completed,South
2982,221,3,2023-01-21,,Cancelled,West
2983,46,1,2023-05-25,2023-06-01,Completed,North
2984,403,9,2023-04-16,2023-04-21,Returned,North
2985,408,8,2023-02-13,,Cancelled,East
2986,465,1,2023-09-20,2023-09-27,Completed,North
2987,290,11,2023-01-31,2023-02-01,Completed,West
2988,175,15,2024-03-18,,Cancelled,West
2989,21,13,2023-09-22,2023-09-27,Completed,North
2990,233,14,2024-03-17,2024-03-20,Completed,South
2991,386,14,2024-09-11,2024-09-16,Completed,South
2992,206,3,2024-04-25,2024-05-01,Completed,West
2993,62,15,2024-02-01,2024-02-08,Completed,West
2994,470,15,2024-05-09,2024-05-10,Returned,West
2995,81,14,2024-05-17,2024-05-20,Returned,South
2996,421,13,2023-05-16,2023-05-17,Completed,North
2997,78,10,2024-02-04,2024-02-05,Completed,South
2998,93,3,2024-01-06,2024-01-09,Completed,West
2999,102,3,2023-07-12,2023-07-13,Returned,West
3000,340,7,2023-09-06,2023-09-08,Completed,West
